ID,ID_Entidad,Operacion,Tipo_Propiedad,Titulo,Descripcion,Fecha_Publicacion,Antiguedad,Apto_Credito,Amenities,Moneda,Precio_Valor,Moneda_Expensas,Expensas,Precio_m2_Total,Precio_m2_Cubierto,Ambientes,Dormitorios,Baños,Superficie_Total_m2,Superficie_Cubierta_m2,Direccion,Barrio,Ubicacion,Latitud,Longitud,Estado,ID_Interno,Link
500130,a1d631b1-3d0e-492f-baa3-779a6a02e87b,sale,local,"Local PB, SOTANO E/PISO y 1*PISO con sup 1030m2","Excelente local comercial en la calle Alsina a 100m de Av Cerrito, a metro de Av Rivadavia, AU 25 de Mayo.
Se trata de un excelente local desarrolado en Planta baja, entrepiso, sotano y un primer piso en excelente estado.
Se trata de dos UF 
1- UF 1. 
LOCAL, PB, ENTREPISO y SOTANO.
Local consta de una superficie cubierta de 277 m2 espacio para exposicion  
Entre piso consta de una superficie cubierta de 160m2  oficinas, baños y espacio guarda y acopio
Sotano con una superficie cubierta de 280m2 en perfecto estado.

Total superfice de 729m2 .

2-UF 2.
Primer piso con vista a calle con una superficie cubierta de 300m2 con ingreso interno y externo por dedificio.

Posee energia trifasica y monta carga.

Ideal importadora, textil, acopia y logistica etc.

Expensas $700.000- de ambas unidades funcionales.",,46.0,False,,USD,750000.0,ARS,360000.0,727.45,728.16,0,0,2,1031.0,1030.0,Alsina 1200,Monserrat,"Monserrat, Capital Federal",-34.611064928344,-58.384394645691,active,420281155-1255,https://www.remax.com.ar/listings/local-pb-sotano-e-piso-y-1-piso-con-sup-1030m2
572291,9195116e-0c7d-43b6-b299-bf1e724aff5c,sale,departamento_estandar,VENTA DEPARTAMENTO 1 AMB A ESTRENAR VILLA CRESPO.,"Departamentos en edificio a ESTRENAR en la mejor zona de Villa Crespo.

Gran oferta de locales de Gastronomía, a 250 m de Avenida Corrientes.
Cercanía con estación de subte ""Malabia"" de la Línea B.

Edificio de 7 pisos más terraza, unidades con balcón de 1, 2 y 3 ambientes disponibles!

BAJAS EXPENSAS!!

Características destacables:

- Pisos de porcelanato
- Amoblamiento de cocina con alacenas bajas y altas
- Baños con ducha
- Aberturas de PVC
- Agua caliente central

*Unidad de u$S 72.000 corresponde al 2C, contrafrente.

No dudes en consultar!",,0.0,False,,USD,72000.0,ARS,0.0,2482.76,2769.23,1,1,1,29.0,26.0,Acevedo 600,Villa Crespo,"Villa Crespo, Capital Federal",-34.5961431,-58.4375026,active,421291032-148,https://www.remax.com.ar/listings/venta-departamento-1-amb-a-estrenar-villa-crespo-3
619109,2505c8f0-6715-42d4-a357-229eb118449e,sale,ph,"VENTA PH EN FLORESTA 3 AMB, PATIO Y PARRILLA","PH lleno de detalles auténticos y encanto, en una zona tranquila de Floresta, a pasos de Av. Gaona y Av. Juan B. Justo. Sin expensas y con una distribución súper cómoda.
Una propiedad llena de detalles que la hacen verdaderamente especial. 

Son 3 ambientes amplios, distribuidos cómodamente en dos plantas, con entrada totalmente independiente y una hermosa combinación de luz, calidez y estilo.

Se ingresa por un patio privado con espacio perfecto para disfrutar al aire libre, equipado con parrilla y sector de lavadero. Desde allí entrámos directo al corazón de la casa: un living amplio con techos de bovedilla, puertas de doble hoja originales con banderola y celosias. Pisos ceramicos nuevos simil madera, que aportan calidez inmediata, y una salamandra impecable que le suma carácter y un encanto difícil de encontrar.
En planta baja, además, cuenta con un toilette refaccionado súper práctico, ideal para visitas o para uso diario.

La cocina es luminosa, cómoda y con buen lugar de guardado, conectada de forma fluida con los demás ambientes.

Accediendo por una comoda escalera, llegamos a la planta alta donde encontramos dos dormitorios muy luminosos conectados por un pasillo con pisos de pinotea original y tambien con aberturas y celosías originales en madera, impecablemente conservadas. Ambos ambientes con pisos ceramicos nuevos que tienen salida a un balcón corrido, que aporta ventilación cruzada, luz todo el día y una sensación de amplitud única.
En este nivel se ubica también el baño completo, renovado con materiales y terminaciones de calidad.

NO TE PIERDAS LA OPORTUNIDAD DE VISITARLO!!! 

NO APTO CREDITO",,66.0,False,Electricidad | Agua | Gas | Internet | Desague Cloacal | Televisión Satelital | Agua Corriente | Aire Acondicionado | Dormitorio | Comedor | Baño | Cocina | Patio | Placard | Parrilla | Disposición Interno | Balcón | Cocina/Comedor | Toilet | Living/Comedor,USD,149999.0,ARS,0.0,1119.4,1456.3,3,2,2,134.0,103.0,Sanabria 900,Floresta,"Floresta, Capital Federal",-34.6262383,-58.4902226,active,61273-55,https://www.remax.com.ar/listings/venta-ph-en-floresta-3-amb-patio-y-parrilla
607137,436d0ebb-d4c4-4a1e-8874-757846981757,sale,departamento_estandar,"Venta 4 Amb en V.Urquiza c/Garage, Patio y terraza","Venta ¡Excelente! departamento de 4 ambientes al frente, con patio, terraza y garaje en el barrio de Villa Urquiza. Listo para mudarse.

¡Tu nuevo hogar en Villa Urquiza te está esperando!

Venta de amplio departamento de 4 ambientes muy luminoso, con 3 dormitorios, 1 baño completo, 1 toilette con ducha, cocina independiente, garaje con entrada independiente, 2 patios y terraza de uso exclusivo. Listo para mudarse.

Ubicado en Planta Baja al frente, este departamento combina funcionalidad con encanto. Al ingresar nos encontramos con un pasillo, a su izquierda un amplio living-comedor con ventana al frente, brindando iluminación natural y ventilación.

El pasillo de entrada nos conduce a una cocina independiente y espaciosa, con excelente ventilación y espacio de guardado, con calefón a gas, conectada de un lado con el garaje y al otro a un hermoso patio, un ambiente acogedor y reservado para relajarse y disfrutar un momento tranquilo, perfecto para desconectar.

Por el pasillo de entrada, a la derecha y contiguo a la cocina, nos encontramos con un toilette de recepción, ventilando a una patio, que cuenta además con ducha y con otro pasillo muy iluminado con ventanales hacia el patio, que nos conduce a un espacio recibidor, ideal para biblioteca y/o escritorio. El mismo nos lleva a otro pequeño lugar que conecta los 3 dormitorios bien luminosos y aireados, ya que sus ventanas dan a los patios, con pisos de paruet y dos de ellos cuentan con placard  de piso a techo, con baulera. También está el baño completo con bañera y ventilación a uno de los patios.

Una de las habitaciones tiene salida a un pequeño patio equipado con pileta de lavar y lugar de tendido de ropa.

El garaje es independiente, tiene portón eléctrico y está conectado a la casa, se accede por un portón al frente. Tiene un gran entrepiso, un excelente lugar de guardado y bajo la escalera que conduce al entrepiso, hay un espacio lavadero con conexión de lavarropas.

Cuenta con una terraza propia descubierta de 79.33 m2, correspondiente a una unidad complementaria, con acceso externo al departamento. Un diferencial único que amplia notablemente las posibilidades de uso, disfrute y expanción.

Es una propiedad ideal para familias que buscan espacio y funcionalidad en una de las zonas más buscadas de CABA. Listo para mudarse.

Características destacadas:

4 ambientes bien distribuidos
2 Patios uno de ellos con pileta de lavar
Cocina independiente y bien equipada
Espacio lavadero con conexión para lavarropas
1 baño completo con bañera y ventilación a uno de los patios
1 toilette de recepción con duchador y ventilación al otro patio
3 dormitorios luminosos que dan a los patios
Terraza de uso exclusivo
Servicios individuales: luz, agua, gas
Departamento en P.B.
El valor de las expensas incluye Aysa.
Apto Crédito

Ubicación estratégica:

Capdevila al 3100, corazón de Villa Urquiza, una de las zonas más elegidas por su equilibrio entre tranquilidad y conectividad. A solo unas cuadras del subte B (estación Juan Manuel de Rosas), del Ferrocarril Mitre (estación Urquiza), y cerca de avenidas principales como Álvarez Thomas y Triunvirato. Acceso a múltiples líneas de colectivo, centros comerciales, colegios y plazas.

Se acepta permuta de menor valor y diferencia.

Invertí en calidad de vida. Viví con comodidad y conectividad.

Coordiná tu visita hoy mismo. Las oportunidades no esperan.


BENEFICIO EXCLUSIVO PARA CLIENTES REMAX: Si compras tu casa con RE/MAX y te falta hasta un 35% del valor podes acceder a un préstamo a través de LENDAR con mínimos requisitos y aprobación en sólo 7 días hábiles! El trámite es 100% online y sin bancos! Podes hacer la simulación de las cuotas en el link y calcular vos tu préstamo.
SI TENES QUE **VENDER PARA COMPRAR** PODEMOS AYUDARTE Y REALIZAR LA OPERACIÓN SIMULTÁNEA, con todo el respaldo de los profesionales NUMERO UNO EN EL MERCADO INMOBILIARIO!

""Las medidas son orientativas y las definitivas son las que surgen de la escritura"".

",,57.0,True,Electricidad | Gas | Desague Cloacal | Agua Corriente | Dormitorio | Baño | Cocina | Patio | Terraza | Lavadero | Placard | Disposición Frente | Toilet | Baulera | Living/Comedor,USD,265000.0,ARS,400000.0,1233.65,2233.08,4,3,1,214.81,118.67,Capdevila 3100,Villa Urquiza,"Villa Urquiza, Capital Federal",-34.5679902,-58.4915081,active,420691165-20,https://www.remax.com.ar/listings/venta-4-amb-en-v-urquiza-c-garage-patio-y-terraza
630352,ea5add0a-4414-4e6d-8a9d-c6b6459de90c,sale,departamento_estandar,VENTA DEPARTAMENTO 2 AMBIENTES. FLORES CON BALCÓN,"Departamento 2 ambientes con balcón y excelente vista – Flores

Ubicado en la calle Alberdi 2900 en el barrio de Flores, se ofrece este luminoso departamento de 2 ambientes en piso 1, con muy buena vista abierta.

La unidad cuenta con living-comedor con salida a balcón, ideal para disfrutar del aire libre, cocina a gas, habitación con placard y baño completo. Muy buena ventilación y luminosidad en todos los ambientes.

Excelente ubicación, con rápido acceso a múltiples medios de transporte: numerosas líneas de colectivo, cercanía a estación de subte y tren, lo que garantiza óptima conectividad hacia toda CABA y alrededores.

Ideal para vivienda o inversión. ¡Oportunidad en una de las zonas más buscadas de Flores!",,6.0,True,Electricidad | Agua | Gas | Internet | Teléfono | Desague Cloacal | Televisión por Cable | Alarma | Agua Corriente | Aire Acondicionado | Seguridad | Ascensor | Salón de usos múltiples - SUM | Recepción | Dormitorio | Comedor | Baño | Living | Lavadero | Placard | Parrilla | Orientación Norte | Disposición Frente | Balcón | Cocina/Comedor | ComYAmenCalefacción | Agua Potable,USD,79000.0,ARS,250000.0,1975.0,2078.95,2,1,1,40.0,38.0,Avenida Juan Bautista Alberdi 2900,Flores,"Flores, Capital Federal",-34.6336212,-58.4691048,active,421851005-115,https://www.remax.com.ar/listings/venta-departamento-2-ambientes-flores-con-balcon-1
602679,a8444207-394f-43bb-bbf5-119eefd5c46f,sale,departamento_estandar,DEPARTAMENTO 3 AMBIENTES EN VENTA PATERNAL - CABA,"Departamento de tres ambientes ubicado en planta baja sobre la Espinosa, en el corazón de Paternal. La propiedad ocupa 57 m² de superficie total, con 50 m² cubiertos y 6 m² semicubiertos que conforman un patio de uso exclusivo.

La distribución funcional incluye dos dormitorios, baño completo, cocina independiente y comedor, permitiendo una circulación práctica entre espacios. El acceso directo al patio desde la cocina brinda una ventaja adicional para aprovechar luz natural y ventilación cruzada.

Construido en 1980, el inmueble se encuentra en muy buen estado de conservación. El edificio de ocho pisos cuenta con servicios de electricidad y gas disponibles. La ubicación en planta baja facilita el acceso sin necesidad de ascensor, aspecto relevante para familias con niños o personas con movilidad reducida.

La zona de Paternal ofrece excelente conectividad, proximidad a comercios, transporte público y servicios. Esta propiedad resulta atractiva tanto para ocupación propia como para inversión, considerando su potencial de rentabilidad en un barrio consolidado y en demanda constante.

Apto para financiamiento bancario y apto profesional.",,46.0,True,Electricidad | Gas | Agua Corriente | Dormitorio | Comedor | Baño | Cocina | Patio,USD,75000.0,ARS,210000.0,1324.85,1490.76,3,2,1,56.61,50.31,Espinosa 2300,La Paternal,"La Paternal, Capital Federal",-34.6017553,-58.4648953,negotiation,421491041-33,https://www.remax.com.ar/listings/departamento-3-ambientes-en-venta-paternal-caba
570623,3868db9c-c52a-402b-b136-48e3e03f53bc,sale,departamento_duplex,DTO DUPLEX PREMIUM 3 AMB A ESTRENAR V LURO,"Tu Casa en las Alturas – Dúplex Premium a Estrenar en Villa Luro


Te invitamos a descubrir una propiedad única: un dúplex de 3 ambientes en altura, con diseño contemporáneo, excelentes terminaciones y una imponente terraza privada que redefine el concepto de vivir en la ciudad.

Ubicado en el corazón de Villa Luro, este exclusivo desarrollo ofrece confort, categoría y funcionalidad en un entorno moderno y seguro.

DISTRIBUCIÓN POR PLANTA

Piso 7
Master suite con vestidor y baño completo
Dormitorio secundario
Segundo baño completo
Balcón con vista abierta

Piso 8
Amplio living comedor
Cocina independiente con equipamiento de primera línea
Toilette de recepción
Balcón

Piso 9
Terraza privada de generosas dimensiones
Parrilla con frente guillotina
Lavadero independiente


Baulera espaciosa 
Cochera cubierta 
Posibilidad de segunda cochera  (opcional, no incluida en el valor publicado)

TERMINACIONES Y EQUIPAMIENTO
Interiores
Pisos de roble natural
Cielorrasos de hormigón a la vista
Carpintería de aluminio con DVH
Puerta de seguridad en acceso a unidad
Interiores de placard completos
Climatización central individual
Agua caliente central
Shootdown eléctrico por unidad

Baños
Griferías FV o similar
Artefactos sanitarios Ferrum o similar
Revestimientos en porcelanato de primera calidad
Mesadas de mármol
Bañera con mampara

Cocina
Anafe, horno empotrado y microondas (Ariston o similar)
Spar
Bajo mesadas foliados y alacenas en cover glass
Mesadas de granito
Divisiones en madera lustrada
Herrajes con sistema Hafele

Este dúplex no es solo una propiedad: es una experiencia de vida superior, pensada para quienes buscan calidad, diseño y comodidad.

¡Consultanos para agendar tu visita y conocer tu próximo hogar en Villa Luro!

SI TIENES QUE VENDER PARA COMPRAR, PODEMOS AYUDARTE Y REALIZAR LA OPERACIÓN SIMULTÁNEA

***BENEFICIO PARA CLIENTES****

Si te falta hasta un 30% del valor de esta propiedad, te ofrecemos solicitar
un préstamo a través de Lendar, servicio exclusivo para clientes RE/MAX.
Hace la simulación de tu cuota a través del simulador.
Las medidas, superficies y expensas consignadas en la presente son
aproximadas; y al solo efecto orientativo. Los datos definitivos son los que
surgirán del título de la propiedad y de los comprobantes respaldatorios.

Venta supeditada al cumplimiento por parte del propietario de los requisitos
de la resolución general Nº 2371 de la AFIP (pedido de COTI).

EL DESTINO QUE SOÑAS DEPENDE DE VOS!",,1.0,False,"Electricidad | Agua | Internet | Aire Acondicionado | Portón Automático | Seguridad | Pileta | Laundry | Ascensor | Áreas Verdes | Dormitorio | Comedor | Vestidor | Baño | Cocina | Living | Terraza | Lavadero | Quincho | Placard | Parrilla | Acceso de cochera, Horizontal | Disposición Frente | Balcón | Deck | Pileta | Toilet | Solarium | Baulera | Permite Mascotas | Living/Comedor",USD,509000.0,ARS,430000.0,3432.23,4669.72,3,2,2,148.3,109.0,Fonrouge 200,Villa Luro,"Villa Luro, Capital Federal",-34.6412977,-58.5134835,active,421451036-188,https://www.remax.com.ar/listings/dto-duplex-premium-3-amb-a-estrenar-v-luro
648403,7176501b-051f-4f30-8c08-744c677a37b4,sale,departamento_semipiso,Venta departamento 2amb Belgrano amenities cochera,"Venta departamento de 2 ambientes con balcon aterrazado, en edificio con amenities y cocheras. 

Emprendimiento venta de pozo, etapa de preventa. 
Las cocheras se venden por separado. 

Rivera Residence esta pensado para quienes buscan vivir en un edificio con pocos vecinos, donde todos se conocen, mas exlusivo, menos masivo, cuidando los detalles, la calidad y el diseño. 

Esta emplazado en terreno con doble frente, tendra solo 16 semipisos, de 2 y 3 ambientes, amplios y funcionales. Todos miran el frente, con balcones aterrazazos y espacios verdes. Los 2 ambientes de 66 m2 totales y los 3 ambientes de 93 m2.

Esta unidad se encuentra en 3° piso al frente. Cuenta con toilette mas baño completo, cocina integrada con mesada tipo isla,  lavadero integrado, living comedor con salida al balcon corrido, un dormitorio en suite con 2 placares, baño completo, y salida al balcon. 
La joyita es el balcon aterrazado de 11.7 m2 con parrilla electrica tromen, y cantero verde. 

Amenities: En piso 9° hay gimnasio, salon de usos multiples SUM, parrilla y terraza verde. 
En la azotea hay pileta con solarium, y jardin con pasto. 
En planta baja cocheras cubiertas, 1 simple y 6 dobles, y guardado de bicicletas

Ubicado en el barrio de Belgrano, sobre la calle Dr. Pedro Ignacio Rivera 2909, entre las Avenidas Cramer y Conesa. Su cercania a las avenidas Cabildo, Congreso, Monroe y Balbin, otorgan agil conectividad, y oferta de servicios. A pocas cuadras del Subte linea D, Tren Mitre estaciones Belgrano C y R, y a 15 minutios de Av Gral paz.

Aprovecha los valores de pre-venta! Ultimas unidades desde los usd 2300 x m2. 
Los 2 ambientes van desde usd 152,200. y los 3 ambientes desde usd 213,900.-

Consulta la forma de pago que mas se ajuste a tus posibilidades!. 
Anticipo: 40% en dolar billete, Saldo en 24 cuotas en Pesos, ajustados por indice UVA. 
La desarroladora ofrece Financiacion hasta 84 Cuotas desde usd 1580! 

Con el respaldo de una Desarolladora con mas 20 años de vasta trayectoria, y mas de 23 edificios construidos y entregados en CABA y PBA. Te invito ir a vistarlos! 

Excelente oportunidad para inversores y personas que eligen vivir con estilo y confort. 
No te pierdas de vivir en uno de los barrios mas buscados de la ciudad. 
",,0.0,False,"Electricidad | Agua | Internet | Desague Cloacal | Televisión por Cable | Televisión Satelital | Agua Corriente | Aire Acondicionado | Portón Automático | Gimnasio | Seguridad | Pileta | Ascensor | Salón de usos múltiples - SUM | Recepción | Áreas Verdes | Dormitorio | Baño | Terraza | Quincho | Sala de reuniones | Placard | Parrilla | Acceso de cochera, Horizontal | Disposición Frente | Balcón | Pileta | Cocina/Comedor | Toilet | Solarium | Permite Mascotas | Living/Comedor | Apto Turístico",USD,165500.0,ARS,0.0,2500.0,3036.7,2,1,1,66.2,54.5,Doctor Pedro Ignacio Rivera 2900,Belgrano,"Belgrano, Capital Federal",-34.5594903,-58.4662812,active,421141151-348,https://www.remax.com.ar/listings/venta-departamento-2amb-belgrano-amenities-cochera-1
617629,147616f0-1d48-46eb-acce-62b25b64f194,sale,ph,PH 2 Ambientes Venta Villa Pueyrredón FINANCIA,"PH 2 Ambientes Venta Villa Pueyrredón ACEPTA FINANCIACIÓN

Ubicado sobre Zamudio al 5000, en el tranquilo barrio de Villa Pueyrredón, con cercanía a espacios verdes, comercios, establecimientos educativos y múltiples medios de transporte. Una excelente oportunidad para quienes buscan vivir en un entorno residencial con la tranquilidad característica de los PH.

La propiedad forma parte de un complejo de solo 6 unidades, sin expensas y un agradable fondo parquizado de uso común, ideal para disfrutar del aire libre.

Cuenta con:

* Living de cómodas dimensiones.
* Comedor independiente.
* Cocina funcional.
* Dormitorio con buena ventilación natural.
* Baño completo.


Características destacadas:

* Complejo de solo 6 PH.
* Fondo parquizado de uso común.
* Ambientes bien distribuidos.
* Excelente potencial de actualización y personalización.

La propiedad se encuentra a refaccionar, representando una excelente oportunidad para quienes desean renovar y adaptar los espacios a su gusto, ya sea como vivienda permanente o inversión.

Una opción con gran potencial en uno de los barrios más buscados de la Cuidad!





Si te falta hasta un 30% del valor de esta propiedad, te ofrecemos solicitar un préstamo a través de LENDAR, servicio exclusivo para clientes RE/MAX. Hace la simulación de tu cuota a través del simulador.

www.lendar.com.ar

Superficies a verificar por mensura. Apto crédito dependiendo los requisitos de la entidad otorgante.",,45.0,False,,USD,104000.0,ARS,0.0,1762.11,2048.05,2,1,1,59.02,50.78,Zamudio 5000,Villa Pueyrredón,"Villa Pueyrredón, Capital Federal",-34.5798968,-58.4990353,active,421101108-134,https://www.remax.com.ar/listings/ph-2-ambientes-venta-villa-pueyrredon-financia
615718,f3edb730-9021-472c-b414-39b98dd58459,sale,oficina,VENTA OFICINA SAN NICOLAS,"Oficina en venta – San Nicolás

Excelente oficina ubicada en el corazón de San Nicolás, una de las zonas comerciales y administrativas más importantes de la Ciudad de Buenos Aires. Su distribución funcional la convierte en una opción ideal para estudios profesionales, empresas, consultoras o cualquier actividad que requiera espacios de trabajo independientes.

La propiedad cuenta con dos oficinas privadas, amplias y luminosas, además de un tercer ambiente opcional que puede destinarse como sala de reuniones, despacho gerencial, archivo o espacio de coworking, adaptándose a las necesidades de cada empresa.

Dispone de baño privado y una kitchenette, brindando comodidad y practicidad para el trabajo diario.

Su excelente ubicación ofrece rápido acceso a múltiples medios de transporte, cercanía a bancos, organismos públicos, comercios y una amplia oferta gastronómica, facilitando la dinámica laboral.

Características principales:

2 oficinas privadas.
1 ambiente adicional de usos múltiples.
Baño privado.
Kitchenette.
Excelente ubicación en San Nicolás.
Ideal para estudios profesionales, consultoras y empresas.

CON RENTA HASTA OCTUBRE DEL 2026",,46.0,False,,USD,64900.0,ARS,200000.0,729.21,729.21,0,0,2,89.0,89.0,Lavalle 600,San Nicolás,"San Nicolás, Capital Federal",-34.6023296,-58.3759856,active,420041491-178,https://www.remax.com.ar/listings/venta-oficina-san-nicolas
631566,85ae71f1-9b36-4e1d-8742-fa8027586c5d,sale,departamento_semipiso,VENTA DPTO  EN RECOLETA 5 AMBIENTES,"DEPARTAMENTO SEMIPISO 5 AMBIENTES EN VENTA RECOLETA CAPITAL FEDERAL 


DISTRIBUCIÓN Y ESPACIOS

El semipiso desarrolla 147 m² de superficie total, con 139 m² cubiertos que se distribuyen en 5 ambientes de generosa proporción. La disposición frente permite una circulación natural entre espacios y aprovecha la orientación norte para iluminación natural durante todo el día.

• Cuatro habitaciones 
• Living comedor 
• 1 baño completo y 1 baño con ducha 
• Cocina comedor con desayunador
• Dependencia de servicio con baño
• Lavadero independiente
• Baulera en planta baja
• Balcón luminoso
• Dos puertas blindadas


UBICACIÓN PRIVILEGIADA

Situado en la Avenida Santa Fe, una de las arterias más dinámicas de Recoleta, el departamento se encuentra en el piso 3 de un edificio de 13 pisos con excelente acceso a transporte, comercios, gastronomía y servicios. La zona consolida su valor como referente inmobiliario de la ciudad.



CARACTERÍSTICAS CONSTRUCTIVAS

Edificio de 1969 con estructura sólida y mantenimiento continuo. El departamento se encuentra en buen estado general, apto para ocupación inmediata o refacción según preferencias del comprador. Permite mascotas, ampliando las posibilidades de uso residencial.

OPORTUNIDAD DE INVERSIÓN
 La ubicación estratégica en Recoleta, combinada con la amplitud de ambientes y servicios del edificio como la loza radiante  posiciona la propiedad como opción sólida para inversores y familias que buscan residencia en zona premium.

El equipo RE/MAX a cargo de los profesionales matriculados C. Arnal Ponti C.P.I. 3570 y Claudio Rudecindo CSI 6807 se encuentra disponible para brindar información adicional y coordinar visitas.

Nota: Los metros publicados son aproximados. Los valores reales surgen de la escritura. Esta publicidad respeta lo establecido en los artículos 4 y 8 de la Ley 24.240. En cumplimiento de las leyes provinciales vigentes que regulan el corretaje inmobiliario, Ley Nacional 25.028, Ley 22.802 de Lealtad Comercial, Ley 24.240 de Defensa al Consumidor, las normas del Código Civil y Comercial de la Nación y Constitucionales, los agentes no ejercen el corretaje inmobiliario. Todas las operaciones inmobiliarias son objeto de intermediación y conclusión por parte de los martilleros y corredores colegiados.",,57.0,False,Ascensor | Dormitorio | Comedor | Vestidor | Baño | Cocina | Living | Estudio | Lavadero | Placard | Desayunador | Orientación Norte | Disposición Frente | Balcón | Cocina/Comedor | Toilet | Habitación de Servicio | Otro | Baulera | Permite Mascotas | Living/Comedor,USD,295000.0,ARS,500000.0,2007.75,2121.84,5,4,2,146.931,139.03,Avenida Santa Fe 1200,Recoleta,"Recoleta, Capital Federal",-34.595663773602,-58.384786248207,active,221243-3,https://www.remax.com.ar/listings/venta-dpto-en-recoleta-5-ambientes
581256,be2f550a-4bcd-48a6-a1bc-8c322fc6d982,sale,casa,VENTA CASA LOTE PROPIO FLORES - OPORTUNIDAD - LOTE,"Casa lote propio en Flores – 3 Ambientes – Capital Federal


Medida de lote: 7.58 x 8.70

Edificabilidad
. Unidad de Edificabilidad / Corredor: Unidades de Sustentabilidad de Altura Media | U.S.A.M (Ley 6361 Art.
6.2)
. Altura Máxima: 17,2mts (Ley 6361 Art. 6.2)


Propiedad de época de 76 m² ubicada en una zona estratégica del barrio de Flores, con gran potencial de inversión, remodelación o desarrollo profesional. Su distribución funcional conserva el encanto de la arquitectura de mediados del siglo XX, combinando comodidad y versatilidad.

La vivienda cuenta con dos dormitorios, cocina integrada, baño completo y una amplia terraza que aporta espacio adicional y múltiples posibilidades de uso. Su orientación permite una excelente ventilación e iluminación natural durante todo el día.

Representa una excelente oportunidad para inversores, profesionales independientes o familias pequeñas que buscan una propiedad con potencial de actualización y valorización. Dispone de servicios esenciales: agua corriente, electricidad y demás servicios básicos.

Ubicada sobre Castañón, ofrece fácil acceso a medios de transporte, comercios, centros educativos y diversos servicios de la zona.

Ideal para quienes buscan combinar vivienda y espacio de trabajo, o para desarrollar un proyecto de renovación en una ubicación con gran proyección y conectividad.

Transportes Cercanos
Colectivos:	4, 7, 8, 46, 50, 53, 56, 57, 76, 86, 88, 91, 96, 97, 101, 103, 132, 141, 180, 195
Subtes (Metro):	BALBASTRO (Cementerio de Flores) (Premetro), INTENDENTE SAGUIER (Premetro), PLAZA DE LOS VIRREYES - EVA PERON (Línea E)
Datos útiles
Barrio:	Flores
Comuna:	Comuna 7
Área Hospitalaria:	HTAL. DR. P. PIÑERO
Comisaría Comunal:	7
Comisaría Vecinal:	7A
Distrito Escolar:	Distrito Escolar XI
Código Postal:	1406",,76.0,False,Electricidad | Agua | Gas | Dormitorio | Comedor | Baño | Cocina | Terraza | Orientación Sur | Orientación Oeste | Orientación Norte | Orientación Este | Disposición Frente,USD,95000.0,ARS,,1250.0,1250.0,3,2,1,76.0,76.0,Castañón 1400,Flores,"Flores, Capital Federal",-34.6447469,-58.4566673,active,420261139-248,https://www.remax.com.ar/listings/venta-casa-lote-propio-flores-oportunidad-lote
614865,9ae728bc-9558-41fa-bf8a-8ffd9c4a773e,sale,departamento_semipiso,VENTA DEPARTAMENTO DE CATEGORIA RECOLETA,"En una de las cuadras más elegantes de Recoleta, entre Juncal y Arroyo, a metros de Av. Alvear: un piso 8° de categoría con 167 m² cubiertos y balcón terraza al frente, orientación Este, en un edificio clásico de la década del 70 que conserva la nobleza de aquellas construcciones  techos altos, materiales de época y una impronta que hoy no se consigue.

La unidad se despliega en ambientes amplios y luminosos, con muy buena entrada de luz natural durante la mañana gracias a su orientación este. El balcón terraza al frente aporta un espacio exterior propio, se aprecia la Embajada de Francia y sus cúpulas de época, con vistas abiertas poco habitual en unidades de esta categoría.
Cochera propia, en un edificio con portería permanente que garantiza tranquilidad y buena administración.

El dormitorio principal cuenta con baño en suite propio al frente, un segundo dormitorio con balcón también da al frente y un tercer dormitorio que da al contra frente , dos baños completos. Suma además dependencia de servicio compuesta por dos habitaciones con baño propio, con múltiples usos posibles: home office, vestidor, cuarto de huéspedes.",,50.0,False,"Losa Radiante | Dormitorio | Comedor | Baño | Cocina | Living | Lobby | Placard | Orientación Este | Acceso de cochera, Horizontal | Disposición Frente | Balcón | Toilet | Habitación de Servicio | Baulera",USD,670000.0,ARS,1300000.0,3563.83,4011.98,4,3,2,188.0,167.0,Cerrito 1300,Recoleta,"Recoleta, Capital Federal",-34.5922042,-58.3829702,active,221210-47,https://www.remax.com.ar/listings/venta-departamento-de-categoria-recoleta
626548,7eff696f-5dd5-4cc7-b1e1-fc07713dcbf9,sale,departamento_monoambiente,VENTA MONOAMBIENTE EXC. ESTADO EN VILLA CRESPO,"Luminoso monoambiente con balcón en edificio de excelente estado.

Ubicado en un segundo piso lateral y orientación noroeste, este departamento se destaca por su gran luminosidad y su funcional distribución. Cuenta con cocina integrada al ambiente principal, baño completo de cómodas dimensiones y conexión para lavarropas. El balcón aporta ventilación y luz natural, generando un espacio ideal para disfrutar al aire libre.

El edificio tiene aproximadamente 20 años de antigüedad y se encuentra muy bien conservado. Dispone de ascensor camillero y sistema de seguridad con tótem. Además, posee bajas expensas, las cuales incluyen AYSA. El edificio a su vez, posee encargado con vivienda.

Se encuentra ubicado sobre Remedios de Escalada de San Martin entre Espinosa y Cucha Cucha, a tan solo media cuadra de Av. San Martin y a una cuadra de Av. Juan B. Justo, lo cual lo destaca por su cercanía al metrobus.

Una excelente oportunidad tanto para vivienda como para inversión!
No dejes de visitarlo, si necesitas vender para comprar, contáctate con nosotros y te asesoramos!",,21.0,False,Electricidad | Agua | Gas | Seguridad | Dormitorio | Baño | Balcón | Cocina/Comedor,USD,69000.0,ARS,90000.0,2283.26,2555.56,1,0,1,30.22,27.0,Remedios Escalada de San Martín 1000,Villa Crespo,"Villa Crespo, Capital Federal",-34.6043501,-58.4565933,reserved,421001014-51,https://www.remax.com.ar/listings/venta-monoambiente-exc-estado-en-villa-crespo
629635,07c6ba36-42e7-40bc-828d-879a8bd11a03,sale,departamento_estandar,VENTA 3 AMBIENTE. CON COCHERA/BAULERA,"
* Departamento 3 ambientes con cochera y baulera – Flores

Ramón Falcón 4044, Flores

Excelente departamento de 3 ambientes, ubicado en una muy buena zona del barrio de Flores, con fácil acceso a medios de transporte, comercios, colegios y todos los servicios.

La propiedad cuenta con amplio y luminoso living comedor, cocina independiente, dos dormitorios y baño completo. Sus ambientes ofrecen una distribución cómoda y funcional, ideal tanto para vivienda familiar como para inversión.

Además, dispone de cochera propia y baulera, dos prestaciones muy buscadas que aportan comodidad y espacio de guardado.

 Ubicación: Ramón Falcón 4044 – Flores

 3 ambientes
 Cochera
 Baulera
 Pileta
 Solárium
 Vigilanci
 Excelente oportunidad en Flores

Consultanos para coordinar una visita.

Mejora la precisión en redacción y trabajo profesional



",,36.0,True,"Electricidad | Agua | Gas | Internet | Desague Cloacal | Televisión Satelital | Agua Corriente | Dormitorio | Comedor | Baño | Cocina | Living | Lavadero | Placard | Acceso de cochera, Horizontal | Disposición Contrafrente | Balcón | Baulera | Permite Mascotas | Agua Potable",USD,165000.0,ARS,450000.0,2719.63,2869.57,3,2,1,60.67,57.5,Coronel Ramón Lorenzo Falcón 4000,Floresta,"Floresta, Capital Federal",-34.6356915,-58.4834023,active,421241010-305,https://www.remax.com.ar/listings/venta-3-ambiente-con-cochera-baulera
652535,b5e0265e-3957-4f7a-84bb-e8a9fe990d69,sale,casa_triplex,VENTA CASA DE 6 AMB - VILLA DEL PARQUE CON TERRAZA,"CASA TRÍPLEX EN VENTA – VILLA DEL PARQUE CON TERRAZA PROPIA Y PARRILLA 


Casa de tres plantas ubicada sobre Helguera en Villa del Parque, distribuida en 6 ambientes. Propiedad luminosa y cuidada en cada detalle, ideal para quien busca una vivienda funcional con excelente distribución, ambientes cómodos y terraza con parrilla, sobre LOTE PROPIO

En planta baja encontramos un amplio living comedor integrado a la cocina, generando un gran espacio social abierto y luminoso. La cocina cuenta con mesada de granito negro, mobiliario símil madera, anafe a gas, amplio espacio de guardado y espacio para lavavajilla. Completa la planta un toilette de recepción. Los pisos de porcelanato símil madera aportan calidez y continuidad a todo el ambiente.

El primer piso está destinado al sector privado y cuenta con dos dormitorios, escritorio independiente y baño completo, además de una habitación principal en suite con vestidor y baño privado. 

En la última planta encontramos un amplio playroom, un espacio adicional de guardado/lavadero y una terraza propia con parrilla, que suma un excelente lugar de expansión y encuentro al aire libre.

Es una propiedad que sorprende por sus espacios, su luminosidad y la sensación de amplitud que se mantiene en cada una de sus plantas.

Una casa con carácter y una distribución muy completa, pensada en cada detalle para quienes buscan algo diferente en Villa del Parque.

Consúltanos

Superficie aproximada sujeta a mensura ",,19.0,False,,USD,350000.0,ARS,,2058.82,2364.86,6,3,2,170.0,148.0,Helguera 2200,Villa del Parque,"Villa del Parque, Capital Federal",-34.6085296,-58.4877261,active,421341157-23,https://www.remax.com.ar/listings/venta-casa-de-6-amb-villa-del-parque-con-terraza
632942,61366f1a-2026-4b13-81f7-bbd60692daa5,sale,departamento_estandar,Departamento 2 ambientes  VENTA - Balvanera,"DEPARTAMENTO 2 AMBIENTES PASTEUR ONCE CAPITAL FEDERAL - APTO CRÉDITO

Departamento de 65 m² ubicado estratégicamente en el corazón de Once, sobre la calle Pasteur. Emplazado en el cuarto piso de un edificio sólido, representa una inversión inmobiliaria de alto potencial para inversores y primeros compradores.

CARACTERÍSTICAS PRINCIPALES

• Superficie total de 65 m² (63 m² cubiertos, 2 m² semicubiertos)
• Distribución funcional en dos ambientes
• Construcción sólida del año 1965
• Ubicación privilegiada en zona de alta demanda

DISTRIBUCIÓN INTERIOR

• Living comedor amplio con salida a balcón frontal
• Dormitorio principal con placard empotrado
• Cocina independiente con ventilación natural
• Baño completo
• Lavadero separado

UBICACIÓN ESTRATÉGICA

• Acceso inmediato a transporte público
• Proximidad a universidades
• Cercanía a centros médicos y comerciales
• Zona de alta conectividad urbana

CONDICIÓN DE OCUPACIÓN

• Actualmente alquilado hasta septiembre de 2026
• Contrato vigente que garantiza renta inmediata
• Excelente oportunidad de inversión con flujo de ingresos asegurado

DETALLES TÉCNICOS

• Edificio de 6 pisos
• Ubicación en 4to piso
• Orientación frente
• Estado de conservación óptimo

Propiedad ideal para inversores que buscan un inmueble con potencial de valorización en una zona dinámica de Capital Federal. Oportunidad de inversión con rendimiento proyectado y ubicación premium.",,61.0,True,,USD,65000.0,ARS,85000.0,998.46,1030.11,2,1,1,65.1,63.1,Pasteur 400,Once,"Once, Capital Federal",-34.6037444,-58.399445,reserved,420251295-50,https://www.remax.com.ar/listings/departamento-2-ambientes-venta-balvanera
645830,3931051d-dbba-4585-80cf-a60e8958398d,sale,departamento_piso,VENTA 4 AMB C/DEP  COCHERA  BAULERA PISO  CAÑITAS,"PISO DE 4 AMBIENTES CON DEPENDENCIA, ESTAR INTIMO, COCHERA Y BAULERA EN LA MEJOR CUADRA DE LAS CAÑITAS
EDIFICIO PREMIUM: ""PISOS DE LA IMPRENTA""

EL EQUIPO REMAX TE INVITA A CONOCER ESTA PROPIEDAD UBICADA EN LA MEJOR CUADRA DEL  EXCLUSIVO BARRIO DE LAS CAÑITAS, A TAN SOLO DOS CUADRAS DE LIBERTADOR, DE LUIS MARIA CAMPOS Y DE OLLEROS.  A UNA CUADRA DEL SHOPPING SOLAR DE LA ABADIA, CERCANO A LOS BOSQUES DE PALERMO, EL HIPODROMO Y AL CAMPO ARGENTINO DE POLO
LA ZONA SE DESTACA POR LA GRAN OFERTA GASTRONOMICA QUE OFRECE Y QUE LA POSICIONA ENTRE LAS UBICACIONES MAS BUSCADAS DE LA CIUDAD, ADEMAS DE CONTAR CON NUMEROSOS COMERCIOS DE VARIADOS RUBROS.

ESTE DEPARTAMENTO ESTA EN EL CUARTO   PISO Y ESTA ORIENTADO AL OESTE POR EL FRENTE Y AL ESTE  EL  CONTRAFRENTE .

ESTA PROPIEDAD UNICA SE DESTACA POR SU DISEÑO Y NOBLE CALIDAD CONSTRUCTIVA DE EXCEPCIONAL GUSTO. CUENTA CON DOS ENTRADAS: UNA POR EL LIVING Y OTRA POR LA COCINA.  POSEE DOBLE CIRCULACION.

DESCRIPCION:

ENTRADA PRINCIPAL: SE INGRESA AL LIVING COMEDOR A TRAVEZ DE UN ELEGANTE PALIER PRIVADO QUE ANTICIPA LA CATEGORIA DEL DEPARTAMENTO.
-LIVING COMEDOR: EL LIVING COMEDOR ES APAISADO ,UN ESPACIO IMPONENTE QUE DESTACA POR  SUS PISOS  DE MADERA TARUGADA DE EXCELENTE CALIDAD , LAS PAREDES  FINAMENTE REVESTIDAS CON MADERA DE ROBLE ALTERNANDO CON ESPEJOS QUE APORTAN PROFUNDIDAD Y LUMINOSIDAD Y VAJILLEROS EMPOTRADOS REALIZADOS A MEDIDA EN LA MISMA MADERA. TODO EL FRENTE DEL LIVING ES RECORRIDO POR UN GRAN VENTANAL QUE CONECTA A UN BALCON ATERRAZADO QUE DA AL FRENTE. EL LIVING POSEE AIRE ACONDICIONADO.
- BALCON: IDEAL PARA DISFRUTAR DE LA VISTA 
- TOILETTE DE RECEPCION  DE DISEÑO IMPECABLE ASISTIDO POR UN COMODO PLACARD DE RERCEPCION
- COCINA CON COMEDOR DIARIO INDEPENDIENTE: DE GRANDES DIMENSIONES Y CON ENTRADA DE SERVICIO. LA MISMA POSEE UN GRAN VENTANAL LO QUE ASEGURA LA AIREACION. POSEE ANAFE Y HORNO EMPOTRADO, AMBOS A GAS.  MESADA DE MARMOL  AMPLIA. GRAN ESPACIO DE GUARDADO EN MUEBLES ALTO Y BAJO MESADA. CONEXIÓN PARA LAVAVAJILLA.

AREA DE SERVICIO: INCLUYE:
 -LAVADERO  CON VENTANA AL EXTERIOR QUE PERMITE AIREACION. CON CONEXIÓN PARA LAVARROPA. 
 - BAÑO DE SERVICIO COMPLETO 
 -HABITACION DE SERVICIO CON GRAN PLACARD EMPOTRADO DE PARED A PARED, LA MISMA PUEDE SER 
   UTILIZADA COMO ESCRITORIO

AREA PRIVADA: UN AMPLIO PASILLO  DE DISTRIBUCION CONECTA  A LA ZONA PRIVADA
-	ESTAR INTIMO: ES AMPLIO  Y TIENE GRANDES VENTANALES VIDRIADOS AL EXTERIOR Y ESTA PLANTEADO 
   COMO UN CONFORTABLE Y COMODO  LIVING CON SILLONES  EMPOTRADOS DE DISEÑO . ESTE ESPACIO 
   PODRIA SER UTILIZADO COMO PLAY ROOM, ESCRITORIO O  COMO ESPACIO PARA HOME OFICCE.
-	MASTER SUITE: AMPLIO DORMITORIO PRINCIPAL EN SUITE CON  VESTIDOR  Y BAÑO COMPLETO CON 
    HIDROMASAJE. 
-	DORMITORIOS SECUNDARIOS: SON DOS HABITACIONES QUE SE DESTACAN POR SER MUY AMPLIAS CADA 
    UNA DE ELLA POSEE UN ESCRITORIO EMPOTRADO DE DISEÑO Y AMPLIOS PLACARES DE PARED A 
    PARED.GRANDES VENTANALES Y COMPARTEN UN BAÑO COMPLETO.

EL DEPARTAMENTO TIENE UNA COCHERA FIJA Y CUENTA CON BAULERA.



DETALLES DEL DEPARTAMENTO:

-	AGUA CALIENTE POR TERMOTANQUE INDIVIDUAL A GAS
-	CALEFACCION: POR LOSA RADIANTE INDIVIDUAL A GAS
-	AIRE ACONDICIONADO EN TODOS LOS AMBIENTES
-	LOS PISOS DE LA ZONA PRIVADA  SON MARCA PATAGONIA FLOORING Y FUERON RECIENTEMENTE
    RECICLADOS.
-	LAS PUERTAS DE ACCESO AL DEPARTAMENTO SON BLINDADAS MARCA PENTAGONO


DETALLES DEL EDIFICIO:

-	ENCARGADO CON VIVIENDA
-	SEGURIDAD POR TOTEM.


CONECTIVIDAD: EXCELENTE CONECTIVIDAD DE TRANSPORTE CON EL RESTO DE LA CIUDAD.
COLECTIVOS: 29, 59,60,118,15,42,55,64

ESTE DEPARTAMENTO SE PUEDE ADQUIRIR AMOBLADO( NO INCLUIDO EN EL PRECIO ).

MIRA EL VIDEO!!!!!!!

SI PARA COMPRAR ESTA PROPIEDAD TENES QUE VENDER PODEMOS TASAR TU PROPIEDAD Y REALIZAR LA OPERACIÓN CONJUNTA.

LLAMANOS Y COORDINA UNA VISITA, ESTE PUEDE SER EL HOGAR DE TUS SUEÑOS Y TE ESTA ESPERANDO.

Todas las operaciones son realizadas por el Martillero y Corredor Público. Los agentes no ejercen el corretaje inmobiliario. Corredor responsable: VERONICA GRELA REINA Toda foto y/o gráfico es de carácter no contractual. Toda información es a sólo efecto orientativo. Las medidas, superficies, metrajes y proporciones informados son aproximados, las medidas reales surgirán del título de propiedad respectivo.
",,33.0,False,Electricidad | Agua | Gas | Aire Acondicionado | Seguridad | Ascensor | Dormitorio | Comedor | Vestidor | Baño | Cocina | Living | Lavadero | Placard | Orientación Oeste | Disposición Frente | Balcón | Cocina/Comedor | Toilet | Habitación de Servicio | Baulera | Permite Mascotas | ComYAmenCalefacción | Living/Comedor,USD,590000.0,ARS,965000.0,3707.43,3958.14,4,3,3,159.14,149.06,Soldado de la Independencia 900,Las Cañitas,"Las Cañitas, Palermo, Capital Federal",-34.5662025,-58.4365854,active,420671124-54,https://www.remax.com.ar/listings/venta-4-amb-c-dep-cochera-baulera-piso-canitas
639333,ef2a5ba0-58a8-42d2-a44a-083cc1d3de30,sale,oficina,VENTA DEPTO 2 AMB PATIO APTO COMERCIAL  SEG 24 HS,"VENTA 2 AMBIENTES CON PATIO EN MICROCENTRO – APTO VIVIENDA, PROFESIONAL Y COMERCIAL

Excelente oportunidad en pleno Microcentro porteño, sobre Suipacha y Lavalle, con salida inmediata a la estación de Subte Lavalle y excelente conectividad hacia toda la ciudad.

Ubicado en un primer piso al frente, este 2 ambientes ofrece una agradable vista abierta hacia un elegante edificio de estilo y arboleda urbana, dentro de una de las cuadras peatonales más renovadas y buscadas de la zona.SEGURIDAD PRESENCIAL 24 HS.

La unidad cuenta con:

* Living comedor
* Dormitorio amplio
* Patio propio
* Cocina integrada, práctica y funcional, discretamente incorporada detrás de un mueble con espejo
* Horno a gas
* Baño con ducha

El edificio posee ingreso moderno mediante puerta con código y seguridad presencial las 24 horas, combinando practicidad, diseño y tranquilidad.

Ideal tanto para vivienda permanente como para estudio profesional, showroom, oficina comercial o inversión para renta tradicional o temporaria.

La zona combina arquitectura clásica, movimiento urbano y una creciente renovación gastronómica y comercial, convirtiéndose en una excelente opción para vivir o invertir en el corazón de la ciudad.

Con excelente conectividad, la propiedad se encuentra a metros de la estación de Subte Lavalle y con rápido acceso a las líneas B, C y D, además de múltiples líneas de colectivo y Metrobus, facilitando el traslado hacia distintos puntos de la ciudad.

Ubicación privilegiada, cercana a algunos de los puntos más emblemáticos de Buenos Aires, como Galerías Pacífico, Calle Florida, Teatro Colón, Obelisco, Puerto Madero y una amplia propuesta gastronómica, comercial y cultural del tradicional Microcentro porteño.

Apto vivienda, profesional y comercial.",,41.0,False,Electricidad | Agua | Gas | Dormitorio | Baño | Cocina | Patio | Lobby | Living/Comedor,USD,65000.0,ARS,180000.0,1420.45,1967.31,2,1,1,45.76,33.04,Esmeralda 400,Centro / Microcentro,"Centro / Microcentro, Capital Federal",-34.5998231,-58.3782315,negotiation,181551-393,https://www.remax.com.ar/listings/venta-depto-2-amb-patio-apto-comercial-seg-24-hs-1
649801,97de96af-5812-4c51-a074-bcd03b166e97,sale,cochera,Venta Cochera 1er SS EN Palermo Hollywood,"VENTA COCHERA 1er Subsuelo HUMBOLDT 1550 PALERMO HOLLYWOOD

DOS Cocheras en venta en edificio corporativo.
Seguridad las 24 horas.
Cochera ubicada en el 1ºsubsuelo.
ACCESO POR RAMPA.
NUMERO 59

Transportes Cercanos
Colectivos:	34, 39, 93, 108, 111, 140, 151, 166, 168

Palermo Hollywood es uno de los barrios más populares de Buenos Aires, conocido por su variada oferta gastronómica que va desde cafeterías y restaurantes hasta bares, vinerías y cervecerías. Es una zona comprendida entre cuatro importantes avenidas porteñas: Juan B. Justo, Córdoba, Dorrego y Santa Fe.


",,13.0,False,,USD,29500.0,ARS,9307.0,2360.0,2360.0,0,0,0,12.5,12.5,Humboldt 1500,Palermo Hollywood,"Palermo Hollywood, Palermo, Capital Federal",-34.5858637,-58.4368656,active,420211222-161,https://www.remax.com.ar/listings/venta-cochera-1er-ss-en-palermo-hollywood
619631,bc264496-9227-43ea-ace0-2d50babf1c28,sale,terrenos_y_lotes,VENTA LOTE  10 X 35  - PARQUE CHACABUCO,"LOTE/TERRENO DE 350 M2- Ubicado a una cuadra del parque Chacabuco.
Super oportunidad, con extraordinario potencial constructivo.

El análisis de prefactibilidad urbanística permite un desarrollo inmobiliario de gran envergadura, con capacidad para construir vendibles hasta  1.425 m2.  La zonificación habilita una construcción de ocho cocheras en planta baja más siete pisos, con dos niveles de retiro, representando una oportunidad única para inversores y desarrolladores inmobiliarios.

Prefactibilidad a disposición.
  
FRENTE 10
FONDO 35
Sobre la calle Santander entre Curapaligüe y Thorne , a una cuadra de Av. Asamblea. 


APTO CREDITO -

No dudes en dejarnos tu consulta
¡MUDATE A LA VIDA QUE QUERES!
",,,False,Dormitorio | Comedor | Vestidor | Jardín | Baño | Cocina | Living | Patio | Terraza | Lavadero | Quincho | Sala de reuniones | Cocina/Comedor | Habitación de Servicio | Otro | Living/Comedor,USD,249000.0,ARS,0.0,711.43,,0,0,0,350.0,0.0,Santander 1800,Parque Chacabuco,"Parque Chacabuco, Capital Federal",-34.637189136789,-58.444776535034,active,421821039-39,https://www.remax.com.ar/listings/venta-lote-10-x-35-parque-chacabuco
617955,7d15c2e9-8cbd-4a03-89f1-567bec9ec7b0,sale,departamento_estandar,VENTA DEPTO 4 AMB FULL AMENITIES PARQUE CENTENARIO,"VENTA | 4 AMBIENTES EN TORRE ALMA DVZ | ALMAGRO LÍMITE CABALLITO

Viví con el confort, la seguridad y los amenities de una torre premium en una de las zonas con mayor crecimiento de la ciudad.

Ubicado en un 8.º piso, este luminoso departamento se destaca por su excelente distribución y la calidad de sus terminaciones.

Al ingresar, nos recibe un amplio living-comedor con salida a un balcón corrido, acompañado por un práctico toilette de recepción.

El área privada cuenta con un dormitorio principal en suite, con baño completo y vestidor, además de dos dormitorios con placard que comparten un segundo baño completo.

Hermosa cocina con comedor diario y lavadero independiente, con espacio para lavarropas y secarropas.

Todos los ambientes se distinguen por su excelente luminosidad, ventilación y vistas abiertas.

La propiedad cuenta con:

- Agua caliente central.
- Losa radiante eléctrica individual, regulable por ambiente.
- Cerradura digital.
- Baulera propia.

Torre ALMA DVZ

La torre ofrece seguridad las 24 horas, grupo electrógeno para ascensores y áreas comunes, además de amenities de primer nivel:

- Piscina.
- Amplio solárium con baldosones atérmicos y reposeras.
- Parque de 600 m² con espacios verdes y sectores de estar.
- SUM con vistas panorámicas, cocina y toilettes.
- Sector de parrillas con leñero y amplios espacios para reuniones.
- Gimnasio completamente equipado con máquinas de última generación.
- Laundry.
- Bicicletero.

Una excelente oportunidad para quienes buscan calidad de vida, comodidad y todos los servicios en un entorno moderno, sobre el límite entre Almagro y Caballito. En cercanías de linea A de subte (estación Rio de Janeiro) y línea B de subte (estación Angel Gallardo). A metros del Hospital Italiano.

No te pierdas la oportunidad de vivir en un lugar soñado!

Agendemos una visita!",,3.0,False,Gimnasio | Losa Radiante | Seguridad | Pileta | Laundry | Ascensor | Salón de usos múltiples - SUM | Recepción | Áreas Verdes | Dormitorio | Comedor | Vestidor | Baño | Cocina | Living | Lavadero | Sala de reuniones | Parrilla | Balcón | Pileta | Cocina/Comedor | Toilet | Solarium | Baulera | ComYAmenCalefacción | Living/Comedor,USD,290000.0,ARS,550000.0,2945.96,3276.84,4,3,2,98.44,88.5,Avenida Díaz Vélez 4400,Almagro,"Almagro, Capital Federal",-34.6087977,-58.4298574,reserved,420261191-77,https://www.remax.com.ar/listings/venta-depto-4-amb-full-amenities-parque-centenario
576209,8936a353-24ea-48a1-a54d-cfc55ac30305,sale,departamento_estandar,VENTA DEPTO 3 AMB CON COCHERA Y BAULERA PALERMO,"IDEAL INVERSIÓN EN UNA DE LAS ZONAS MÁS BUSCADAS DE PALERMO

APTO CREDITO
VER VIDEO

Excelente ubicación sobre la calle Armenia, entre Güemes y Charcas, a tan solo una cuadra de Av. Santa Fe, con cercanía inmediata al Jardín Botánico, Plaza Italia y una de las zonas con mayor demanda tanto para vivienda como para renta tradicional o temporaria.

CARACTERISTICAS DE LA UNIDAD:
- Piso 5
- Orientación Noreste
- Living comedor con balcón francés a pulmón de edificio
- Cocina independiente con alacenas y bajo mesada
- Dormitorio principal con dos placares empotrados
- Segundo dormitorio con placard empotrado
- Baño completo con bañera
- Calefón a gas
- BAULERA 
- ESPACIO GUARDACOCHE

EDIFICIO:
- Dos ascensores
- Encargado con vivienda

Una excelente oportunidad para quienes buscan invertir en una ubicación estratégica, con demanda sostenida y gran proyección dentro de la ciudad.

La propiedad se encuentra en un entorno con gran conectividad gracias a la Línea D de subte y numerosas líneas de colectivo, además de una amplia oferta gastronómica, comercial y de espacios verdes.

Transportes Cercanos:
Colectivos: 10, 12, 15, 29, 36, 37, 39, 41, 55, 57, 59, 60, 64, 67, 68, 93, 95, 108, 110, 111, 118, 128, 141, 152, 160, 161, 188, 194
Subtes (Metro): PLAZA ITALIA (Línea D), R.SCALABRINI ORTIZ (Línea D)

No dudes en dejarnos tu consulta.
¡Mudate a la vida que queres!",,51.0,True,Electricidad | Agua | Gas | Ascensor | Dormitorio | Baño | Cocina | Living | Placard | Orientación Noreste | Baulera,USD,140000.0,ARS,390000.0,2536.69,2536.69,3,2,1,55.19,55.19,Armenia 2300,Palermo,"Palermo, Capital Federal",-34.5849903,-58.4206445,active,151186-685,https://www.remax.com.ar/listings/venta-depto-3-amb-con-cochera-y-baulera-palermo
598426,959564fc-2f09-4171-a39f-525e1e3d5f72,sale,departamento_estandar,2 Ambientes | 10° Contrafrente - P Junta Caballito,"2 Ambientes | 10° Piso Contrafrente Abierto | Primera Junta – Caballito

APTO CRÉDITO!
ESCUCHAN OFERTAS!

Luminoso, silencioso y con una ubicación privilegiada, este departamento de 2 ambientes se encuentra sobre Av. Rivadavia y Cachimayo, en el corazón de Primera Junta, una de las zonas más buscadas de Caballito por su conectividad, oferta de servicios y calidad de vida.

Ideal tanto para primera vivienda como para inversión, gracias a la alta demanda permanente de alquileres en el barrio y su excelente accesibilidad.

Características de la unidad
Cómodo living-comedor con buena luz natural.
Cocina independiente de generosas dimensiones, con lavadero separado y gran capacidad de guardado.
Dormitorio con placard empotrado.
Baño completo de buenas dimensiones.
Excelente ventilación cruzada y luz natural en todos los ambientes.
Pisos de parquet en muy buen estado.
Losa radiante.
Edificio compuesto por dos torres; la unidad se ubica en la torre interna, lo que garantiza mayor tranquilidad.

La propiedad ofrece una base sólida y funcional, con gran potencial de modernización. La cocina permite una eventual integración con el living, generando un espacio más contemporáneo y abierto.

Entorno y calidad de vida

Ubicado en una de las áreas más consolidadas de Caballito, el entorno combina vida barrial, espacios verdes y una amplia oferta comercial y gastronómica.

A metros de la estación Subte Línea A – Estación Primera Junta.
Frente a la Plazoleta Primera Junta.
Muy cercano al Parque Centenario.
Próximo a Plaza Giordano Bruno.
Conectividad

Zona con una de las mejores conexiones de la Ciudad de Buenos Aires:

Subte línea A (acceso directo al centro, Congreso y Plaza de Mayo).
Gran cantidad de líneas de colectivos sobre Av. Rivadavia, Av. Acoyte, Av. La Plata y Av. Díaz Vélez.
Rápida conexión con estación Once (Ferrocarril Sarmiento).
Acceso ágil hacia el microcentro y barrios del oeste porteño.
Servicios y entorno urbano
Cercanía a hospitales: Durand, Álvarez y Marie Curie.
Amplia oferta de colegios públicos y privados.
Polo gastronómico en expansión (cafés, bares y restaurantes).
Supermercados, bancos, gimnasios y comercios de cercanía.
Próximo al Shopping Caballito y eje comercial Av. Acoyte – Av. Rivadavia.
Una ubicación estratégica

Una propiedad que combina tranquilidad en el contrafrente, excelente luminosidad y una ubicación estratégica en uno de los puntos con mayor demanda de Caballito. Ideal para vivir o invertir con alta proyección de renta y revalorización.

Todas las medidas son aproximadas.

Además, para vos: BENEFICIO EXCLUSIVO PARA CLIENTES REMAX: Si te falta hasta un 30% del valor de esta propiedad Tenemos LENDAR CREDITOS HIPOTECARIOS EN UN CLICK https://www.lendar.com.ar/ Podes hacer la simulación de las cuotas en el link y calcular vos tu préstamo¡! LLAMANOS CONTA CON NOSOTROS PARA HACER REALIDAD TU SUEÑO¡! Nadie en el mundo vende más propiedades que RE/MAX.
ALCANZÁ LO QUE SOÑAS!

¡MUDATE A LA VIDA QUE QUERES!

REMAX VITA",,56.0,False,Dormitorio | Baño | Cocina | Living | Lavadero | Disposición Contrafrente | Living/Comedor,USD,90000.0,ARS,90000.0,2142.86,2195.12,2,1,1,42.0,41.0,Avenida Rivadavia 5400,Caballito,"Caballito, Capital Federal",-34.6212691,-58.4422886,active,421211179-54,https://www.remax.com.ar/listings/2-ambientes-10-contrafrente-p-junta-caballito
580738,97cb46d4-15b8-45c6-b707-e7e380e4a7f9,sale,departamento_estandar,VENTA DEPARTAMENTO 3 AMB. DEPEN Y BAULERA RECOLETA,"Semipiso de categoría en ubicación estratégica – Av. Santa Fe al 1400 -3 AMBIENTES C / DEPENDENCIA Y BAULERA - PISO 11 AL FRENTE - LUMINOSO - A MODERNIZAR.

Amplio departamento de aproximadamente 141 m², ubicado sobre una de las avenidas más emblemáticas de la ciudad,  a dos cuadras de Av. Callao.

Se destaca por sus generosas dimensiones, excelente distribución y gran luminosidad en todos sus ambientes.

La propiedad cuenta con:

Amplio living-comedor con salida a balcón corrido.
Dos dormitorios de cómodas dimensiones con salida al balcon y amplio lugar de guardado.
Cocina independiente con espacio de guardado.
Lavadero separado.
Dependencia de servicio con baño completo en suite, de epoca a modernizar.
Dos baños completos amplios de epoca a modernizar.
Baulera.

Gracias a su orientación este y amplitud de ventanas, todos los ambientes reciben abundante luz natural durante  todo el día.

Ubicado sobre Av. Santa Fe al 1400, en una zona con excelente conectividad, múltiples medios de transporte, comercios, espacios gastronómicos y servicios.

Una oportunidad ideal para quienes buscan metros, luminosidad y una ubicación privilegiada en el corazón de la ciudad.

*algunas fotos fueron realizadas con IA",,57.0,True,Ascensor | Dormitorio | Comedor | Baño | Cocina | Living | Estudio | Lavadero | Placard | Orientación Este | Disposición Frente | Balcón | Cocina/Comedor | Toilet | Habitación de Servicio | Permite Mascotas | Living/Comedor | Apto Turístico,USD,239990.0,ARS,414000.0,1696.28,1900.76,3,2,3,141.48,126.26,Avenida Santa Fe 1400,Recoleta,"Recoleta, Capital Federal",-34.5958668,-58.3877011,negotiation,421231101-72,https://www.remax.com.ar/listings/venta-departamento-3-amb-depen-y-baulera-recoleta
630252,ee420f85-f715-4c82-8ad3-9fa00b0dbe59,sale,departamento_estandar,VENTA AMPLIO 2 AMBIENTES EN CABALLITO,"Excelente departamento de 2 ambientes amplio con casi 48 m² totales, ubicado en un primer piso interno de un edificio de sólida construcción.

La propiedad cuenta con living comedor, cocina independiente con espacio para lavarropas, y una amplia habitación con baño en suite.

Se puede acceder tanto por ascensor como por escalera. El edificio cuenta además con encargado con vivienda.

El departamento se encuentra en muy buen estado y ofrece una distribución cómoda y funcional, con ambientes de buenas dimensiones.

¡Contáctanos para coordinar una visita!
.
.
.
.
Las medidas, superficies y demás datos consignados en esta publicación son aproximados y al solo efecto orientativo. Los datos definitivos surgirán del título de propiedad y de la documentación respaldatoria correspondiente.
En cumplimiento de las normas vigentes de Defensa del Consumidor, del Código Civil y Comercial de la Nación y demás disposiciones aplicables, se deja constancia de que los agentes inmobiliarios no ejercen el corretaje inmobiliario.
Todas las operaciones inmobiliarias son objeto de intermediación y conclusión por parte del corredor público inmobiliario matriculado responsable de la oficina, cuyos datos se exhiben en la presente publicación.",,70.0,False,,USD,69000.0,ARS,280000.0,1448.67,1448.67,2,1,1,47.63,47.63,Bogotá 900,Caballito,"Caballito, Capital Federal",-34.6178861,-58.4440126,active,420251392-23,https://www.remax.com.ar/listings/venta-amplio-2-ambientes-en-caballito
617135,69f6d8e6-2cbc-478f-94ed-8eb4e6ea4184,sale,departamento_estandar,VENTA DEPARTAMENTO 2 AMBIENTES VILLA CRESPO BALCON,"Venta | Departamento 2 ambientes con balcón al frente en Villa Crespo

¡Excelente oportunidad para vivir o invertir en una de las zonas más buscadas de la Ciudad de Buenos Aires!

Ubicado sobre Araoz, esquina Av. Córdoba, este cómodo departamento de 2 ambientes se encuentra en un 4.º piso al frente, con muy buena luminosidad y una excelente distribución de sus espacios. 

Al ingresar nos recibe un amplio living-comedor, con salida a un balcón al frente, ideal para disfrutar del aire libre y la luz natural.

La propiedad cuenta además con:
Cocina independiente con conexión para lavarropas.
Baño completo con bañera.
Dormitorio de generosas dimensiones con placard.
Muy buena distribución y ventilación.
Apto Profesional 

Ubicación privilegiada

Ubicado en el corazón de Palermo, sobre la esquina de Araoz y Av. Córdoba, una zona que combina conectividad, gastronomía, espacios verdes y una gran oferta comercial.

A pocos minutos de:

•⁠  ⁠Plaza Italia.
•⁠  ⁠Parque Las Heras y Jardín Botánico.
•⁠  ⁠Distrito Arcos Premium Outlet.
•⁠  ⁠Polo gastronómico de Palermo Soho y Palermo Hollywood.
•⁠  ⁠Cafeterías, supermercados, gimnasios y comercios de todo tipo.

Excelente conectividad

La propiedad cuenta con múltiples opciones de transporte:

•⁠  ⁠Subte Línea D (Estación Plaza Italia).
•⁠  ⁠Ferrocarril San Martín (Estación Palermo).
•⁠  ⁠Gran cantidad de líneas de colectivos que circulan por Av. Córdoba, ",,46.0,True,Electricidad | Agua | Gas | Aire Acondicionado | Losa Radiante | Ascensor | Dormitorio | Baño | Cocina | Living | Lavadero | Placard | Disposición Frente | Balcón | Baulera | Permite Mascotas | ComYAmenCalefacción | Living/Comedor,USD,115000.0,ARS,300000.0,2018.96,2149.13,2,1,1,56.96,53.51,Aráoz 1100,Villa Crespo,"Villa Crespo, Capital Federal",-34.5947935,-58.4289179,active,422291021-28,https://www.remax.com.ar/listings/venta-departamento-2-ambientes-villa-crespo-balcon-1
616474,f2ae776c-7624-4a37-8e2c-8b2d76991c8c,sale,departamento_estandar,VENTA DEPARTAMENTO 3 AMB BALCON BELGRANO,"Venta Departamento 3 Ambientes con Balcón – Belgrano

Hermoso departamento de 3 ambientes con balcón corrido en excelente ubicación, a metros de la estación Congreso de Tucumán (Subte Línea D).

Características principales:

Amplio living-comedor con salida a gran balcón al pulmón de manzana, con vista abierta.

Cocina independiente, con posibilidad de ampliar espacio de guardado.

Lavadero separado con cerramiento de ventana.

2 dormitorios con placares con interiores nuevos, uno de ellos da al balcón.

Pisos de parquet plastificados en excelente estado.

Aberturas de aluminio blancas nuevas.

Baño reciclado con artefactos y materiales de primera calidad.

Ubicación privilegiada:

A metros de Av. Cabildo, con múltiples medios de transporte (subte, colectivos), rodeado de comercios, plazas y colegios.",,49.0,False,,USD,153000.0,ARS,202000.0,2353.85,2467.74,3,2,1,65.0,62.0,Vuelta de Obligado 2300,Belgrano,"Belgrano, Capital Federal",-34.5589043,-58.4580156,negotiation,420671073-54,https://www.remax.com.ar/listings/venta-departamento-3-amb-balcon-belgrano
659073,d3587363-bb12-4852-b6ce-3b449e4e726a,sale,cochera,Cochera en venta en Micro Centro,"Bienvenido a esta magnífica cochera ubicada en una de las zonas más convenientes de la ciudad! Este espacio de estacionamiento cuenta con una capacidad para un vehículo amplio , lo que lo hace ideal tanto para familias como para profesionales que buscan comodidad y seguridad.
La cochera está diseñada con amplia entrada y salida, garantizando un acceso fácil y rápido. Además, se encuentra en un edificio con seguridad las 24 horas, lo que proporciona tranquilidad al saber que su vehículo está protegido.
El área está iluminada y bien ventilada, lo que añade un extra de confort. 
También cuenta con un sistema de monitoreo, asegurando que su inversión esté siempre bajo vigilancia. La ubicación estratégica permite un fácil acceso a principales vías, comercios y servicios, haciendo de esta cochera una opción excepcional para quienes buscan funcionalidad y seguridad.No pierda la oportunidad de adquirir este espacio que combina comodidad, seguridad y una ubicación inmejorable. ¡Contáctenos para más información y para agendar una visita!",,6.0,False,,USD,10000.0,ARS,17267.0,796.18,796.18,0,0,0,12.56,12.56,Bartolomé Mitre 1200,San Nicolás,"San Nicolás, Capital Federal",-34.6074489,-58.384684,active,421561019-49,https://www.remax.com.ar/listings/cochera-en-venta-en-micro-centro-1
516556,bf3431dd-cce3-4182-961b-e93e980590d8,sale,departamento_monoambiente,Venta de Monoambiente con Patio en Barracas,"Venta de Monoambiente con Patio en Barracas , Excelente Ubicación, Muy luminoso.

Departamento Monoambiente con patio.

Con una superficie total construida de 45 m², distribuidos en 32 m² cubiertos y 13 m² descubiertos, este departamento de 1 ambiente cuenta con:

 -Ambiente amplio y luminoso, con pisos de porcelanato.
-1 dormitorio
-1 baño completo
-Cocina eléctrica con mesada de granito y equipamiento de primeras marcas: sanitarios Ferrum y grifería FV
Agua caliente central a gas
-Calefacción individual y preinstalación para aire acondicionado
-Patio descubierto.


-Opcional compra de Cochera cubierta  (USD20.000) 


-El edificio ofrece los siguientes amenities:

 Solárium con parrillas en la terraza

-Agregados de Categoría :

-Aberturas de aluminio.
-Sanitarios Ferrum 
-Griferia FV

-Cuenta con Acceso a personas con movilidad reducida.",,1.0,False,Parrilla | Solarium,USD,85000.0,ARS,0.0,1892.67,2689.02,1,0,1,44.91,31.61,Azara 1300,Barracas,"Barracas, Capital Federal",-34.644860570269,-58.36989033196,active,420621257-9,https://www.remax.com.ar/listings/venta-de-monoambiente-con-patio-en-barracas
578154,075d8044-1849-48fe-9d9b-2913abd8d0f0,sale,departamento_estandar,Venta Monoambiente entrepiso refaccionado Recoleta,"Monoambiente en ubicación privilegiada de fácil accesibilbilidad, comercios, facultades, hospitales, avenidas de interés, cafecitos.

La propiedad se encuentra refaccionada.

Agradable y cómodo living.

Patio cubierto, actualmente instalada la cocina separada con espacio para lavarropas.

Hermoso baño completo.

Entrepiso de madera con ventana al exterior, ideal su uso para habitación y espacio de guardado.

La distribución permite una excelente funcionalidad.

Split frio calor.

Encargado sin vivienda.

Expensas mayo 2026.

Listo para mudarte!!!

Contáctanos estamos para ayudarte y acompañarte!!!

ANDREA OLIVERI C.P.I. 7190/C.S.I. 6401 ""En cumplimiento de la Ley 2340 CUCICBA, Ley 10.973 de la Prov. Bs.As., Ley Nacional 25.028, Ley 22.802 de Lealtad Comercial, Ley 24.240 de Defensa al Consumidor, las normas del Código Civil y Comercial de la Nación y Constitucionales, los agentes NO ejercen corretaje inmobiliario. Todas las operaciones inmobiliarias son objeto de intermediación y conclusión por parte de los martilleros y corredores colegiados, cuyos datos se exhiben debajo del nombre de la inmobiliaria.""



",,96.0,False,Baño | Living,USD,58000.0,ARS,80689.0,3023.98,3023.98,1,1,1,19.18,19.18,Azcuénaga 1400,Recoleta,"Recoleta, Capital Federal",-34.5918566,-58.3985214,active,421101016-70,https://www.remax.com.ar/listings/venta-monoambiente-entrepiso-refaccionado-recoleta
623133,138bbd7c-77e6-4a69-a0cd-e6c494730621,sale,departamento_monoambiente,VENTA MONOAMB. - PALERMO SOHO - BALCÓN -APTO PROF.,"MONOAMBIENTE EN VENTA EN PALERMO SOHO - BALCÓN
APTO PROFESIONAL Y ALQUILER TEMPORARIO

Opción: venta con el amoblamiento de la foto a convenir.

DESCUBRE TU OASIS URBANO EN EL CORAZÓN DE PALERMO SOHO

Ubicado en el piso 4 de un edificio moderno y a estrenar, este luminoso monoambiente de 26 m² (24 m² cubiertos y 2 m² semicubiertos) es la perfecta combinación entre confort y conveniencia. 

Su distribución práctica y acabados de calidad lo convierten en el hogar ideal o una inteligente opción de inversión.

• Cocina equipada con muebles altos y bajos que brindan todas las comodidades necesarias
• Baño completo con vanitory para mayor practicidad
• Edificio con amenities como laundry, otorgando aún más practicidad a tu día a día

Ubicado a solo 300 metros de la Av. Scalabrini Ortiz y 600 metros del Metrobus de Av. Juan B. Justo, estarás rodeado de una amplia oferta de bares, restaurantes, plazas y medios de transporte, facilitando tu conexión con los principales puntos de la ciudad.

¿Estás listo para vivir o invertir en este oasis urbano en pleno corazón de Palermo Soho? 

¡No dejes pasar esta oportunidad y contáctanos ahora para organizar una visita!

POSIBILIDAD DE FINANCIAR HASTA EL 30% DEL VALOR DE LA PROPIEDAD (*)

Las medidas son estimativas y pueden sufrir modificaciones. Los datos definitivos son los que surgirán del título de la propiedad, planos y/o comprobantes respaldatorios

COMUNICATE CONMIGO POR WHATSAPP Y NO DEJES DE VISITARLO!

#SI TIENES QUE VENDER PARA COMPRAR, PODEMOS AYUDARTE Y REALIZAR LA OPERACIÓN SIMULTANEA

(*) BENEFICIO PARA CLIENTES Si te falta hasta un 30% del valor de esta propiedad, te ofrecemos solicitar un préstamo a través de Lendar, servicio exclusivo para clientes RE/MAX.

ALCANZÁ LO QUE SOÑÁS!
",,0.0,False,Electricidad | Agua | Agua Corriente | Aire Acondicionado | Laundry | Ascensor | Baño | Cocina | Disposición Contrafrente | Balcón | Cocina/Comedor | Baulera | Apto Turístico | Agua Potable,USD,95000.0,ARS,70000.0,3653.85,3958.33,1,0,1,26.0,24.0,Gurruchaga 1900,Palermo,"Palermo, Capital Federal",-34.586808,-58.4254829,active,421591010-159,https://www.remax.com.ar/listings/venta-monoamb-palermo-soho-balcon-apto-prof-1
575478,91273ee8-0931-4eda-8c38-587db427beb9,sale,departamento_estandar,VENTA DEPARTAMENTO 4 AMB EN FLORESTA,"** DEPARTAMENTO A ACTUALIZAR  **   NO SE VENDE CON CREDITO HIPOTECARIO **

OPORTUNIDAD DE TENER TU DEPARTAMENTO DE 4 AMBIENTES EN CAPITAL FEDERAL !

Departamento muy luminoso en 8vo piso con vista abierta  en edificio torre en excelente estado de conservación.
Tres dormitorios (3x3.12, 2.9x2.9, 2.90x2.40) todos más placard.
Baño completo y Toilette de Recepción. Cocina amplia ( 4.9x1.5) y lavadero independiente! 
Living comedor (6x2.90).
Superficie total: 64,44 m2

No cuenta con Gas, es todo eléctrico. Tiene dos encargados que no viven en el edificio. 
Cámaras de Seguridad que se pueden ver desde el celular. Agua caliente por termotanque eléctrico. 

Expensas: ( Mayo 2026) $ 183.000.- Aysa incluido


",,50.0,False,Electricidad | Seguridad | Ascensor | Baño | Cocina | Lavadero | Toilet | Permite Mascotas | Living/Comedor,USD,75000.0,ARS,183000.0,1163.87,1184.83,4,3,1,64.44,63.3,Avenida Carrasco 800,Floresta,"Floresta, Capital Federal",-34.628297141185,-58.496270858095,active,420051113-713,https://www.remax.com.ar/listings/venta-departamento-4-amb-en-floresta
575526,20bea2db-b95c-4180-adf3-c648e30112e7,sale,departamento_monoambiente,VENTA MONOAMBIENTE CON BALCON CON  RENTA LUMINOSO,"¡Excelente ubicación y estado impecable!
Esta es una oportunidad ideal tanto para inversión como para vivienda propia en una de las zonas más buscadas de la ciudad.

Monoambiente con Balcón al Frente – Junín al 300 CONTRAFRENTE ORIENTACION NOROESTE 

Ubicación privilegiada | Estado impecable | 8 años de antigüedad*
Presentamos este moderno y funcional departamento monoambiente ubicado en la calle *Junín al 300*, a pasos de principales avenidas, centros universitarios y con conectividad total. Una unidad que destaca por su luminosidad y excelente mantenimiento.

Características Principales:*
Ambiente Versátil: Espacio amplio y bien distribuido, con pisos de alta calidad y grandes ventanales que aseguran luz natural durante todo el día.

Balcón Privado: Ideal para disfrutar del aire libre y con vista despejada.

 Cocina Integrada: Equipada con muebles bajo mesada y alacenas modernas. Cuenta con *conexión para lavarropas*, un diferencial clave en este tipo de unidades.

 Baño Completo: Sorprendentemente amplio, con terminaciones de calidad y en perfecto estado.

 El Edificio:
 
Construcción : Solo 8 años de antigüedad, lo que garantiza instalaciones modernas y bajas expensas.

 Amenities: El edificio cuenta con un *Salón de Usos Múltiples (SUM)* totalmente equipado, ideal para reuniones sociales o trabajo remoto.
 Estado de Conservación:Palieres y áreas comunes mantenidos 
Ideal Inversores:* Zona de alta demanda de alquileres temporarios y tradicionales.
Listo para mudar:
* El departamento se encuentra pintado y en condiciones óptimas, sin necesidad de reformas.
Climatizacion a traves de aires acondicionados 
Pisos de porcelanato
 
*¿Querés conocer tu próximo hogar?*
Contactanos para coordinar una visita personalizada.
La Operación de venta ser  realiza con Boleto , para Diciembre 2026 se prevee poder realizar la primera escitrura  .
LA renta del departamento es  $350.000 a mayo 2026 de aumento tirmestral por IPC vence en marzo  2028",,8.0,False,Dormitorio,USD,63000.0,ARS,135000.0,2100.0,2333.33,1,0,1,30.0,27.0,Junín 300,Balvanera,"Balvanera, Capital Federal",-34.6054339,-58.3968211,active,421051074-103,https://www.remax.com.ar/listings/venta-monoambiente-con-balcon-con-renta-luminoso
553794,4a8852d8-352d-4b48-8b3b-18dffe19db6d,sale,ph,VENTA PH 5 AMBIENTES CON LOCAL ZONA UADE,"PH DE 5 AMBIENTES CON LOCAL  EN VENTA EN CONSTITUCIÓN, CAPITAL FEDERAL

Este PH de 5  ambientes con patios y local a la calle  se encuentra ubicado en el barrio de Constitución, Capital Federal. Cuenta con una superficie total construida de 296 m², de los cuales 253 m² son cubiertos y 43 m² son semicubiertos, distribuidos en un terreno de 296 m².

La propiedad está compuesta por 3 habitaciones y 2 baños completos,  patios con cerramientos, parrilla, local con salida a la calle. Se encuentra en muy buen estado general. Incluye ambientes como dormitorio, comedor, baño, cocina, living y patio. Además, cuenta con características como placard y parrilla.

Se encuentra a 300 m de UADE, 200 m de la Facultad de Ciencias Sociales UBA.

Las medidas son orientativas, las reales surgirán de la correspondiente escritura traslativa de dominio

Transportes Cercanos

Colectivos:	2, 6, 8, 12, 23, 37, 39, 46, 50, 53, 57, 60, 84, 90, 91, 96, 98, 102, 126, 129, 150, 151, 168, 195

Subtes (Metro):	INDEPENDENCIA (Línea E), SAN JOSE (Línea E)

",,66.0,False,Electricidad | Agua | Gas | Desague Cloacal | Televisión por Cable | Agua Corriente | Dormitorio | Comedor | Baño | Cocina | Living | Patio | Lavadero | Placard | Parrilla | Living/Comedor,USD,290000.0,ARS,0.0,979.13,1146.61,5,3,2,296.18,252.92,Estados Unidos 1400,Constitución,"Constitución, Capital Federal",-34.618383532179,-58.386828331277,active,181446-134,https://www.remax.com.ar/listings/venta-ph-5-ambientes-con-local-zona-uade
588814,70195b57-e444-4365-ac1f-c24e861d6420,sale,departamento_estandar,VENTA PH 4 AMBIENTES VILLA CRESPO CON PATIO,"VENTA PH DEPARTAMENTO DE 3 DORMITORIOS, 4 AMBIENTES CON PATIO EN CALLE VERA 1200, VILLA CRESPO
APTO CREDITO
PH ubicado en 2do piso por escalera, al contrafrente. Se ingresa a un amplio living comedor con ventanal y salida al patio. 
Piso de madera (parquet) 
El Patio soleado, tiene una parrilla y conecta con el lavadero que esta separado y cerrado.
desde el living comedor accedemos a un pasillo grande y ancho de distribución que conduce al primer dormitorio con baño en suite.
Segundo dormitorio con placard de pared a pared y techo a piso. Ventana a pulmon, muy luminoso.
baño completo con ventilación natural (ventana)
Tercer dormitorio con ventana, puro sol. 
Todos los dormitorios con pisos de madera (parquet).
Cocina muy luminosa con ventana, muebles bajo mesada y pisos cerámicos. Gas
Calefacción por tiro balanceado. 
Caracterisiticas: buena ventilación cruzada y muy silencioso.
A 300 mts de SUBTE B
Cuadra residencial, muy tranquila, con acceso a varios medios de transportes.
Llamanos para agendar tu visita. Mira el video!!


",,57.0,True,Dormitorio | Comedor | Baño | Cocina | Living | Patio | Lavadero | Placard | Parrilla | Disposición Contrafrente | Toilet | Permite Mascotas | Living/Comedor,USD,139000.0,ARS,110000.0,1709.72,1833.77,4,3,2,81.3,75.8,Vera 1200,Villa Crespo,"Villa Crespo, Capital Federal",-34.5929154,-58.4435696,active,341188-552,https://www.remax.com.ar/listings/venta-ph-4-ambientes-villa-crespo-con-patio
201375,1a048843-1dd3-44bb-be28-5c288164e17c,sale,departamento_estandar,DEPARTAMENTO EN TUCUMÁN 881,"EXCELENTE DEPARTAMENTO RECICLADO A NUEVO.

GRAN UBICACION",,63.0,False,Comedor | Vestidor | Baño,USD,52000.0,ARS,70000.0,3058.82,3058.82,1,1,1,17.0,17.0,Tucumán 800,San Nicolás,"San Nicolás, Capital Federal",-34.6012174,-58.3792776,reserved,420491169-132,https://www.remax.com.ar/listings/departamento-en-tucuman-881
640245,20b1c5ea-56a3-4454-93f8-c2a2df962b9b,sale,terrenos_y_lotes,TERRENO CON POTENCIAL DE DESARROLLO MICROCENTRO,"OPORTUNIDAD ÚNICA – TERRENO CON GRAN POTENCIAL DE DESARROLLO COMERCIAL /PROFESIONAL MICROCENTRO

Ubicación: Lavalle 1589, Ciudad de Buenos Aires

FACTIBILIDAD:

Superficie total: 140 m² (Frente: 6,55 m / Fondo: 21,38 m)
Zonificación: C2 – Corredor Medio (CM)
Mixtura de usos: Categoría 4 (vivienda, comercio, servicios, oficinas)
Altura máxima permitida: 31,20 m + 2 retiros
Edificio permitido: SS1 + SS2 + PB + 10 pisos + 2 retiros
Superficie total construible: hasta 1.691,55 m²
Superficie vendible estimada: 1.042,15 m²
Sin protección patrimonial, permitiendo demolición total
Informe de prefactibilidad técnica vigente

Apto para edificio multifuncional

Propiedad con ubicación privilegiada, conectividad, uso flexible y alto potencial constructivo, ideal para desarrolladores que buscan un proyecto de gran demanda en el corazón de la ciudad.

Consultanos para más información o para coordinar una visita!",,16.0,False,Electricidad | Agua | Gas | Teléfono | Desague Cloacal | Agua Corriente,USD,700000.0,ARS,0.0,4729.73,5000.0,0,0,0,148.0,140.0,Lavalle 1500,San Nicolás,"San Nicolás, Capital Federal",-34.6028741,-58.3892673,active,420281026-1074,https://www.remax.com.ar/listings/terreno-con-potencial-de-desarrollo-microcentro
614903,93163e45-e39c-4407-9b91-4dbda87c58a7,sale,departamento_estandar,Venta departamento 2 Ambientes c/terraza y cochera,"Venta departamento Almagro. Muy luminoso debido a su gran balcón terraza con parrilla y orientación Norte.

Ubicado en un edificio con seguridad las 24hs., en una zona privilegiada y cada vez más buscada debido a su tranquilidad, buena conexiones con avenidas, transporte público y la cercanía a uno de los parque más lindo y grande de la Ciudad, Parque Centenario, como así también a comercios, bares y más...
Situado en el piso 13 de un edificio de 15 pisos con disposición al frente y orientación norte, el departamento se encuentra en muy buen estado. Con un gran y cómodo balcón Terraza con vistas abiertas y panorámicas.
Este departamento es muy funcional, gracias a su excelente ubicación y sus cómodos espacios. Asimismo, cuenta con buena iluminación natural, lo que contribuye a una agradable experiencia de vida.
El departamento cuenta con:
-Living-Comedor 
-Habitación al frente con vista abierta y placard empotrado
-Cocina independiente con granito gris y muebles bajo mesada y alacenas
-Baño completo con bañera
-Enorme balcón terraza con parrilla
-Cochera fija y cubierta
El edificio cuenta con S.U.M.,  Seguridad y vigilancia las 24hs

A solo 2 cuadras del Parque Centenario, una cuadra de Av. Diaz Velez, tres cuadras del Subte Línea B (estación ""Ángel Gallardo"") 

Ver video de la publicación.

Si tenés que vender una propiedad para comprar, llamanos, podemos ayudarte haciendo la operación simultanea. Nadie vende más y mejor que el equipo RE/MAX

Disclaimer Legal:
Los metros aquí publicados son aproximados. Los reales surgen de la escritura.
",,26.0,False,,USD,135000.0,ARS,250000.0,1483.52,3000.0,2,1,1,91.0,45.0,Potosí 4400,Almagro,"Almagro, Capital Federal",-34.6072058,-58.4299535,negotiation,421011021-245,https://www.remax.com.ar/listings/venta-departamento-2-ambientes-c-terraza-y-cochera
649964,ef43320d-20a4-4bab-8760-73926ab2b44a,sale,departamento_monoambiente,Venta Monoambiente Almagro Ideal Renta Temporal,"Venta monoamiente totalmente equipado ideal para renta temporal. Kitchenette. Baño Completo.

UBICACION:

Sobre calle Salguero entre Diaz Vélez y Potosí , a metros de calle Medrano.
a 4 cuadras de estación Medrano subte ""B"" y a 4 cuadras de estación Castro Barros subte ""A"".


Transportes Cercanos

Colectivos: 5, 8, 19, 24, 26, 36, 71, 86, 88, 90, 103, 104, 105, 124, 127, 128, 132, 146, 151, 160, 164, 168, 180
Subtes (Metro): CASTRO BARROS (Línea A)
Datos útiles
Barrio: Almagro
",,11.0,False,,USD,48500.0,ARS,154000.0,2763.53,2763.53,1,0,1,17.55,17.55,Jerónimo Salguero 200,Almagro,"Almagro, Capital Federal",-34.608186259825,-58.419971466064,active,421251056-119,https://www.remax.com.ar/listings/venta-monoambiente-almagro-ideal-renta-temporal
645893,dbc7e8c7-3d55-44f9-bc8f-c17f87f1ffab,sale,departamento_monoambiente,VENTA MONOAMBIENTE A ESTRENAR AMENITIES CABALLITO,"MONOAMBIENTE EN VENTA A ESTRENAR CON AMENITIES. LÍMITE CABALLITO Y ALMAGRO

Entrega estimada: Junio 2027. Apto profesional. Financiación.

Monoambiente en venta sobre Río de Janeiro al 200, a metros de Av. Rivadavia, en el límite entre Caballito y Almagro. Excelente ubicación, con gran conectividad y amplia oferta comercial, gastronómica y de servicios.

A pocos metros del Subte Línea A y próximo a múltiples líneas de colectivos, principales avenidas, supermercados, restaurantes, cafeterías, bancos, farmacias, gimnasios, colegios y Shopping Caballito.

EL EDIFICIO
Emprendimiento de 9 pisos y 60 departamentos, con espacios comunes de categoría y cocheras distribuidas en 3 plantas.

AMENITIES
SUM
Piscina
Solárium
Gimnasio
Coworking
Cava

LA UNIDAD: 
Monoambiente de excelente diseño y funcionalidad, con: 
Cocina equipada con anafe eléctrico de 2 hornallas 
Muebles bajo mesada y alacena
Mesada de granito o similar
Pileta de acero inoxidable
Pisos porcelanato, vinílico o cerámico
Griferías y sanitarios de primeras marcas
Puertas e interiores de placard 
Preinstalación para aire acondicionado split frío/calor (no incluye aparato)
Agua caliente central con termotanque de alta recuperación

APTO PROFESIONAL.

Cocheras opcionales desde U$S 20.000.

CONSULTÁ POR UNIDADES DISPONIBLES, LISTA DE PRECIOS Y OPCIONES DE FINANCIACIÓN.

Una excelente oportunidad para comprar un departamento a estrenar en Caballito, invertir y obtener renta, en una zona de alta demanda y excelente conectividad.

Importante: algunas imágenes de la publicación fueron retocadas o ambientadas mediante inteligencia artificial (IA) con fines ilustrativos. Las imágenes pueden no representar exactamente las características, terminaciones o dimensiones finales de la unidad.

Mudate a la vida que querés.
Contactate para cooridnar una visita



",,0.0,False,,USD,85000.0,ARS,0.0,2428.57,2428.57,1,0,1,35.0,35.0,Río de Janeiro 200,Almagro,"Almagro, Capital Federal",-34.612845,-58.430049,active,151325-48,https://www.remax.com.ar/listings/venta-monoambiente-a-estrenar-amenities-caballito-2
611305,83963c56-5721-4a23-b595-15d2bd6368d9,sale,departamento_estandar,Departamento ideal para empezar  a ser propietario,"Departamento de 3 ambientes de 52,99 m², completamente remodelado a nuevo, con excelentes terminaciones y listo para habitar. La unidad ofrece ambientes cómodos, funcionales y una renovación integral que aporta confort y practicidad.

Ubicado en un primer piso por escalera, dentro de un monoblock de construcción antigua, su principal diferencial radica en el impecable estado de la propiedad. Si bien el edificio y el entorno no se destacan por su estética, el departamento representa una excelente oportunidad para quienes priorizan una vivienda renovada, de bajo mantenimiento y con una muy buena relación entre calidad y precio.

El departamento posee tanto gas como electricidad, el agua caliente es suministrada por un termotanque a gas, mientras que en la cocina todo funciona con electricidad, pudiendo el nuevo comprador convertirla a gas si deseara,  ya que el éste llega hasta la cocina, solo sería necesario realizar la conexión.

Posee una cochera cubierta que es considerada como un espacio común , y que en si existen lugares disponibles las unidades funcionales cuentan con una de ellas y también con un lugar de guardado para un segundo auto en una cochera descubierta, dentro del mismo predio en donde se encuentra el edificio, aspectos éstos que suman un plus muy importante, sobre todo en lo que se refiere a la posibilidad de no tener que dejar el auto en la calle o alquilar una cochera . 

En cuanto a las expensas el monto es de $116.00, más $20.000, en caso de utilizar la cochera.

Cabe destacar que el departamento tiene dos dormitorios pero en la actualidad uno de ellos se encuentra dividido por un  durlock  lo que genera un tercer dormitorio, lo ofrece un espacio más, que puede ser utilizado o bien volverlo al estado original y convertirlo en 2 dormitorios.",,59.0,False,Electricidad | Gas | Agua Corriente | Aire Acondicionado | Dormitorio | Comedor | Baño | Cocina | Disposición Frente,USD,59000.0,ARS,116000.0,1113.42,1113.42,3,2,1,52.99,52.99,Agustín de Vedia 2100,Parque Chacabuco,"Parque Chacabuco, Capital Federal",-34.6445013,-58.4359305,active,421271056-35,https://www.remax.com.ar/listings/departamento-ideal-para-empezar-a-ser-propietario
395857,35bb2fb6-c4d5-4896-819f-81999c806390,sale,departamento_estandar,DPTO 2 AMB A ESTRENAR BALCON TERRAZA COLEGIALES,"DESARROLLO DE CATEGORÍA EN COLEGIALES – ENTREGA FINES 2028 – CONSULTANOS POR LA FINANCIACIÓN QUE MEJOR SE ADAPTE A TUS NECESIDADES

Proyecto único ubicado en un lote de doble frente en pleno corazón de Colegiales.
Ofrece 45 exclusivas unidades de 1, 2, 3 y 4/5 ambientes, con cocheras y bauleras opcionales.
Todas las unidades cuentan con parrilla propia.
Diseñado para vivir con confort, funcionalidad y en conexión con el entorno verde del barrio.

Entrega estimada: fines 2028
Más de 30 desarrollos ya finalizados avalan la trayectoria del estudio desarrollador.
Unidades listas para habitar al momento de entrega..



CALIDAD CONSTRUCTIVA SUPERIOR
	•	Pisos de porcelanato
	•	Grifería de cierre cerámico
	•	Calefacción por piso radiante con caldera individual
	•	Aberturas con D…
DESARROLLO DE CATEGORÍA EN COLEGIALES – ENTREGA FINES 2028 – CONSULTANOS POR LA FINANCIACIÓN QUE MEJOR SE ADAPTE A TUS NECESIDADES

Proyecto único ubicado en un lote de doble frente en pleno corazón de Colegiales.
Ofrece 45 exclusivas unidades de 1, 2, 3 y 4/5 ambientes, con cocheras y bauleras opcionales.
Todas las unidades cuentan con parrilla propia.
Diseñado para vivir con confort, funcionalidad y en conexión con el entorno verde del barrio.

Entrega estimada: FINES 2028
Más de 30 desarrollos ya finalizados avalan la trayectoria del estudio desarrollador.
Unidades listas para habitar al momento de entrega.



CALIDAD CONSTRUCTIVA SUPERIOR
	•	Pisos de porcelanato
	•	Grifería de cierre cerámico
	•	Calefacción por piso radiante con caldera individual
	•	Aberturas con DVH (doble vidrio hermético)
	•	Persianas en todos los dormitorios
	•	Cocinas y baños equipados con grifería y accesorios de primera línea
	•	Parrilla propia en cada unidad



UBICACIÓN – COLEGIALES
Barrio residencial, tranquilo y arbolado, con identidad familiar y arquitectura de baja escala.
A pocas cuadras de Plaza Mafalda, Plaza Paso y Plaza Portugal.
Cerca del Mercado de Pulgas, cafés de especialidad, terrazas y una activa vida cultural.
Excelente conectividad y calidad de vida en uno de los barrios más elegidos de Buenos Aires.


FINANCIACIÓN FLEXIBLE
Consultanos por la financiación que mejor se adapte a tus necesidades.
También podés solicitar los planos y unidades disponibles.

ACLARACION: Las Imágenes son de carácter ilustrativo, con renders y fotos de unidades finalizadas en otros proyectos de la misma desarrolladora, a modo de referencia del estilo y calidad constructiva.

Te invitamos a descubrir otra forma de vivir!!!!
Mudate a la vida que querés!!!
",,1.0,False,,USD,178500.0,ARS,0.0,2746.15,3432.69,2,1,1,65.0,52.0,Palpa 3500,Palermo,"Palermo, Capital Federal",-34.579021109173,-58.452572822134,active,420101358-40,https://www.remax.com.ar/listings/dpto-2-amb-a-estrenar-balcon-terraza-colegiales
484665,62de03b7-8f25-4af4-888f-a4c44da31b40,sale,departamento_estandar,VENTA DEPTO 2 AMB ALMAGRO MUY LUMINOSO PISO ALTO,"VENTA DEPARTAMENTO 2 AMBIENTES MUY LUMINOSO EN ALMAGRO.
SE ENCUENTRA EN EL PISO 12 (ULTIMO PISO).
SE INTEGRO LA HABITACION CON EL LIVING Y LA COCINA, SE PUEDE VOLVER A DIVIDIR FACILMENTE.
EL DEPTO CUENTA CON:

- LIVING COMEDOR.
- COCINA INTEGRADA.
- HABITACION INTEGRADA AL LIVING.
- BAÑO COMPLETO.
- DISPOSICION LATERAL.
- ORIENTACION ESTE.
- VISTA ABIERTA, MUY LUMINOSO
- EDIFICIO CON ENCARGADO.
- CUENTA CON 3 ASCENSORES.

Transportes Cercanos
Colectivos:	5, 8, 19, 24, 26, 36, 71, 86, 88, 90, 103, 104, 105, 124, 127, 128, 132, 146, 151, 160, 164, 168, 180
Subtes (Metro):	CASTRO BARROS (Línea A)
Datos útiles
Barrio:	Almagro
Comuna:	Comuna 5
Área Hospitalaria:	HTAL. DR. C.G. DURAND
Comisaría Comunal:	5
Comisaría Vecinal:	5A
Distrito Escolar:	Distrito Escolar II
Código Postal:	1200
Código Postal Argentino:	C1200AAT
Latitud/Longitud:	-34.608984, -58.422263


""SI TENES QUE VENDER PARA COMPRAR, PODEMOS AYUDARTE Y REALIZAR LA OPERACIÓN SIMULTÁNEA""

BENEFICIO PARA CLIENTES
Si te falta hasta un 30% del valor de esta propiedad, te ofrecemos solicitar un préstamo a través de Lendar, servicio exclusivo para clientes RE/MAX. Hace la simulación de tu cuota a través del simulador que se encuentra en la web Lendar.

Las medidas, superficies y expensas consignadas en la presente son aproximadas; y al solo efecto orientativo. Los datos definitivos son los que surgirán del titulo de la propiedad y de los comprobantes respaldatorios.""
Venta supeditada al cumplimiento por parte del propietario de los requisitos de la resolución general N°2371 de la AFIP (pedido de COTI).
",,50.0,True,Electricidad | Agua | Gas | Internet | Teléfono | Desague Cloacal | Televisión por Cable | Agua Corriente | Ascensor | Recepción | Dormitorio | Comedor | Baño | Cocina | Living | Orientación Este | Disposición Lateral | Permite Mascotas | Living/Comedor,USD,60000.0,ARS,80000.0,1396.65,1499.25,2,1,1,42.96,40.02,Avenida Díaz Vélez 3900,Almagro,"Almagro, Capital Federal",-34.608891,-58.4222985,reserved,420261168-238,https://www.remax.com.ar/listings/venta-depto-2-amb-almagro-muy-luminoso-piso-alto
635749,c49e6220-6d26-4289-9b91-b4d5f961c725,sale,departamento_estandar,MONOAMBIENTE con BALCON en PARQUE CHASS,"EN VENTA | MONOAMBIENTE A ESTRENAR CON BALCÓN Y SUM EN PARQUE CHAS
Expensas $70.000.- (Incluyen Aysa)

Excelente monoambiente a estrenar de 34,85 m², ubicado sobre Avenida Chorroarín al 600, entre Bauness y Morlote, en el barrio de Parque Chas.

La unidad se encuentra en un 2° piso al frente y se destaca por su excelente luminosidad y su hermoso balcón.

El departamento cuenta con un ambiente amplio y de muy buenas proporciones, que ofrece múltiples posibilidades de distribución. Su diseño permite organizar cómodamente distintos sectores, pudiendo diferenciar dormitorio, living y/o espacio de comedor, según las necesidades y el estilo de cada propietario.

La cocina integrada cuenta con anafe eléctrico y espacio previsto para colocar un horno debajo, en caso de requerirlo. Además, dispone de espacio de guardado y división/espacio para la heladera.

Uno de los diferenciales de esta unidad es la cantidad y distribución de sus instalaciones eléctricas: cuenta con 10 tomas de enchufes distribuidas en distintos sectores del departamento, brindando gran flexibilidad para definir la ubicación de muebles, electrodomésticos y diferentes áreas del ambiente sin quedar limitado a una única distribución.

Cuenta además con:

Conexión para lavarropas.
Conexión prevista para colocar aire acondicionado.
Agua caliente central por caldera.
Balcón al frente.
Espacios de guardado.

EDIFICIO

El edificio cuenta con 10 pisos y en el último nivel se encuentra un excelente SUM, equipado con parrilla, amplio balcón aterrazado y un espacio ideal para disfrutar de reuniones y tardes al aire libre.

Entre las comodidades y medidas de seguridad se destacan:

Acceso mediante TAG para el ascensor.
Cámaras de seguridad.
Servicio de limpieza.
SUM totalmente equipado con parrilla y terraza.
Cocheras disponibles para la compra.

Una excelente oportunidad para quienes buscan un departamento a estrenar, luminoso, con balcón y espacios comunes de calidad, en un entorno residencial de Parque Chas y con múltiples posibilidades de distribución.

Parque Chas es uno de los barrios más pintorescos y residenciales de la Ciudad de Buenos Aires, reconocido por su particular trazado de calles curvas y diagonales, sus espacios verdes y su entorno tranquilo. Se encuentra próximo a Agronomía, Villa Urquiza y Villa Ortúzar.

La zona combina calma residencial con muy buena conectividad, con acceso a la línea B de subte, avenidas como Triunvirato, Chorroarín y De los Constituyentes, y distintas líneas de colectivos. Además, la cercanía con Agronomía aporta un importante entorno verde.

En los últimos años viene experimentando un creciente interés residencial e inmobiliario, convirtiéndose en una zona cada vez más buscada tanto para vivienda como para inversión.

Contactame y coordinamos una visita!",,1.0,True,,USD,69900.0,ARS,70000.0,2005.74,2127.85,1,1,1,34.85,32.85,Avenida Chorroarín 600,Parque Chas,"Parque Chas, Capital Federal",-34.5894774,-58.4736745,active,420951185-120,https://www.remax.com.ar/listings/monoambiente-con-balcon-en-parque-chass
523248,03dba62b-d5ce-49f7-9788-e11a74ecc4d5,sale,departamento_estandar,VENTA DEPTO. 3 AMB. BAUL/ APTO PROF. ALMAGRO,"VENTA DEPARTAMENTO IMPECABLE DE 3 AMBIENTES EN EL BARRIO DE ALMAGRO CON GRAN BALCON Y BAULERA. Listo para habitar!!!! 

Ingresamos al departamento el cual cuenta con puerta blindada, y nos encontramos con una cocina del lado izquierdo,  que está semi integrada al living comedor. Equipada con horno a gas y espacio para lavarropas, con ventana cerca del mismo como se puede apreciar en las fotos.
El living comedor de amplitud tal que permite la incorporación de generoso escritorio y aprovechar dicho espacio para realizar home office. 
El living comedor tiene salida a un gran balcón corrido con vista abierta y disposición frente.
Al ingresar a las habitaciones, encontramos la habitación principal en suite , con disposición frente y salida al balcón.
La otra habitación se encuentra frente a la principal, ambas con grandes y amplios placards.
Cuenta con toilette de recepción.
Todos los ambientes se destacan por su luminosidad!!!!
Esta unidad posee baulera en el subsuelo, de grandes dimensiones, tal como se ve en las fotos.

Apto Profesional

El edificio cuenta con dos parrillas, SUM Salón de Usos Múltiples con su baño y office, cocheras tanto cubiertas como descubiertas disponibles para alquilar. Metraje de las cocheras: 2.5x5mts
En cuanto a los servicios, cuenta con calefacción por estufas y aire acondicionado Frío calor.



El departamento se encuentra cercano a la Av Corrientes, Av Rivadavia, cerca del Htal Italiano, Shopping Abasto,  rodeado de comercios alimenticios y locales gastronómicos, 
En cuanto a medios de transporte, se encuentra cerca de la línes del subte B y amplia variedad de colectivos .
Es de destacar los lugares de esparcimiento cercanos como el Parque Centenario, la Plaza Almagro y el Parque de La Estación.

Detalles del Edificio:
Hall de entrada en porcelanato y revestimientos de madera.
2 Ascensores automáticos ( uno por cada palier) con terminaciones de acero inoxidable y pisos de porcelanato. Edificio con dos cuerpos.
Instalaciones sanitarias: cañerías por termofusión  Aquasystem y Duratop ( grupo Demo) 

Consultanos todos los días de la semana para mayor información y coordinar tu visita a esta hermosa propiedad!







El edificio es apto profesional.",,21.0,False,Electricidad | Agua | Gas | Internet | Televisión por Cable | Alarma | Aire Acondicionado | Ascensor | Salón de usos múltiples - SUM | Dormitorio | Comedor | Baño | Cocina | Living | Lavadero | Placard | Parrilla | Disposición Frente | Balcón | Toilet | Baulera | Permite Mascotas,USD,135000.0,ARS,236500.0,1996.75,2220.76,3,2,1,67.61,60.79,Teniente General Juan Domingo Perón 3400,Almagro,"Almagro, Capital Federal",-34.6067655,-58.4158868,active,421141018-330,https://www.remax.com.ar/listings/venta-depto-3-amb-baul-apto-prof-almagro
651424,284dab32-1cf7-4d5d-b587-4591c9793551,sale,ph,"PH en venta 4 ambientes, Villa Lugano","PH 4 AMBIENTES CON TERRAZA -APTO CRÉDITO-

Excelente PH de 4 ambientes en Villa Lugano, distribuido en planta baja, primer piso y terraza, con una superficie total de 92 m².

Al ingresar, nos encontramos con un living comedor amplio y luminoso, que cuenta con dos grandes ventanales: uno con vista al patio y otro hacia la calle, generando una agradable ventilación cruzada y muy buena circulación de aire.

En planta baja también encontramos un toilette y una cocina independiente, equipada con mesada de mármol y ventana con salida de luz y ventilación hacia el patio.

Una escalera de madera nos conduce al primer piso, donde se encuentra el sector más privado de la propiedad. Allí se ubican tres dormitorios, dos de ellos de buenas dimensiones, ambos con pisos de cerámica: uno con ventana al patio y otro con ventana hacia la calle. El tercer dormitorio, de menor tamaño, resulta ideal como habitación individual, escritorio o espacio de usos múltiples.

El primer piso cuenta además con un baño completo con bañera y mampara.

Para completar la propuesta, la propiedad ofrece una terraza semidescubierta, equipada con parrilla, horno de barro y un galpón.

Una propiedad con una distribución funcional, espacios exteriores y múltiples posibilidades de uso, ideal para quienes buscan la comodidad de una casa con el potencial y las características de un PH.

En cumplimiento de las normas legales aplicables informamos que los agentes NO ejercen Corretaje Inmobiliario. Todas las operaciones inmobiliarias son concluidas por el Corredor Inmobiliario y Martillero Publico Roque Ciampa CUCICBA 5946/CM 1015

Las medidas, superficies y expensas consignadas en la presente son aproximadas; y al solo efecto orientativo. Los datos definitivos son los que surgirán del título de la propiedad y de los comprobantes respaldatorios.
",,50.0,False,,USD,120000.0,ARS,0.0,1302.65,1572.74,4,3,1,92.12,76.3,Itaquí 6800,Villa Riachuelo,"Villa Riachuelo, Capital Federal",-34.6912294,-58.4768667,active,422201018-16,https://www.remax.com.ar/listings/ph-en-venta-4-ambientes-villa-lugano
657564,39d48f9a-a405-456b-ace9-3c8decb911fc,sale,departamento_duplex,"PH. 3 AMB. Con Terraza, Balcones y Parrilla.","DEPTO tipo PH, en edificio sin ascensor.
Accseso primer piso por escalera . Unidad al frente.
Condomino de 7 unidades en total
Compuesto por ambiente unico de cocina y living, dos dormitorios , un solo baño completo con bañera. (No hay toilette) , terraza propia con parrilla.

Distribución: 

Primer piso: Acceso a Ambiente unico con cocina muy completa incorporada al living con balcón a la calle y con muebles a medida y sistema de rieles para máxima comodidad bajo escalera.

Segundo piso: dos dormitorios al frente ambos con salida al balcón y placards. Un baño completo para ambos dormitorios. 

Tercer piso: Amplia Baulera arriba de la escalera.  Hall de acceso a terraza equipado con muebles a medida.  Gran terraza con parrilla, lavadero y ducha. El espacio cuenta con un toldo screen y con la ducha con deck, todo fue pensado para tener la comodidad y poder disfrutar de las reuniones al aire libre.

Vista al verde con mucha amplitus visual y sol todo el dia en la terraza. 
Orientacion sudeste.

A una cuadra de Av, Congreso y a una cuadra de Av. Constituyentes, dos avenidas con todos los servicios. 


",,21.0,False,Terraza | Parrilla,USD,170000.0,ARS,0.0,1888.89,2428.57,3,2,1,90.0,70.0,Tomás A. Le Bretón 5800,Villa Urquiza,"Villa Urquiza, Capital Federal",-34.5753043,-58.4984318,active,421531031-1036,https://www.remax.com.ar/listings/ph-3-amb-con-terraza-balcones-y-parrilla
527283,56eb901d-3b4e-4145-a587-ef97f852759b,sale,terrenos_y_lotes,Lote Terreno para Desarrollo Saavedra,"Increible Lote para desarrollo cuenta con todos los servicios , ubicado en Saavedra en la calle Jaramillo al 3400 entre Superi y Conde , excelente zona de mucho crecimiento , rápidos accesos, a dos cuadras del Parque Saavedra, a la Avenida Cramer, a la Avenida R Balbin al polo gastronómico y en una ubicación de constante desarrollo, ideal para la realización de emprendimiento.

Jaramillo 3482 - CABA
Unidades de Sustentabilidad de Altura Baja 2
PB + 4 Pisos


Dimensiones: 8,25 x 15,17
Área edificable en planta / Area: 125 m2
Altura Máxima: 14,6 m

Datos de la parcela

Distrito CPU: R2b I
FOT: 1,6
Superficie de la parcela: 123.3m²
Incidencia UVA: 290
Alícuota: 0,27

Estudio de Prefactibilidad disponible para revisión por parte de interesados serios y profesionales del sector.
Propiedad actualmente ocupada por una casa de 4 ambientes (a demoler o refaccionar íntegramente).

¡Excelente oportunidad para un nuevo emprendimiento en Saavedra!
Contacto: Coordiná una visita al lugar o solicitá la documentación técnica de prefactibilidad.
",,,False,Electricidad | Agua | Gas | Agua Corriente | Dormitorio | Comedor | Baño | Cocina | Patio | Terraza | Lavadero | Placard | Parrilla | Disposición Frente | Otro | Living/Comedor | Agua Potable,USD,260000.0,ARS,0.0,2080.0,,0,0,0,125.0,0.0,Jaramillo 3400,Saavedra,"Saavedra, Capital Federal",-34.5521008,-58.4765588,active,420281276-19,https://www.remax.com.ar/listings/lote-terreno-para-desarrollo-saavedra
631191,4dce411e-ae5e-4aee-bb91-8d39b2453606,sale,casa,Venta casa 7 amb. a refaccionar  Parque Chacabuco,"CASA 7 AMBIENTES PARQUE CHACABUCO CAPITAL FEDERAL - APTO CREDITO

Propiedad familiar ubicada sobre calle Puán en el corazón de Parque Chacabuco, con una superficie total de 174 m² distribuidos estratégicamente en 7 ambientes. La casa ofrece un diseño funcional ideal para familias que buscan espacios amplios y versátiles.

La propiedad presenta una distribución óptima en PB con 3 dormitorios, 1 baño completo, 1 toilette. living, comedor, cocina, escritorio, lavadero, patio cubierto; pasillo con bajo escalera y escaleras que conectan con la terraza. 

En el primer piso, se encuentran 2 habitaciones ,espacio de comedor, baulera

Potencial de desarrollo arquitectónico, aprovechando el terreno. 

Los espacios interiores se caracterizan por su amplitud y comodidad, garantizando funcionalidad para diferentes necesidades familiares.

Ubicación estratégica con excelente conectividad. Líneas de colectivos cercanas: 23, 26, 44, 50, 101 y 133. 

Perteneciente a Comuna 7, próximo al Hospital Dr. P. Piñero y Comisaría Comunal 7.

Servicios disponibles: 
Agua
Gas natural. 

Ideal para inversion o vivienda permanente.",,46.0,True,Agua | Agua Corriente | Dormitorio | Baño | Terraza | Cocina/Comedor | Living/Comedor | Agua Potable,USD,115000.0,ARS,0.0,660.92,660.92,7,4,2,174.0,174.0,Puán 2000,Parque Chacabuco,"Parque Chacabuco, Capital Federal",-34.6439119,-58.4404452,active,421231112-39,https://www.remax.com.ar/listings/venta-casa-7-amb-a-refaccionar-parque-chacabuco
607641,fee3ac30-65c9-4ed1-8fa9-fe8d14a58fcb,sale,departamento_estandar,VENTA DEPTO BELGRANO 3 AMB BALCON CORRIDO NUEVO,"DEPARTAMENTO DE 3 AMBIENTES EN VENTA EN BELGRANO CHICO, ZONA DE MAXIMA DEMANDA, 61 M² 2

TODO LO QUE BUSCAS Y NO ENCONTRAS EN UNA SOLA PROPUESTA:  UNIDAD DE 3 AMB. A ESTRENAR (HECHA A NUEVO COMPLETA),  2 DORMITORIOS.  BALCON CORRIDO. LUZ, SOL Y VENTILACION CRUZADA EN TODOS LOS AMBIENTES, PLACARDS GRANDES DE PISO A TECHO, ESPACIO PARA LAVARROPAS, COCINA CON ESPACIO PARA DESAYUNADOR,  BUENAS EXPENSAS Y A PASOS DE AV DEL LIBERTADOR, BARRANCAS DE BELGANO Y PARQUE REGATAS PALERMO. ZONA DE MAXIMO INTERES EN CABA.

Un refugio de luz y diseño se despliega en el corazón de Belgrano Chico, donde cada rincón cuenta una historia de confort y estilo de vida urbano. Este departamento de 61 m² es más que un espacio, es donde tus sueños encuentran su hogar. 

UBICACIÓN PRIVILEGIADA

Situado en la intersección de Pampa y Migueletes,  en un sexto piso de un edificio de ocho plantas, este departamento se eleva como un mirador estratégico. A apenas una cuadra de Avenida del Libertador y La Pampa, goza de una ubicación envidiable a pasos del Parque Regatas y las Barrancas de Belgrano. La zona concentra parques, comercios y transporte, conformando el entorno ideal para quienes buscan vivir en el corazón porteño sin renunciar a la tranquilidad.

ESPACIOS LUMINOSOS Y FUNCIONALES
Sus ventanales generosos invitan la luz natural a cada rincón, transformando los ambientes en espacios luminosos y acogedores. El living comedor se expande hacia un balcón corrido de 7 m² que recibe sol de tarde y crea una transición perfecta entre el interior y el exterior. Imaginate disfrutar del atardecer porteño con un café en el amplio balcón, contemplando la vida de la ciudad.

COCINA EQUIPADA CON ESTILO
La cocina office, diseñada con elegancia funcional, presenta mesada de granito, alacenas completas y espacios estratégicos para electrodomésticos. Artefacto de cocina nueva con 4 hornallas. Cuenta con espacio para heladera alta y conexión de lavarropas, espacio para microondas, conformando un rincón pensado para quienes disfrutan preparar sus comidas con estilo, con espacio para mesa o barra. Linda ventana al exterior. 

DORMITORIOS CONFORTABLES
El dormitorio principal ofrece un placard de piso a techo del ancho total de pared y salida directa al balcón corrido, garantizando privacidad y luminosidad. 
El segundo dormitorio completa la distribución, brindando flexibilidad para adaptarse a tus necesidades.

PASILLO DE CIRCULACION CON PLACARD DE GUARDADO DE PISO A TECHO.

BAÑO COMPLETO
Baño equipado con ducha, vanitory, espejo lumínico LED,  pisos de porcelanato terminación madera  y ventana al exterior que asegura ventilación natural y claridad.

RENOVACIÓN INTEGRAL Y SERVICIOS ACTUALIZADOS

Departamento completamente hecho a nuevo en todos sus ambientes, que combina la solidez de lo clásico con las comodidades contemporáneas. Instalaciones eléctricas actualizadas, baño y cocina a estrenar, pisos nuevos, calefón y artefacto de cocina a estrenar a gas. 


EL EDIFICIO
El edificio cuenta con encargado y excelente mantenimiento, reflejando el cuidado constante de la propiedad.
Buenas expensas.
Terraza de tendido.

CARACTERÍSTICAS DESTACADAS

• Superficie total: 61 m² (54 m² cubiertos, 7 m² semicubiertos)
• 2 dormitorios
• 1 baño completo
• Balcón corrido
• Cocina equipada con mesada de granito
• Aire acondicionado en LC
• Placard de piso a techo en dormitorio principal
• Piso 6 de edificio de 8 plantas
• Estado general: excelente
• A estrenar

SERVICIOS E INFRAESTRUCTURA

• Electricidad con instalación renovada
• Calefón y cocina a gas 
• Agua incluida en expensas
• Edificio con encargado y excelente mantenimiento
• Ubicación privilegiada a pasos de parques, comercios y transporte


-----VENTA DIRECTA- NO ES APTO CREDITO---------------

Expensas: $240.000 (incluye agua)


Un espacio que no es solo un departamento, sino el escenario de tu próximo capítulo de vida en Belgrano. Contactanos para visitarlo y comenzar a armar tu próximo hogar.",,45.0,False,Electricidad | Gas | Agua Corriente | Aire Acondicionado | Dormitorio | Baño | Cocina | Placard | Balcón | Living/Comedor,USD,165500.0,ARS,240000.0,2713.11,3064.81,3,2,1,61.0,54.0,Migueletes 1800,Belgrano Chico,"Belgrano Chico, Belgrano, Capital Federal",-34.558671090715,-58.444204330335,active,420951072-170,https://www.remax.com.ar/listings/venta-depto-belgrano-3-amb-balcon-corrido-nuevo
627927,7c4188d1-0124-4575-b5c3-3d4b0cd2fc77,sale,departamento_estandar,Venta 2 ambientes Almagro en pozo inversión cuotas,"Venta departamento 2 ambientes en el barrio de Almagro
Obra iniciada

La unidad publicada es primer piso
Un hermoso dos ambientes, con cocina integrada
Excelente inversión en un hermoso departamento de 2 ambientes con balcón

DIFERENTES FORMAS DE PAGO, FINANCIACION DIRECTA DE LA CONSTRUCTORA
*EL PRECIO PUBLICADO VARIA CON LA FINANCIACION
* Entrega Estimada Noviembre 2027
* Consultar por unidades disponibles en otros pisos y otra tipología

El Proyecto

¡Te presentamos CASTELLAMARE AVENUE, el nuevo desarrollo inmobiliario que será tu próxima inversión en Almagro! 

CONSTRUCTORA CON AÑOS DE TRAYECTORIA

El edificio tiene una excelente ubicación en la avenida Hipólito Yrigoyen 4034, entre las calles Quintino Bocayuva y Treinta y Tres Orientales, a 200 metros de la Avenida Rivadavia, cercano Avenida La Plata, límite con Caballito. 
En una de las zonas más buscadas de la ciudad, cercano al Parque Rivadavia, ofrece excelentes conexiones de transporte público, subte, acceso a numerosos locales comerciales, restaurantes, escuelas, bancos. 

HY 4034 se compone de 11 pisos de viviendas, apto profesionales, con 42 unidades de 1, 2, 3 ambientes, diseñadas con un alto nivel de calidad y confort. El edificio contará con terraza con parrilla, laundry y bicicletero. En CASTELLAMARE AVENUE, encontrarás la inversión perfecta, en un entorno tranquilo y seguro que te permitirá disfrutar al máximo de tu vida en la ciudad…

El proyecto cuenta con un monoambiente, unidades 2 ambientes desde 34m2, 3 ambientes desde 48m2 

TERMINACIONES

PUERTA DE INGRESO DE SEGURIDAD DE PRIMERA MARCA
AIRE ACONDICIONADO FRIO / CALOR INSTALADO
CARPINTERIAS CON DOBLE VIDRIO HERMETICO
MUEBLES DE COCINA DE MELAMINA 
ANAFE Y HORNO ELECTRICO
GRANITO EN MESADAS DE COCINA
ARTEFACTOS Y GRIFERIAS DE PRIMERAS MARCAS
PISOS DE PORCELANATO
CONEXIÓN PARA LAVARROPA
Dos ascensores
PISO 12 Parrilla Solarium Mini Piscina
SUBSUELO Bicicletero 

NO DUDES EN TENER UNA ENTREVISTA PARA RECIBIR MAS INFORMACION, CONTACTANOS!!!

Nota: Pueden existir modificaciones en el plano y pliego de especificaciones técnicas que no alteran la calidad de lo indicado.
Las superficies indicadas son de construcción y estimativas.
*Las medidas son orientativas, las reales surgirán de la escritura traslativa de dominio.
*EL VALOR PUBLICADO PUEDE VARIAR SIN PREVIO AVISO. CONSULTAR PRECIO ACTUALIZADO


",,1.0,False,Electricidad | Agua | Aire Acondicionado | Ascensor | Dormitorio | Baño | Cocina | Terraza | Placard | Parrilla | Orientación Norte | Disposición Frente | Balcón | Cocina/Comedor,USD,70000.0,ARS,0.0,1743.46,1813.47,2,1,1,40.15,38.6,Avenida Hipólito Yrigoyen 4000,Almagro,"Almagro, Capital Federal",-34.614887,-58.4235339,active,151256-157,https://www.remax.com.ar/listings/venta-2-ambientes-almagro-en-pozo-inversion-cuotas-1
625941,37b7e8e6-f876-40fc-972e-ed5cc4f6313b,sale,departamento_estandar,VENTA DPTO 4 AMB c/ DEPENDENCIA RECOLETA PERMUTA,"Departamento de 4 ambientes con dependencia en el corazón de Recoleta

Ubicado sobre Azcuénaga al 1000, a metros de Av. Santa Fe, este amplio departamento combina la categoría de una construcción clásica con el confort y la funcionalidad que demanda la vida actual.

Con 139 m² totales (130 m² cubiertos), la propiedad ofrece una excelente distribución, ambientes amplios y una gran luminosidad.

Al ingresar nos recibe un espacioso living-comedor con salida al balcón corrido al frente, ideal para disfrutar de la luz natural. La cocina es independiente, con cómodas dimensiones, excelente capacidad de guardado y lavadero.

El sector privado cuenta con tres dormitorios con placard, un baño completo y toilette de recepción. Además, dispone de dependencia de servicio con baño propio y entrada independiente, ofreciendo múltiples posibilidades de uso: escritorio, dormitorio de huéspedes o espacio de trabajo.

Características destacadas:

* 4 ambientes.
* 3 dormitorios.
* Dependencia de servicio con baño.
* Balcón al frente.
* Baño completo + toilette.
* Cocina independiente con lavadero.
* Calefacción por radiadores.
* Aire acondicionado.
* Baulera.
* Terraza de uso común.

Su ubicación es uno de sus principales diferenciales: en pleno Recoleta, a metros de Av. Santa Fe, rodeado de una amplia oferta gastronómica, comercial, educativa y de servicios, con excelente conectividad hacia toda la ciudad.

Una propiedad ideal para quienes buscan amplitud, confort y una ubicación privilegiada en uno de los barrios más emblemáticos de Buenos Aires.

Contactanos para coordinar una visita y descubrir todo su potencial.",,66.0,False,,USD,295000.0,ARS,450000.0,2122.3,2269.23,4,3,2,139.0,130.0,Azcuénaga 1000,Recoleta,"Recoleta, Capital Federal",-34.5959883,-58.3998884,active,421381151-106,https://www.remax.com.ar/listings/venta-dpto-4-amb-c-dependencia-recoleta-permuta-1
618909,49498483-3e3c-4f0a-aaf2-bde40a26399a,sale,departamento_estandar,VENTA DEPARTAMENTO 2 AMB CON PATIO MONTE CASTRO,"Departamento de 2 ambientes con PATIO, listo para mudarte, en el corazón de Monte Castro

Ubicado sobre Pedro Calderón de la Barca 1400, este encantador departamento de 2 ambientes combina comodidad, buena distribución y una excelente ubicación para quienes buscan vivir en un barrio tranquilo, con rápido acceso a toda la ciudad.

La propiedad cuenta con un luminoso living-comedor, un dormitorio de cómodas dimensiones con placard de piso a techo, baño completo y una cocina renovada, de estilo tradicional, funcional y en muy buen estado de mantenimiento.

Todos los ambientes tienen ventilación y luz natural gracias a sus ventanas con vista al patio, que además se conecta directamente con la cocina, generando un espacio muy práctico para disfrutar al aire libre.

Se encuentra en un edificio de sólo un piso, lo que brinda un entorno tranquilo y de pocas unidades.

Su ubicación es uno de sus grandes diferenciales:
A 1 cuadra de la Plaza Don Bosco.
A 1 cuadra de Av. López de Vega.
A 7 cuadras de Av. Juan B. Justo.
A 5 minutos de Av. General Paz.

Con múltiples líneas de transporte, comercios y servicios en las inmediaciones.

Una propiedad cuidada, funcional y lista para habitar, ideal para quienes buscan un hogar cómodo o una excelente oportunidad de inversión en una de las zonas más buscadas de Monte Castro.

Además sabías que si estas vendiendo para comprar también puedo ayudarte en el proceso?
Coordinemos tu visita y mudate a la vida que querés!

Financiación:
Si compras tu casa con RE/MAX y te falta hasta un 30% del valor podés acceder a un préstamo a través de LENDAR con mínimos requisitos y aprobación en sólo 7 días hábiles!

El trámite es 100% online y sin bancos!

Podes hacer la simulación de las cuotas en el link y calcular vos tu préstamo. Conoce más sobre LENDAR en www.lendar.com.ar",,21.0,True,Dormitorio | Baño | Cocina | Patio | Living/Comedor,USD,74000.0,ARS,75000.0,1850.0,2276.92,2,1,1,40.0,32.5,Pedro Calderón de la Barca 1400,Monte Castro,"Monte Castro, Capital Federal",-34.6258531,-58.5063814,negotiation,420041530-40,https://www.remax.com.ar/listings/venta-departamento-2-amb-con-patio-monte-castro
592121,e1631b15-7aa3-4a66-b621-0f86d70d3c39,sale,departamento_monoambiente,Venta monoambiente full amenities V. del Parque,"Te presentamos LOT HELGUERA, un proyecto de categoría, con detalles de calidad constructiva, full amenities, gran confort y terminaciones que marcan la diferencia.

[EL BARRIO] Emplazado en la intersección de las calles Helguera y Pedro Lozano, en el barrio porteño de Villa del Parque. 
De excelente ubicación dentro del barrio: ¡a metros de la Estación del Ferrocarril San Martin, a pasos del paseo comercial de la calle Cuenca y rodeado de calles tranquilas y arboladas y ofertas gastronómicas, que lo convierten en una opción ideal! 

[EL PROYECTO]
- Subsuelos: Dos plantas con espacios de cocheras
- Planta baja: Entrada Peatonal y vehicular, locales comerciales
- Pisos 1°al 3°: departamentos de 1, 2 y 3 ambientes
- Pisos 4° al 7°: departamentos de 2 y 4 ambientes con dependencia
- Piso 8°: departamentos de 3 y 4 ambientes con dependencia 
- Piso 9°: departamentos de 4 ambientes

- Amenities de primer nivel: Espacio Gourmet * Espacio de Coworking * Conference Room * Piscina y Solárium * Asadores * Fitness Room * Cocheras * Laundry * Bauleras * Bicicleteros * Grupo electrógeno - Fecha Estimada de Entrega: Primer semestre de 2027 


[UNIDAD 106] Se trata de un departamento monoambiente ubicado en el primer piso al frente. 
Superficie Cubierta: 31,05 m² Superficie Semi Cubierta: 4,55 m² Amenities: 2,94 m² Superficie Total 38,54 m². 
La unidad cuenta con:
•	Entrada
•	Gran ambiente con cocina integrada
•	Placard
•	Balcón
•	Baño completo 

Estrega Estimada: Marzo 2027

[CARACTERISTICAS TECNICAS Y CONSTRUCTIVAS] • TABIQUES INTERIORES DE LAS UNIDADES -Tabiques interiores con mampostería de ladrillos con terminaciones de yeso y pintado. • CIELORRASOS -Cielorrasos: Aplicados o suspendidos con terminaciones de yeso y pintado. • SOLADOS -Estar - comedor: revestimiento tipo Porcelanato o Piso flotante -Dormitorios: revestimiento tipo Porcelanato o Piso flotante. -Baños: cerámicas en piso y pared. -Cocinas: cerámicas en piso alzada de granito. Idem mesada. -Balcón: cerámica esmaltada de primera calidad. -Azotea: cerámica esmaltada de primera calidad. • REVESTIMIENTOS Y MESADAS -Artefactos sanitarios Ferrum o similar Griferías: Línea FV o similar -Cocinas: Mesadas de granito, alacena y bajo mesada incluidos, Grifería monocomando -Los muebles bajo mesada y alacena de cocina serán en melamina con herrajes de primera calidad. • CARPINTERIA METALICA -Carpinterías exteriores: Marcos y hojas con perfileria de aluminio. • CARPINTERIA DE MADERA -Puertas interiores: placas de 45 mm. de espesor, lustradas color madera o blanca. -Puertas exteriores: de chapa contra incendio para recibir pintura. -Frente de placards en hojas corredizas de piso a techo, en melamina blanca e interiores de placard. • TELEVISION -La instalación de TV incluye canalizaciones para videocable en todos los ambientes principales • TELEFONIA -Bocas de teléfono en todos los ambientes principales. • ASCENSORES -Ascensores de última generación de 1era marca. Las cabinas serán con puertas automáticas de acero en planta baja y cabina, y espejo en el interior. • INCENDIO -El edificio cuenta con un sistema de protección contra incendio por medio de matafuegos y mangueras en palieres de servicio. Todo de acuerdo a reglamentaciones vigentes. • INSTALACION SANITARIA -La instalación para agua fría y caliente, las montantes y cañerías de distribución de agua y desagües se ejecutarán con materiales de primera calidad de termofusión. -Los artefactos y grifería de todos los locales húmedos serán de primera calidad y reconocida marca. • HALL DE ACCESO -Hall de acceso con carpintería de aluminio revestido en madera y espejado. • PORTON -Portón automático. • HERRAJES -Serán de primera calidad, en acero platil. • PINTURA - Las unidades y todas las partes comunes, garaje, sala de máquinas, etc. se entregarán con pintura al látex en paredes y esmaltes sintéticos de primera calidad en carpintería de hierro. • CALEFACIÓN Y AIRE ACONDICIONADO -Calefacción por piso radiantel. Pre instalación de aire acondicionado en todos los ambientes. -Cortinas tipo Roller. Consultar por otras unidades disponibles 

Cocheras optativas

Los metros aquí publicados son aproximados. Los reales surgen de la escritura




",,1.0,False,Gimnasio | Pileta | Business Center | Laundry | Ascensor | Salón de usos múltiples - SUM | Baño | Cocina | Placard | Disposición Frente | Balcón | Solarium,USD,107000.0,ARS,0.0,2798.12,2798.12,1,0,1,38.24,38.24,Helguera 3100,Villa del Parque,"Villa del Parque, Capital Federal",-34.6005172,-58.4941513,active,181556-52,https://www.remax.com.ar/listings/venta-monoambiente-full-amenities-v-del-parque
602879,110325a8-8f30-4931-a15e-a8519458d8e7,sale,departamento_piso,VENTA HERMOSO PISO DE 3 AMB EN VILLA DEL PARQUE,"DEPARTAMENTO 3 AMBIENTES EN VENTA EN VILLA DEL PARQUE, CAPITAL FEDERAL

ENTREGA NOVIEMBRE 2026

Un refugio urbano donde el diseño contemporáneo se fusiona con la comodidad moderna. Este departamento de 103 m² se erige como un espacio de vida pensado para profesionales exigentes que valoran la elegancia funcional.

Ubicado estratégicamente sobre Campana, en el vibrante barrio de Villa del Parque, este departamento de 3 ambientes representa una oportunidad única de inversión y estilo de vida. Emplazado en el tercer piso de un edificio de líneas modernas, ofrece una distribución inteligente que maximiza cada metro cuadrado.

La propiedad combina 84 m² cubiertos con 19 m² semicubiertos, generando un ambiente luminoso y versátil. Dos habitaciones amplias, un baño completo y una toilette complementan un diseño pensado para el confort contemporáneo. El vestidor añade un toque de practicidad y sofisticación.

Su orientación oeste garantiza una iluminación natural espectacular, mientras que amenities como losa radiante, ascensor y solarium elevan la experiencia de habitar este espacio. La cochera y los servicios completos de electricidad, agua, gas y desagüe cloacal añaden valor y comodidad.

Proyectado para entrega en septiembre 2026, este departamento no es solo una propiedad, es un lienzo donde construir tus proyectos y sueños urbanos. Una inversión inteligente en uno de los barrios más dinámicos de Capital Federal.

CONECTIVIDAD: 
Líneas de transporte de colectivos que conectan con toda la ciudad
Ferrocarril San Martin

EDUCACION:
Gran oferta de escuelas públicas y privadas tanto sea jardín, primaria y secundaria

ACTIVIDADES:
Importante oferta gastronómica, plaza Aristóbulo del Valle, Shopping del Parque, gimnasios e innumerables comercios de indumentaria y alimenticios, todos los bancos privados y públicos (Nación y Provincia)


DISCLAIMER LEGAL:
OSVALDO GONZÁLEZ
CPI 7287 / CMCPDJLP 7244
En cumplimiento de las leyes provinciales vigentes que regulan el corretaje inmobiliario, Ley Nacional 25.028, Ley 22.802 de Lealtad Comercial, Ley 24.240 de Defensa al Consumidor, las normas del Código Civil y Comercial de la Nación y Constitucionales, los agentes/gestores NO ejercen el corretaje inmobiliario. Todas las operaciones inmobiliarias son objeto de intermediación y conclusión por parte de los martilleros y corredores colegiados, cuyos datos se exhiben debajo del nombre de la inmobiliaria",,1.0,False,"Electricidad | Agua | Gas | Desague Cloacal | Losa Radiante | Ascensor | Dormitorio | Vestidor | Baño | Cocina | Living | Placard | Orientación Oeste | Acceso de cochera, Horizontal | Disposición Frente | Balcón | Solarium | ComYAmenCalefacción | Living/Comedor",USD,285904.0,ARS,0.0,2774.69,3399.98,3,2,1,103.04,84.09,Campana 2500,Villa del Parque,"Villa del Parque, Capital Federal",-34.607133672643,-58.492167947843,active,420571093-113,https://www.remax.com.ar/listings/venta-hermoso-piso-de-3-amb-en-villa-del-parque
646731,94767d64-874a-4b0f-bec9-863e2fa7c474,sale,departamento_estandar,VENTA DEPTO 3 AMBIENTES EN LUMIERE - PUERTO MADERO,"Departamento de 3 ambientes de categoría en Puerto Madero con cochera 

Unidad de diseño contemporáneo, con una impronta arquitectónica que privilegia la luz natural, la amplitud visual y la relación con el entorno urbano.

El área social se desarrolla en un amplio living–comedor con fachada curva completamente vidriada, generando una experiencia espacial única, con vistas abiertas y excelente asoleamiento durante todo el día. La integración con la cocina aporta fluidez y funcionalidad, con mobiliario de líneas modernas y terminaciones sobrias que acompañan el conjunto sin restar protagonismo al espacio.

El sector privado ofrece dos dormitorios bien proporcionados, uno de ellos en suite, con baños de estética actual y materiales de calidad. La distribución asegura privacidad, confort y un uso eficiente de cada ambiente.

Los pisos símil madera, las carpinterías de aluminio negro y la climatización instalada refuerzan una estética moderna, elegante y atemporal.

Ubicado en uno de los sectores más consolidados de Puerto Madero, rodeado de espacios verdes, arquitectura emblemática y servicios de primer nivel, este departamento es ideal para quienes buscan vivir con estilo, luz y calidad constructiva en una de las zonas más exclusivas de la ciudad.

Amenities del edificio
Piscina descubierta con solárium
Gimnasio equipado
SUM
Sector de parrillas
Sauna
Espacios de relax
Laundry

Coordinemos una visita! ",,2.0,False,,USD,550000.0,ARS,0.0,5283.38,5283.38,3,2,2,104.1,104.1,Juana Manso 1500,Puerto Madero,"Puerto Madero, Capital Federal",-34.6154773,-58.3623971,active,421341081-195,https://www.remax.com.ar/listings/venta-depto-3-ambientes-en-lumiere-puerto-madero
595717,78dab54f-fdb9-49de-b0d0-c168e19921ca,sale,departamento_estandar,Venta Depto 3 amb Belgrano Bajas Expensas,"Excelente oportunidad para vivir o invertir en una de las zonas más buscadas de la Ciudad de Buenos Aires.

Ubicado sobre la calle Blanco Encalada, en pleno corazón de Belgrano, este departamento de 3 ambientes ofrece una combinación ideal de ubicación, funcionalidad y potencial de valorización.

La propiedad cuenta con 47 m² cubiertos distribuidos de manera eficiente, brindando ambientes cómodos . Dispone de dos dormitorios, living-comedor, cocina y baño completo, conformando una distribución práctica para familias, parejas o profesionales.

Situado en el quinto piso de un edificio sólido de 13 plantas construido en 1970, la unidad se encuentra en estado general de conservación regular, con gran potencial de actualización y revalorización.

Su estratégica ubicación permite acceder rápidamente a una amplia oferta de comercios, supermercados, instituciones educativas, centros de salud, espacios verdes y múltiples medios de transporte, garantizando una excelente conectividad con el resto de la ciudad.

Una propiedad con ubicación privilegiada y gran potencial de revalorización en uno de los barrios con mayor demanda de la Ciudad de Buenos Aires.

Consultanos para coordinar una visita.",,58.0,True,Electricidad | Gas | Desague Cloacal | Agua Corriente | Ascensor | Dormitorio | Baño | Cocina | Placard | Disposición Lateral | Permite Mascotas | ComYAmenCalefacción | Living/Comedor,USD,109000.0,ARS,165000.0,2306.88,2306.88,3,2,1,47.25,47.25,Blanco Encalada 2300,Belgrano,"Belgrano, Capital Federal",-34.5586921,-58.458392,active,421471081-7,https://www.remax.com.ar/listings/venta-depto-3-amb-belgrano-bajas-expensas
551853,126b8f89-60d0-4a03-b722-05f929aa2d23,sale,departamento_estandar,VENTA Dpto 3amb-balcón-SUM-seguridad- V Santa Rita,"Excelente departamento de tres ambientes en venta ubicado en el barrio de Villa Santa Rita. 

La propiedad se destaca por su gran luminosidad y ventilación, ya que todos los ambientes ventilan al exterior, lo que garantiza una agradable circulación de aire y luz natural durante todo el día. 

Cuenta con un cómodo living comedor con salida al balcón, ideal para disfrutar del aire libre, una cocina funcional con lavadero incorporado, también con salida al balcón, dos dormitorios con placard y un muy buen estado general de conservación, listo para habitar.

El edificio ofrece un entorno seguro y familiar, con seguridad las 24 horas, SUM para reuniones, sector de juegos infantiles y canchita de fútbol.

Una excelente oportunidad para quienes buscan confort, luz y calidad de vida en una ubicación tranquila. 

¡No dejes pasar esta oportunidad y vení a conocerlo!
",,43.0,False,Electricidad | Agua | Gas | Seguridad | Cancha de futbol | Dormitorio | Baño | Cocina | Lavadero | Placard | Balcón | Living/Comedor,USD,118000.0,ARS,0.0,2070.18,2070.18,3,2,1,57.0,57.0,Remedios de Escalada de San Martín 2700,Villa Santa Rita,"Villa Santa Rita, Capital Federal",-34.6143797,-58.4765934,reserved,421071053-391,https://www.remax.com.ar/listings/venta-dpto-3amb-balcon-sum-seguridad-v-santa-rita
654131,d23a12de-770d-42a4-9389-19cfdbaea2ca,sale,departamento_estandar,VENTA DEPTO 4 AMB 2 BALCONES COCH/BAULERA V CRESPO,"VENTA HERMOSO DEPTO. 4 AMBIENTES CON COCHERA, BAULERA Y 2 BALCONES – VILLA CRESPO

APTO CREDITO!

Amplio, luminoso y en impecable estado. ¡Listo para mudarse!

Excelente departamento de 4 ambientes de casi 100 m² totales, ubicado en un 6.º piso al frente, sobre Acevedo al 400, esquina Av. Corrientes, en una de las zonas más buscadas y conectadas de Villa Crespo.

La propiedad se destaca por sus excelentes dimensiones, luminosidad, cómoda distribución y espacios de guardado, además de contar con dos balcones, cochera fija y cubierta y una amplia baulera.

Al ingresar nos encontramos con un amplio y luminoso living-comedor, con salida al balcón al frente, generando un ambiente agradable y lleno de luz natural.

Cuenta con 3 dormitorios, todos con placares. El dormitorio principal posee además salida a un segundo balcón, aportando luminosidad y ventilación.

Dispone de baño completo con antebaño y toilette con ducha, ambos en excelente estado.

La cocina es amplia y funcional, con abundante espacio de guardado y un cómodo sector para comedor diario. Se complementa con un lavadero independiente y cubierto.

COCHERA Y BAULERA

En Planta Baja se encuentra una cochera fija y cubierta, de fácil acceso, y una baulera de gran tamaño, ideal para bicicletas, valijas y todo aquello que necesitamos guardar.

EL EDIFICIO

Edificio muy bien mantenido, de 4 departamentos por piso, con encargado con vivienda.

Cuenta además con grupo electrógeno y losa radiante central, brindando confort durante todo el año.

UBICACIÓN PRIVILEGIADA

En pleno corazón de Villa Crespo, sobre Acevedo y a metros de Av. Corrientes.

Una ubicación estratégica, rodeada de múltiples medios de transporte, comercios, restaurantes, colegios, supermercados y todos los servicios, con excelentes conexiones hacia distintos puntos de la Ciudad.

Cocina y baños remodelados hace pocos años.

UNA PROPIEDAD PARA ENTRAR A VIVIR

Por su amplitud, luminosidad, excelente distribución, doble balcón, cochera, baulera y ubicación, esta propiedad reúne todo lo necesario para quienes buscan comodidad y calidad de vida en Villa Crespo.

¡Impecable estado y lista para mudarse! Y APTO CREDITO

TIENES QUE VENDER PARA COMPRAR? PODEMOS AYUDARTE Y REALIZAR LA OPERACIÓN SIMULTÁNEA
BENEFICIO PARA CLIENTES.

Si te falta hasta un 30% del valor de esta propiedad, te ofrecemos solicitar un préstamo a través de Lendar, servicio exclusivo para clientes RE/MAX. Hace la simulación de tu cuota a través del simulador.

Todas las propiedades que figuran en mi perfil se encuentran a cargo del profesional matriculado de la oficina, la intermediación y la conclusión de las operaciones serán llevadas exclusivamente por él.



",,40.0,True,Electricidad | Gas | Agua Corriente | Aire Acondicionado | Ascensor | Dormitorio | Baño | Living | Lavadero | Placard | Balcón | Cocina/Comedor | Toilet | Baulera | Permite Mascotas | ComYAmenCalefacción,USD,270000.0,ARS,270000.0,2743.62,2906.66,4,3,1,98.41,92.89,Acevedo 400,Villa Crespo,"Villa Crespo, Capital Federal",-34.5980174,-58.4403834,active,421531024-183,https://www.remax.com.ar/listings/venta-depto-4-amb-2-balcones-coch-baulera-v-crespo
629627,739b7c71-064d-4614-ae19-c90c559f754c,sale,departamento_estandar,VENTA DEPTO 4 AMB DEP LAVADERO BALCON CABALLITO,"DEPARTAMENTO 4 AMBIENTES EN VENTA CABALLITO AVENIDA RIVADAVIA CAPITAL FEDERAL

Departamento de 95 m² ubicado en el décimo piso de un edificio de 14 niveles sobre Avenida Rivadavia, una de las arterias principales de Caballito. La propiedad cuenta con 85 m² cubiertos y 10 m² semicubiertos, distribuidos en una planta funcional que aprovecha óptimamente cada espacio.

La composición de ambientes responde a las necesidades de una familia o inversor que busque flexibilidad. Incluye tres dormitorios, dos baños completos, toilette, living comedor, estudio, cocina, lavadero y balcón. La habitación de servicio amplía las posibilidades de uso, permitiendo tanto alojamiento de personal como espacio adicional según las necesidades del propietario.

Construido en 1970, el inmueble se encuentra en excelente estado general, reflejando un mantenimiento consistente a lo largo de los años. La altura del piso 10 garantiza buena iluminación natural y ventilación cruzada, características valoradas en la zona. El balcón ofrece vistas despejadas hacia la avenida, sumando valor a la experiencia de habitar el espacio.

La ubicación sobre Avenida Rivadavia posiciona la propiedad en una zona consolidada con acceso directo a transporte público, comercios, servicios y equipamiento urbano. Caballito mantiene su atractivo como barrio residencial de demanda sostenida, tanto para ocupación propia como para inversión inmobiliaria.


Living comedor
Cocina Comedor
Lavadero
Entrada principal y de servicio mas doble circulación
Dependencia de servicio con baño
3 dormitorios
Frente a la avenida Rivadavia
Piso 10
Orientación Este al frente y por la tarde orientación Oeste en la cocina comedor
Balcón corrido
Caballito excelente departamento de 85 metros cuadrados con balcón de 10 metros
Frente al subte de Primera Junta

Ideal para quienes valoran la ubicación, el diseño contemporáneo y la eficiencia espacial en uno de los barrios más bonitos de CABA.

*Precio COMPETITIVO.
PIDA SU VISITA HOY ! Mañana puede ser tarde.
No dude EN CONSULTAR si necesita vender para comprar, también podemos asesorarlo de manera integral.

“En cumplimiento de la Ley 2340 CUCICBA, Ley 10.973 de la Prov. Bs.As., Ley Nacional 25.028, Ley 22.802 de Lealtad Comercial, Ley 24.240 de Defensa al Consumidor, las normas del Código Civil y Comercial de la Nación y Constitucionales, los agentes NO ejercen el corretaje inmobiliario. Todas las operaciones inmobiliarias son objeto de intermediación y conclusión por parte de los martilleros y corredores colegiados, cuyos datos se exhiben debajo del nombre de la inmobiliaria.”
*Medidas, características y gastos aproximados, mencionados como referencia.
""El presente inmueble NO es accesible para personas con discapacidades físicas”

* Accede a un préstamo por hasta el 30% del valor de esta propiedad.
Simula tu cuota en Lendar lendar.com.ar *
",,56.0,False,Dormitorio | Comedor | Baño | Cocina | Living | Estudio | Lavadero | Balcón | Toilet | Habitación de Servicio | Living/Comedor,USD,147500.0,ARS,350000.0,1552.63,1735.29,4,3,2,95.0,85.0,Avenida Rivadavia 5200,Caballito,"Caballito, Capital Federal",-34.6197801,-58.4401727,active,421181005-351,https://www.remax.com.ar/listings/venta-depto-4-amb-dep-lavadero-balcon-caballito
622387,f40dde62-c94e-4e0e-9fd7-f97d5586ea18,sale,departamento_estandar,VENTA MONOAMBIENTE DIVISIBLE C/ VISTA ABIERTA,"Esta dirección está en pleno corazón porteño, entre la zona de Once y el Microcentro de la Ciudad Autónoma de Buenos Aires, muy cerca de Av. Corrientes y Av. Callao — una ubicación estratégica, vibrante y con muchísimo movimiento durante todo el día

CARACTERÍSTICAS: 
- Mono ambientes divisible 
- 65,78 m2 cubiertos
- 3,56m2 balcón
- Cocina eléctrica 
- 1 baño completo
- 1 toilette 
- Todo integrado 
- Vista abierta 
- 2 Aires acondicionados 
- Expensas $375.000
- Bar
- Seguridad 24 hs

En la cuadra y alrededores tenés opciones gastronómicas clásicas para café, desayunos y encuentros relajados

La conectividad es excelente:
- Colectivos pasan por la esquina o a muy pocos pasos (varias líneas de servicio frecuente).
- Subte: las líneas A, B y D están caminando (estaciones como Pasteur, Callao y Congreso) a minutos.
- Trenes urbanos: estaciones accesibles conectan hacia distintos puntos del Gran Buenos Aires y CABA.",,12.0,True,Electricidad | Agua | Aire Acondicionado | Laundry | Ascensor | Dormitorio | Comedor | Baño | Cocina | Living | Lobby | Placard | Balcón | Toilet | Bar | ComYAmenCalefacción | Living/Comedor,USD,220000.0,ARS,375000.0,3172.77,3344.48,1,1,1,69.34,65.78,Riobamba 400,Balvanera,"Balvanera, Capital Federal",-34.604,-58.3937,active,61196-373,https://www.remax.com.ar/listings/venta-monoambiente-divisible-c-vista-abierta
610317,a1749caf-08c8-49fe-a0ea-a30582d7e346,sale,departamento_estandar,VENTA 3 AMB 2 BAÑOS A ESTRENAR CON BALCÓN ORTUZAR,"DEPARTAMENTO 3 AMBIENTES EN VENTA VILLA ORTÚZAR CAPITAL FEDERAL

Descubrí este excelente departamento a estrenar, ubicado en Giribone 1512, en el 2º piso de un moderno edificio de 8 pisos, en una de las zonas con mayor crecimiento de Villa Ortúzar. Con una superficie de 71 m² distribuidos en 3  ambientes, esta unidad combina funcionalidad, confort y diseño contemporáneo.

DISTRIBUCIÓN Y ESPACIOS

El departamento se organiza alrededor de un amplio living-comedor con salida directa a un generoso balcón corrido, ideal para disfrutar del aire libre y de la luz natural que caracteriza esta exposición. La cocina integrada, con mobiliario de diseño, se conecta de manera fluida con los espacios sociales, creando un ambiente perfecto para compartir momentos en familia o trabajar desde casa.

La distribución incluye 2 dormitorios, siendo el principal en suite con espacio para realizar un vestidor, 2 baños completos y una terraza de uso privado. Los 59 m² cubiertos y 12 m² semicubiertos optimizan cada rincón de la propiedad.

TERMINACIONES Y DETALLES CONSTRUCTIVOS

• Balcón corrido al frente con vista abierta y excelente luminosidad.
• Losa radiante individual para mayor confort térmico.
• Aberturas de aluminio anodizado línea Vesta.
• Paños vidriados con doble vidrio hermético (DVH).
• Pisos de porcelanato símil madera.
• Zócalos terminados.
• Griferías FV monocomando.
• Cocina a gas marca Longvie.
• Artefactos sanitarios Roca, líneas Mónaco y Sacha.
• Bachas de cocina, lavadero y parrilla marca Johnson, línea Luxor.
• Caldera dual Baxi de última generación.
• Conexión para lavarropas.
• Preinstalación para aire acondicionado.
• Preinstalación para extractor de cocina.
• Persianas en los dormitorios.
• Puertas de acceso a la unidad funcional y caja de escaleras con terminaciones de calidad.

AMENITIES Y SERVICIOS DEL EDIFICIO

• Portón automático de acceso.
• Terraza de uso común con parrilla.
• Áreas verdes.
• Bicicletero.
• Ascensor de última generación.
• Calefacción centralizada.
• Servicios de electricidad, agua y gas.
• Excelente calidad constructiva.

UBICACIÓN ESTRATÉGICA

Situado a pocas cuadras de las avenidas Triunvirato y El Cano, el departamento ofrece un rápido acceso a múltiples medios de transporte, comercios, espacios verdes y una amplia oferta gastronómica. La zona combina la tranquilidad residencial con el dinamismo urbano que caracteriza a Villa Ortúzar, posicionándose como uno de los barrios con mayor potencial de crecimiento en la Capital Federal.

INFORMACIÓN COMERCIAL

Cocheras disponibles a la venta por USD 19.000.",,0.0,False,Electricidad | Agua | Gas | Portón Automático | Losa Radiante | Caldera | Ascensor | Áreas Verdes | Dormitorio | Comedor | Vestidor | Baño | Cocina | Living | Terraza | Quincho | Parrilla | Orientación Oeste | Disposición Frente | Balcón | Cocina/Comedor | ComYAmenCalefacción | Living/Comedor,USD,199000.0,ARS,155000.0,2802.82,3372.88,3,2,2,71.0,59.0,Giribone 1500,Villa Ortuzar,"Villa Ortuzar, Capital Federal",-34.5796331,-58.4635175,active,422111007-30,https://www.remax.com.ar/listings/venta-3-amb-2-banos-a-estrenar-con-balcon-ortuzar
607297,0ff8256b-5266-4486-b59a-e885a3eec82a,sale,casa,Venta casa 7 amb. Villa Santa Rita Pileta+Cocheras,"VENTA CASA 7 AMB. CON PILETA CLIMATIZADA+QUINCHO+2 COCHERAS+PLAYROOM EN VILLA SANTA RITA.
Nuevo valor!!

Ideal para familia numerosa! Lote de 8 x 35.90.
Ambientes amplios, luminosos y con muy buena ventilación.

Excelente ubicación, a tres cuadras de Av. Nazca y de Av. Álvarez Jonte.

- Planta baja:
Garage automatizado para dos vehículos. Cuatro amplios dormitorios, tres de ellos con salida al patio interno o cochera y otro con vista al jardín. Cocina separada con muebles de robles, horno y anafe empotrado marca Ariston linea cheff. Living comedor , baño con hidromasaje y lavadero con sector de planchado.
Piscina 8x4m2 con venecitas ,sistema de climatización caldera Peisa bomba y filtro. Quincho con parrilla. Baño completo.

- Planta alta: 
Amplio living comedor, cocina a gas inetgrada con vista al jardín. Baño completo. Dos dormitorios, uno de ellos es en suite con hidromasaje y box de ducha. Playroom de 8x13m2 con baulera de 8x8m2.   

La propiedad cuenta con electricidad trifásica, grupo electrógeno y selectora de fase.

Mirá el recorrido virtual!

Las medidas son estimativas y pueden sufrir modificaciones. Los datos definitivos son los que surgirán del título de la propiedad, planos y/o comprobantes respaldatorios.",,16.0,True,Dormitorio | Comedor | Jardín | Baño | Cocina | Living | Lavadero | Playroom | Quincho | Pileta,USD,459900.0,ARS,,760.17,929.09,7,6,4,605.0,495.0,Cuenca 1700,Villa Santa Rita,"Villa Santa Rita, Capital Federal",-34.6144258,-58.4844331,active,421591064-98,https://www.remax.com.ar/listings/venta-casa-7-amb-villa-santa-rita-pileta-cocheras
536055,69e292c7-8ed4-4fa3-b575-c0e3cd860ffd,sale,departamento_monoambiente,VENTA MONOAMBIENTE A ESTRENAR BELGRANO R,"VENTA DEPARTAMENTO MONOAMBIENTE BELGRANO R A ESTRENAR

El emprendimiento se encuentra ubicado sobre Pampa, entre Conesa y la Av. Cramer, contando con un frente de 32 metros, en Doble Altura, que lo dotará de una elegancia única. Contará con SEGURIDAD LAS 24 HS, PILETA CLIMATIZADA, SOLARIUM, SAUNA, SALA DE MASAJES, SALÓN DE USOS MÚLTIPLES, PARRILLAS, GRUPO ELECTRÓGENO, Wi-Fi EN ESPACIOS COMUNES y BICICLETEROS. Con opción a adquirir Cocheras.
Todo lo esperable para Residencias Premium en Belgrano R.
Es la oportunidad de vivir o invertir en el Edificio FLOREAN PAMPA, con PROYECTO del Estudio AISENSON.

Se trata de un monoambiente ubicado en el 6to piso al contrafrente, con una superficie total de: 39,58m2, siendo la superficie cubierta: 34,37m2 y un balcón de 5,21m2. Cuenta amplio ambiente con salida a balcón, cocina integrada, baño completo


Consultar por otras unidades.

Comunicate con nosotros por WhatsApp y no dejes de visitarlo! Podemos asesorarte con la venta de tu propiedad y HACER AMBAS OPERACIONES SIMULTÁNEAS.

La descripción del inmueble, expensas, impuestos, servicios y medidas han sido proporcionados por el propietario. Pueden no ajustarse a sus características y medidas reales y/o actuales. Los datos brindados pueden no estar actualizados a la hora de la visualización del aviso. Pueden existir inexactitudes, producto del paso del tiempo. Previo a la realización de cualquier operación, el interesado deberá verificar la veracidad de la información, requiriendo las copias necesarias de la documentación.",,0.0,False,Electricidad | Agua | Internet | Gimnasio | Losa Radiante | Seguridad | Pileta | Laundry | Ascensor | Salón de usos múltiples - SUM | Recepción | Áreas Verdes | Solarium | Pileta Climatizada | ComYAmenCalefacción,USD,151800.0,ARS,0.0,3835.27,3835.27,1,0,1,39.58,39.58,La Pampa 2900,Belgrano R,"Belgrano R, Belgrano, Capital Federal",-34.5678111,-58.4595602,active,181395-215,https://www.remax.com.ar/listings/venta-monoambiente-a-estrenar-belgrano-r
596305,6bd2bde0-48e1-4a16-b4cc-501ebeceee5b,sale,departamento_estandar,VENTA DEPTO 3 AMB EN BALVANERA C PATIO A ESTRENAR,"DEPARTAMENTO 3 AMBIENTES EN VENTA - BALVANERA - CAPITAL FEDERAL

Departamento de 71 m² estratégicamente ubicado sobre Avenida Independencia en el corazón de Balvanera, diseñado para profesionales que buscan funcionalidad y confort en un entorno urbano dinámico.


DISTRIBUCIÓN INTERIOR

• Dormitorio principa.
• Segundo dormitorio versátil.
• Living/comedor amplio con salida a balcón.
• Cocina funcional.
• Baño completo.
• Toilette.
• Patio privado y balcón que expanden los espacios interiores.

AMENITIES Y SERVICIOS

• Gimnasio equipado.
• Piscina.
• Salón de usos múltiples.
• Parrilla.


Oportunidad de inversión en un desarrollo inmobiliario de primer nivel en una ubicación privilegiada de Balvanera.

Cocheras disponibles no incluidas en el valor de publicación (desde USD24.000.-)

Unidades disponibles
Monoambientes desde USD78.000.-
2 ambientes desde USD118.000.-
3 ambientes desde USD142.000.-",,0.0,False,Electricidad | Agua | Desague Cloacal | Agua Corriente | Aire Acondicionado | Gimnasio | Pileta | Ascensor | Salón de usos múltiples - SUM | Dormitorio | Baño | Cocina | Patio | Placard | Parrilla | Balcón | Toilet | Permite Mascotas | ComYAmenCalefacción | Living/Comedor,USD,142000.0,ARS,0.0,2008.77,2576.2,3,2,1,70.69,55.12,Avenida Independencia 2500,Balvanera,"Balvanera, Capital Federal",-34.6185578,-58.4016618,active,181663-84,https://www.remax.com.ar/listings/venta-depto-3-amb-en-balvanera-c-patio-a-estrenar
632824,abdbff59-ce30-4a27-be97-12b6578268e9,sale,departamento_estandar,Depto Venta 2 amb Balcon luminoso Apto Credito,"VENTA DEPARTAMENTO 2 AMBIENTES AL FRENTE CON BALCÓN EN MONTE CASTRO - APTO CRÉDITO

CARACTERÍSTICAS DEL DEPARTAMENTO
Amplio Living comedor luminoso con cocina integrada con pisos cerámicos y acceso directo al balcón con vista abierta. Dormitorio con gran placard empotrado. Baño completo con bañadera. Cocina con desayunador, bajo mesada, alacenas y cocina a gas con conexión para lavarropas. Balcón semicubierto que amplía los espacios de uso. Propiedad en excelente estado de conservación. Todos los ambientes con ventana lo que garantiza luz natural en toda la propiedad

DISTRIBUCIÓN Y SUPERFICIES
Superficie total construida de 49 m². Distribución funcional en 2 ambientes con 1 dormitorio y 1 baño completo. Ubicado en Primer Piso por Escalera

EDIFICIO Y SERVICIOS
Edificio Moderno de solo 4 departamentos construido en 2010, con 2 unidades en planta baja y 2 en primer piso.  Servicios de electricidad, gas e internet disponibles. Aire acondicionado y calefacción en la unidad. Bajisimas expensas ya que al ser pocas unidades no tiene Encargado.

UBICACIÓN
Situado sobre Pasaje Wagner en una zona residencial de casas bajas y edificios medianos con propuestas comerciales variadas en las inmediaciones. A 200 metros de Avenida Lope de Vega, lo que facilita el acceso a transporte, comercios y servicios pero sin perder la tranquilidad y silencio de vivir sobre un pasaje 

ESTADO Y CLASIFICACIÓN
Propiedad Apto Crédito en excelente estado general, lista para ocupar. Ideal para inversión o vivienda propia con todas las comodidades necesarias.",,16.0,True,Electricidad | Agua | Gas | Internet | Desague Cloacal | Televisión por Cable | Agua Corriente | Aire Acondicionado | Dormitorio | Baño | Placard | Desayunador | Disposición Frente | Balcón | Cocina/Comedor | ComYAmenCalefacción | Living/Comedor,USD,79990.0,ARS,25000.0,1632.45,1860.23,2,1,1,49.0,43.0,Pasaje Wagner 1200,Velez Sarsfield,"Velez Sarsfield, Capital Federal",-34.628396641219,-58.502240180969,reserved,421681024-32,https://www.remax.com.ar/listings/depto-venta-2-amb-balcon-luminoso-apto-credito
648589,0b8380ab-fbd9-47aa-a6f9-c05dca1b5e9e,sale,departamento_semipiso,Venta departamento 4 amb. Flores piso 9 baulera,"Venta departamento de cuatro ambientes con balcón corrido al frente en noveno piso, con baulera

3 dormitorios.
Un baño completo.
Living comedor.
Aberturas DVH.
Cocina con comedor diario, lavadero separado y toilette. 
Bajo mesada y alacena termoformados marca Barugel y mesada de cuarzo.
Calefación central por radiadores.
4 equipos de aire acondicionado, en living comedor, cocina con comedor diario, y en los 2 dormitorios mas grandes.
Baulera de 3,28m²
Edificio con grupo electrógeno general, encargado de vivienda permanente y ayudante. 
En excelente estado de conservación y mantenimiento.

Ver plano de distribucion, video y tour virtual.

Expensas $ 525.000.-
ABL: $ 60.000.-
AySA: $ 23.000.-



Zona & Servicios — Vivir en Flores, sobre Av. Rivadavia:
Estar en Rivadavia al 6400 significa tener todo a pasos: comercios, transporte, servicios, gastronomía y cultura.

Colegios cercanos:
El área cuenta con una importante oferta educativa entre escuelas públicas y privadas, jardines y secundarias reconocidas, todas accesibles caminando o a pocos minutos.

Centros de salud:
La zona ofrece:
- Clínicas privadas
- Consultorios
- Centros de diagnóstico
- Hospitales públicos de referencia

Espacios verdes:
- Plaza Flores
- Pequeños parques y plazas barriales
- Calles arboladas ideales para caminar

Cultura & puntos de interés:
- Centro Cultural Marcó del Pont
- Basílica de San José de Flores
- Cafés históricos, librerías y una amplia vida comercial sobre Av. Rivadavia

Conectividad:
Una de las ubicaciones mejor conectadas del barrio:
- Estaciones cercanas de la Línea A de Subte
- Linea de ferrocarril Sarmiento
- Numerosas líneas de colectivo
- Acceso inmediato a Av. Rivadavia, Av. Nazca, Av. Boyacá y Av. Directorio
- Autopista 25 de mayo",,64.0,False,Electricidad | Gas | Internet | Desague Cloacal | Televisión por Cable | Agua Corriente | Aire Acondicionado | Losa Radiante | Caldera | Ascensor | Recepción | Dormitorio | Comedor | Baño | Cocina | Lavadero | Placard | Desayunador | Orientación Sur | Disposición Frente | Balcón | Cocina/Comedor | Toilet | Baulera | Permite Mascotas | ComYAmenCalefacción | Living/Comedor | Agua Potable,USD,170000.0,ARS,560000.0,1706.66,1925.69,4,3,1,99.61,88.28,Avenida Rivadavia 6400,Flores,"Flores, Capital Federal",-34.6267971,-58.4573205,active,341249-162,https://www.remax.com.ar/listings/venta-departamento-4-amb-flores-piso-9-baulera
627840,7575b4e7-4880-43f0-8eee-0cf66136b7c5,sale,ph,Venta Saavedra ph 4 amb a refaccionar coch terraza,"PH EN VENTA SAAVEDRA.
SON 4 UNIDADES EN EL COMPLEJO.
4 ó 5 AMBIENTES, UNA HABITACION PUEDE SER DORMITORIO O ESCRITORIO.
A 50 METROS DE CRISOLOGO LARRALDE.
INMEJORABLE ZONA POR ACCESO A CABA Y PBA.

UNIDAD AL FRENTE CON ENTRADA INDEPENDIENTE Y COCHERA.
A REFACCIONAR.

132 MT2 CUBIERTOS.
LAVADERO SEMICUB DE 1,15MT2
TERRAZA DE 56 METROS CUADRADOS.
PATIO EN PB DE 7,86 MT2.

SIN EXPENSAS.


En PB:

Living comedor al frente.
Pequeño hall.
Cocina comedor diario.
Toilette
Patio pequeño.
Cochera o local comercial.

En PA.

Tres dormitorios, dos con salida al balcón corrido.
Un cuarto dormitorio o escritorio que da acceso a la terraza.
Baño completo.

Terraza con quincho cerrado.
Parrilla.

Todos sus ambientes son ventilados y luminosos.
Gran potencial para modernizar.

Cercania a polo gastrónomico de Saavedra.
Espacios verdes,
Colegios .



Toda foto y/o gráfico es de carácter estimado y no contractual. Toda información es a sólo
efecto orientativo. Los metros reales del inmueble no se encuentran incorporados o no coinciden con los escriturados, por lo que el inmueble no posee planos actualizados ni metros actuales en la escritura.",,61.0,False,"Electricidad | Agua | Gas | Desague Cloacal | Agua Corriente | Dormitorio | Comedor | Cocina | Living | Patio | Terraza | Lavadero | Altillo | Quincho | Parrilla | Orientación Oeste | Acceso de cochera, Horizontal | Disposición Frente | Balcón | Orientación Noroeste | Cocina/Comedor | Toilet | Living/Comedor",USD,230000.0,ARS,0.0,1163.61,1742.42,4,3,1,197.66,132.0,Tronador 3500,Saavedra,"Saavedra, Capital Federal",-34.5577642,-58.4829089,negotiation,420151187-91,https://www.remax.com.ar/listings/venta-saavedra-ph-4-amb-a-refaccionar-coch-terraza
573224,66dfa403-5d98-4ebb-9498-e0d74a10e900,sale,casa,VENTA CASA MONTE CASTRO DOBLE LOTE FONDO LIBRE,"
*** VENTA CASA E INSTITUTO ****

SOBRE LOTE DE 17.32 X 54

LAS PROPIEDADES SE ENCUENTRAN SEPARADAS MANTENIENDO CADA UNA SU ESPACIO E INTIMIDAD

CASA

* CONSTA DE  6 DORMITORIOS
* 2 BAÑOS COMPLETOS Y UN TOILETTE 
*COCINA COMER DIARIO
*COMEDOR AMPLIO
*LIVING 
*HALL DE ENTRADA RECIBIDOR QUE PUEDE SER UN SEGUNDO LIVING

DISTRIBUCION

INGRESAMOS POR UN GRAN RECIBIDOR,  EL CUAL CONECTA A 2 HABITACIONES UNA CON VENTILADOR Y EL SEGUNDO DORMITORIO CON VENTILADOR Y AIRE FRIO. 
ESTUFA EN EL HALL DE DISTRIBUCION.
BAÑO COMPLETO CON CALEFON PROPIO.
SEGUIDO NOS ENCONTRAMOS CON UN COMEDOR QUE CONECTA CON LA COCINA COMEDOR DIARIO LA CUAL POSEE AIRE FRIO CALOR.
LIVING SEPARADO CON SALIDA AL PATIO CON HOGAR A GAS. 
DE ESTE LIVING CONTINUAMOS A LA CONEXION A LA SEGUNDA PARTE DE LA CASA, LA CUAL POSEE 4 DORMITORIOS, UN BAÑO COMPLETO Y UN LAVADERO INDEPENDIENTE CON TOILETTE.
EN ESTA PARTE  TODAS LAS HABITACIONES POSEEN VENTILADOR Y LA PRINCIPAL TIENE AIRE FRIO.
HAY 3 ESTUFAS TIRO BALANCEADO Y CALEFON.

TERRAZA DE TODA LA SUPERFICIE.


INSTITUTO

DISPUESTO EN ALA DERECHA E IZQUIERDA, EL ALA IZQUIERDA TIENE 3 AULAS, LAS CUALES PUEDEN ABRIRSE E INTEGRARSE, HACIENDO SOLO UNA.
EL ALA DERECHA POSEE 3 AULAS, COCINA Y BAÑO.

QUINCHO CON PARRILA

PARQUE DE GRAN DIMENSION 

GARAGE PARA 3 AUTOS.

Colectivos:	47, 53, 106, 108, 109, 135, 181

CERCANO A LA ZONA COMERCIAL
A 1 CUADRA Y MEDIA DE AV. LOPE DE VEGA
A 4 CUADRAS DE LA PLAZA TERAN
A 3 CUADRAS DE AV. ALVAREZ JONTE
CERCANO AL HOSPITAL VELEZ SARSFIELD
ESTABLECIMIENTOS EDUCATIVOS

",,70.0,False,Electricidad | Agua | Gas | Internet | Televisión por Cable | Agua Corriente | Aire Acondicionado | Áreas Verdes | Dormitorio | Comedor | Jardín | Baño | Cocina | Living | Terraza | Lavadero | Quincho | Placard | Parrilla | Cocina/Comedor | ComYAmenCalefacción | Living/Comedor,USD,580000.0,ARS,,623.66,1137.25,10,9,2,930.0,510.0,Santo Tomé 5400,Monte Castro,"Monte Castro, Capital Federal",-34.62311275061,-58.516396880314,active,421551007-95,https://www.remax.com.ar/listings/venta-casa-monte-castro-doble-lote-fondo-libre-1
619756,05188c29-bddd-4c8c-a18d-4c1b9e26d816,sale,departamento_estandar,VENTA Departamento 3 ambientes. Luminoso. Nuñez,"El equipo de RE/MAX presenta este excelente departamento de 3 ambientes en venta, ubicado en el corazón de Núñez, una de las zonas más buscadas de la ciudad por su tranquilidad, conectividad y amplia oferta de servicios.

Al ingresar, nos recibe un luminoso living-comedor con salida a un balcón lateral, ideal para disfrutar de la luz natural y la ventilación. La cocina es independiente y cuenta con acceso a  lavadero separado. Orientación Oeste.

El sector privado está compuesto por dos dormitorios, ambos con placard y con excelente ventilación. 

Completa la propiedad un baño completo.

Medidas:
Living comedor 4,40 x 3,52
Balcón: 3,13 x 1,15
Dormitorio 1: 2,69 x 2,62
Dormitorio 2: 2,65 x 2,74

El edificio:
Torre en esquina de 15 pisos.
4 departamentos por piso.
2 ascensores.
Tótem de seguridad.

Ubicado en una de las mejores zonas de Núñez, a solo 3 cuadras de Av. del Libertador y a 6 cuadras de Av. Cabildo, con rápido acceso a múltiples medios de transporte, comercios, supermercados, cafés y una variada propuesta gastronómica. Un entorno residencial que combina tranquilidad con excelente conectividad.

¡Contactanos para coordinar una visita y conocer esta excelente oportunidad!

BENEFICIO EXCLUSIVO CLIENTES RE/MAX. Accedé a un crédito hipotecario entre personas de hasta un 35% del valor de esta propiedad. Simulá tu crédito on line en LENDAR (www.lendar.com.ar)",,39.0,False,,USD,125000.0,ARS,122000.0,2534.47,2760.6,3,2,1,49.32,45.28,11 de Septiembre de 1888 2800,Nuñez,"Nuñez, Capital Federal",-34.5524783,-58.4565946,reserved,420951127-194,https://www.remax.com.ar/listings/venta-departamento-3-ambientes-luminoso-nunez
649853,65ae05ba-c06e-456a-80a1-db34321c206b,sale,departamento_piso,VENTA DEPARTAMENTO 5 AMBIENTES CABALLITO 2 COCHERA,"DEPARTAMENTO PISO 5 AMBIENTES EN CABALLITO FRENTE A PLAZA IRLANDA

• Ubicado sobre Av. Donato Álvarez al 900
• Orientación Noreste
• Primer piso
• 282 m² totales
• 231,70 m² cubiertos
• 23,13 m² semicubiertos
• 27,13 m² descubiertos

DISTRIBUCIÓN
• Gran living comedor
• Gran cocina con comedor diario
• 4 dormitorios
• Dormitorio principal en suite con vestidor
• Segundo dormitorio en suite
• Dependencia con baño completo
• Baño completo adicional
• Patio
• 2 balcones
• 2 cocheras

TERMINACIONES Y EQUIPAMIENTO
• Pisos de mármol travertino en los sectores principales
• Baño principal revestido en mármol Calacata White
• Hidromasaje y ducha independiente
• Segundo baño en suite con porcelanato, mesadas y griferías importadas de España
• Calefacción por losa radiante mediante caldera
• 5 equipos de aire acondicionado split
• Aberturas A40
• Puertas de seguridad Pentágono
• Termotanques Rheem de alta recuperación de 320 litros
• Pasillo con 11 paños de vidrio iluminados


Una propiedad de dimensiones y características poco habituales, que combina la amplitud y comodidad de una casa con la seguridad y practicidad de un edificio, en una ubicación privilegiada frente a Plaza Irlanda.",,25.0,False,"Electricidad | Agua | Gas | Internet | Desague Cloacal | Agua Corriente | Portón Automático | Ascensor | Dormitorio | Comedor | Vestidor | Baño | Cocina | Living | Patio | Terraza | Placard | Acceso de cochera, Rampa fija | Disposición Contrafrente | Disposición Frente | Balcón | Orientación Noreste | Cocina/Comedor | Toilet | Habitación de Servicio | Permite Mascotas | Living/Comedor | Agua Potable",USD,586000.0,ARS,1600000.0,2078.31,2529.13,5,4,4,281.96,231.7,Donato Alvarez 900,Caballito,"Caballito, Capital Federal",-34.615589774258,-58.458757281369,active,420211393-2,https://www.remax.com.ar/listings/venta-departamento-5-ambientes-caballito-2-cochera
535858,8bf05e52-9f1a-4c46-97fe-19f24fbad6fc,sale,casa_triplex,VENTA CASA LOTE PROPIO 6 AMB COLEGIALES JARDIN,"Casa en tres plantas con jardín al frente. Muy Luminosa, amplia, còmoda.
A media Cuadra de Av Alvarez Thomas, a una de Av Federico Lacroze en la mejor zona de Colegiales 

APTO CREDITO

En la planta principal cuenta con gran living con balcón francés
Amplio Comedor, còmodo
Cocina en concepto abierto, muebles de guardado, alacenas bajo mesada 
Comedor Diario
Lavadero/despensa
Baño completo
Escritorio o dormitorio. Ambiente versátil 

Jardín arbolado con deck
Pileta 
Quincho con parrilla, ideal para reuniones y vida al aire libre.

En planta alta dispone de cuatro dormitorios 
Dormitorio Principal con vestidor, baño en suite y balcón. 
Dos Dormitorios con salida al balcón terraza 
Un Dormitorio con ventana al frente
Placares de madera natural en todos los dormitorios
Balcón Terraza con vista al jardín, con pérgola
Baño completo 
Terraza Superior con posibilidad a construir hasta 707 MT2. 

Subsuelo con Garage cubierto para varios autos y amplio espacio de guardado con portón automático. 

Aire acondicionado en todos los ambientes y calefacción por radiadores por circulación de agua caliente.

Sup. Cubierta: 250.9 m2
Semicubierta: 10.91 m2
Descubierta: 202.10 m2
Sup. Total: 463.91 m2
Terreno: 246 m2
Informe de Prefactibilidad 2026 a disposición.

Zona Gastronómica - Cultural
Gran cantidad de Bares, Restos.
Plaza Mafalda - Plaza Clemente- Polideportivo Colegiales- UCA-  Vorterix 
Colectivos: 19, 39, 42, 44, 63, 65, 71, 76, 87, 90, 93, 108, 140, 151, 168, 176, 184




",,33.0,True,Electricidad | Agua | Gas | Internet | Televisión por Cable | Agua Corriente | Aire Acondicionado | Portón Automático | Pileta | Dormitorio | Comedor | Vestidor | Jardín | Baño | Cocina | Living | Terraza | Lavadero | Quincho | Placard | Parrilla | Disposición Frente | Balcón | Deck | Pileta | Sótano | Habitación de Servicio | ComYAmenCalefacción,USD,730000.0,ARS,,1573.58,1573.58,6,5,3,463.91,463.91,Teodoro García 3400,Colegiales,"Colegiales, Capital Federal",-34.5792839,-58.4514528,active,181225-511,https://www.remax.com.ar/listings/venta-casa-lote-propio-6-amb-colegiales-jardin
638093,0f5c20a9-68b1-40db-b0e7-96baae6bcc22,sale,departamento_estandar,VENTA DEPTO 3 AMB VILLA URQUIZA R CON BALCÓN,"DEPARTAMENTO 3 AMBIENTES EN VENTA VILLA URQUIZA R SOBRE EL BOULEVARD MENDOZA

Departamento de 3 ambientes ubicado sobre el Boulevard de Avenida Mendoza en Villa Urquiza.

La propiedad ocupa una superficie de 62 m² construidos, distribuidos en espacios amplios y luminosos que aprovechan óptimamente cada rincón.

El living-comedor es generoso y confortable, con pisos de parquet original en excelente estado y salida a balcón francés equipado con cortinas de madera que aportan calidez y estilo. 

La cocina integrada de diseño moderno ofrece excelente funcionalidad, con mesada de mármol, abundante espacio de guardado mediante alacenas y muebles bajo mesada, ventana al exterior que garantiza luz y ventilación natural, y barra desayunadora que integra el ambiente social. 
Incluye sector de lavadero.

Dos amplios dormitorios orientados al contrafrente, ambos con placard empotrado y salida a un balcón corrido con vista abierta al pulmón de manzana. Un espacio súper silencioso y lleno de luz natural.

El baño completo cuenta con ventana al exterior y revestimientos de cerámicas San Lorenzo, garantizando ventilación natural. 


El edificio esta muy bien conservado cuenta con dos ascensores de amplias dimensiones, calefacción por losa radiante y agua caliente central mediante caldera, brindando mayor confort durante todo el año.  

Ubicación inmejorable en una de las zonas con mayor demanda y crecimiento de la Ciudad de Buenos Aires:

Entorno: Residencial, arbolado y tranquilo, pero con una variada propuesta gastronómica, comercial y bancaria a pocos metros.

Conectividad: A pasos del Subte Línea B (Estación Juan Manuel de Rosas), Ferrocarril Mitre (Estación Villa Urquiza) y múltiples líneas de colectivo.


Listo para entrar a vivir! No dejes pasar esta gran oportunidad de disfrutar de un departamento con excelentes comodidades, distribución impecable y una ubicación inmejorable
Contáctanos para coordinar tu visita!!!!


Múdate a la vida que queres!!!



Si te falta hasta un 30% del valor de esta propiedad, te ofrecemos solicitar un préstamo a través de Lendar, servicio exclusivo para clientes RE/MAX con mínimos requisitos y aprobación en sólo 7 días hábiles!
Hace la simulación de tu cuota a través del simulador https://www.lendar.com.ar/quiero-un-prestamo/

Si necesitas VENDER PARA COMPRAR, no dudes en consultarnos.
¡Nosotros podemos ayudarte a realizar la operación simultáneamente!







Se deja constancia que las medidas, superficies, m2 y proporciones consignadas son aproximados, al igual que las medidas parciales y/o de los ambientes está sujeto a verificación y/o ajuste. El valor indicado de expensas está sujeto a variación. El precio del inmueble puede ser modificado sin previo aviso.



En cumplimiento de las normas legales aplicables, queremos informarte que nuestros Agentes NO ejercen el Corretaje Inmobiliario. Todas las Operaciones Inmobiliarias son concluidas por los Corredores Matriculados responsables en cada oficina.

Laura Palini - CMCPSM Mat N° 2733 • CPI Mat N° 7752.
#Inmobiliaria #Acompañamiento #VendeConSeguridad #Propiedades #RemaxArgentina",,20.0,False,Electricidad | Agua | Gas | Desague Cloacal | Losa Radiante | Caldera | Ascensor | Dormitorio | Baño | Terraza | Lavadero | Placard | Orientación Sur | Disposición Contrafrente | Cocina/Comedor | Living/Comedor,USD,180000.0,ARS,308000.0,2912.15,3122.29,3,2,1,61.81,57.65,Mendoza 5400,Villa Urquiza,"Villa Urquiza, Capital Federal",-34.5792543,-58.4871254,negotiation,421451075-57,https://www.remax.com.ar/listings/venta-depto-3-amb-villa-urquiza-r-con-balcon
527562,67a47f6a-ee60-41de-b326-7779e958e4ee,sale,ph,VENTA PH 4 AMB PARQUE CHAS TERRAZA QUINCHO BALCON,"VENTA PH 4 AMB PARQUE CHAS - TERRAZA, QUINCHO, PATIO, PARRILLA, BALCÓN

Venta PH Parque Chas (Villa Urquiza) de 4 ambientes. La propiedad tiene Patio, Terraza, Quincho, Parrilla, Balcón y Sótano. Entrada independiente. Sin expensas. 

Única propiedad en una zona soñada, en el barrio más codiciado de CABA, rodeado de vegetación, sol y ventilación. A muy pocas cuadras del subte y del centro comercial de Villa Urquiza. 

La entrada es por una escalera independiente desde la calle que nos dirige al primer piso, donde se encuentra el living comedor con salida al balcón y placard de visitas. En el entrepiso hay una cómoda habitación que se puede utilizar como escritorio o tercer dormitorio. 

Moderna cocina comedor, con doble bacha, artefacto de gas, espacio para lavavajilla, heladera y freezer. Con amplios muebles de cocina para un gran caudal de guardado y un amplio ventanal a la calle. 

La propiedad cuenta además con dos habitaciones con placard, una de ellas ubicada en la ochava de la esquina de la casa, y la siguiente con salida a un amplio patio con balcón. 

Posee un baño completo con bañera y mueble para guardar toallas y productos de aseo. 

En el segundo piso por escalera se encuentra una gran terraza con quincho cerrado y parrilla. Mientras que en el segundo entrepiso se ubica un amplio lavadero con pileta, conexión a lavarropas y termotanque de 1.000 litros de alta recuperación con bomba, que abastece a toda la propiedad con un gran caudal de agua. 

La propiedad se reacondicionó a nueva hace alrededor de 30 años, incluyendo la instalación eléctrica de la casa.  

Superficie según figura en escritura, ""En PLANTA BAJA: cubierta de un 1,09 mts2; superpuesta exterior a unidad dos de 6,33 mts2; superpuesta exterior а 0,16 mts2. En PISO PRIMERO: cubierta de 56,96 mts2; descubierta de 21,84 mts2; balcón de 3,83 mts2. Total de la Unidad Funcional: 90,21 mts2""

La propiedad no es apto crédito

Se permiten mascotas

Se acepta permuta

Si necesitas un crédito consultanos por Lendar, el sistema hipotecario que ayuda con hasta el 35% del valor de la propiedad

Lugares cercanos/ Accesos:

A 9 cuadras de la Línea B del subterráneo
A 8 cuadras de Av. Triunvirato
A 1 cuadra de La Pampa 
A 2 cuadras de Av. Constituyentes
A 8 cuadras de la estación Urquiza del Ferrocarril Mitre 
A 10 cuadras del centro comercial de Villa Urquiza (Olazábal y Triunvirato)

Cercanía con diversos colegios, bancos, supermercados
Comodidad para moverse con distintos medios de transporte

¡Contactanos para coordinar una visita! ¡No te pierdas esta posibilidad única!

Dimensiones:

-Living comedor con salida al balcón: 5.96 x 3.28 (19.59) (con AA F/c y estufa de tiro balanceado con termostato)
-Cocina comedor con ventanal: 4.31 x 2.34 (10.11 mts2) (con conexión para lavavajilla y doble bacha)
-Habitación principal con placard en esquina: 3.74 x 3.95 (14.84) (AA F/C)
-Segunda Habitación con placard y espacio de escritorio con panel eléctrico de calefacción: 2.73 x 4.41 (12.06) (hab 2.74 x 2.50 y esc 2.74 x 1.75)
-3er dormitorio/ escritorio: 1.63 x 4.55 (7.44)
-Baño completo con bañera, placard y ventana al exterior: 1.86 x 3.74
-Balcón: 4.51 x 0.87 (3.92)
-Patio con balcón: 5.30 x 2.63 (13.98)
-Lavadero independiente con pileta y conexión a lavarropas: 2.99 x 1.56 (4.66)
-Quincho con parrilla y dos muebles de guardado: 6 x 6.42 (38.60)
-Terraza: 6.73 x 3.68 (24.83)

Chapa galvanizada en techo de terraza 
Doble puerta de ingreso desde la calle 
Placard de visitas
______________________________________________________

Los metros aquí publicados son aproximados. Los reales surgen de la escritura. Esta publicidad respeta lo establecido en el art. 4 y 8 de la ley 24.240

- En cumplimiento de las leyes provinciales vigentes que regulan el corretaje inmobiliario, Ley Nacional 25.028, Ley 22.802 de Lealtad Comercial, Ley 24.240 de Defensa al Consumidor, las normas del Código Civil y Comercial de la Nación y Constitucionales, los agentes NO ejercen el corretaje inmobiliario. Todas las operaciones inmobiliarias son objeto de intermediación y conclusión por parte de los martilleros y corredores colegiados, cuyos datos se exhiben debajo del nombre de la inmobiliaria.",,74.0,False,Electricidad | Agua | Gas | Dormitorio | Baño | Cocina | Patio | Terraza | Quincho | Balcón | Living/Comedor,USD,219000.0,ARS,0.0,1418.3,1960.96,4,3,1,154.41,111.68,Burela 1700,Parque Chas,"Parque Chas, Capital Federal",-34.5843487,-58.4864717,active,420251341-47,https://www.remax.com.ar/listings/venta-ph-4-amb-parque-chas-terraza-quincho-balcon
630830,8e291f61-2123-44c0-af40-364b996c4ef3,sale,departamento_estandar,VENTA DEPTO 5 AMBIENTES EN BELGRANO CON COCHERA,"OPORTUNIDAD ÚNICA EN BELGRANO
217 m² TOTALES
COCHERA
PALIER PRIVADO

APTO CRÉDITO HIPOTECARIO


Exclusivo departamento de época en excelente estado de conservación, ubicado frente al emblemático Museo de Arte Español Enrique Larreta, en uno de los sectores más distinguidos y buscados de Belgrano.

Una ubicación que combina el encanto residencial de uno de los mejores barrios de la Ciudad de Buenos Aires con una excelente conectividad, cercanía a servicios y una privilegiada oferta gastronómica, comercial y cultural.

La propiedad conserva el carácter y la categoría constructiva propios de una propiedad de época, sumados a ambientes amplios, excelente distribución y gran luminosidad.

Además, se encuentra recientemente acondicionada y con pintura impecable en todos sus ambientes, por lo que está lista para habitar, sin necesidad de una refacción integral.

Con 217 m² totales, incluyendo cochera, se destaca por sus generosas dimensiones y por ofrecer prestaciones difíciles de encontrar en propiedades actuales.

CARACTERÍSTICAS DESTACADAS

217 m² totales incluyendo cochera
Palier privado
Amplio living en L, ideal para crear diferentes sectores de estar y recepción
3 dormitorios principales
Estudio / escritorio, ideal para home office o como ambiente adicional
Habitación de servicio con baño completo
Cocina independiente con comedor diario
2 baños completos + 1 toilette
Lavadero independiente
2 balcones, uno corrido al frente y otro al contrafrente
Cochera
Baulera
2 equipos de aire acondicionado Samsung
Excelente luminosidad y ventilación
Ambientes amplios y funcionales
Pintura recientemente realizada y en excelente estado

FRENTE AL MUSEO LARRETA: UN ENTORNO CON IDENTIDAD PROPIA

Su ubicación frente al Museo Larreta constituye uno de los grandes diferenciales de esta propiedad.

El entorno se caracteriza por su arquitectura tradicional, calles arboladas, tranquilidad y perfil residencial, ofreciendo una experiencia de vida diferente dentro de la dinámica de la ciudad.

Vivir frente a un espacio cultural emblemático como el Museo Larreta aporta además una referencia de ubicación privilegiada y un entorno con gran atractivo tanto para residentes como para quienes buscan una propiedad con características distintivas.

LISTO PARA DISFRUTAR

A diferencia de otras propiedades de época, esta unidad no se encuentra a refaccionar.

Fue recientemente acondicionada y cuenta con pintura impecable, permitiendo mudarse y disfrutar inmediatamente de sus espacios.

Su generosa superficie y distribución también brindan flexibilidad para adaptar los ambientes a diferentes estilos de vida, ya sea como residencia familiar, vivienda para profesionales que necesitan home office o inversión patrimonial.

UNA UBICACIÓN PRIVILEGIADA EN BELGRANO

Belgrano es uno de los barrios más buscados de Capital Federal por su calidad de vida, seguridad, conectividad, espacios verdes, gastronomía, colegios, comercios y servicios.

La propiedad se encuentra estratégicamente ubicada a pasos de las avenidas Cabildo y Juramento, con acceso a numerosas líneas de colectivo y a la estación Juramento de la Línea D de Subte.

Una ubicación que permite disfrutar de un entorno residencial y tranquilo sin resignar la comodidad de tener todo al alcance.

UNA OPORTUNIDAD QUE MERECE SER VISITADA

217 m² totales
Frente al Museo Larreta
Palier privado
Cochera + baulera
3 dormitorios + estudio + dependencia
2 balcones
Ambientes amplios y luminosos
Pintura recientemente realizada
Excelente estado general
Ubicación premium en Belgrano
Apto crédito hipotecario
Valor negociable

Superficie, ubicación, categoría y estado: una combinación difícil de encontrar en el mercado actual.

¿Necesitás vender tu propiedad para comprar?

Te ayudo a coordinar ambas operaciones de manera simultánea, acompañándote durante todo el proceso para que puedas concretar tu cambio de vivienda de forma segura, ordenada y eficiente.

Contactame para coordinar una visita y descubrir personalmente todo el potencial de esta propiedad única en Belgrano.",,51.0,True,,USD,395000.0,ARS,750000.0,1816.43,1863.21,5,3,2,217.46,212.0,Vuelta de Obligado 2100,Belgrano,"Belgrano, Capital Federal",-34.5614243,-58.4558746,reserved,420221191-19,https://www.remax.com.ar/listings/venta-depto-5-ambientes-en-belgrano-con-cochera-1
606652,0859e6a1-7339-4617-9577-04535c6e8975,sale,casa_triplex,VENTA TRIPLEX 3 AMBIENTES COCHERA - PATIO  TERRAZA,"ACEPTA PERMUTA

Ubicado sobre Bacacay 4895, esquina Cervantes, en el barrio de Vélez Sarsfield, este amplio tríplex de 4 ambientes combina comodidad, funcionalidad y una excelente distribución en tres plantas.

En la planta baja se encuentra un amplio y luminoso living-comedor, cocina con gran espacio de guardado, toilette de recepción, cochera y salida a un patio privado con parrilla, ideal para disfrutar de reuniones al aire libre.

En el primer piso se ubica un dormitorio abierto que balconea hacia la planta baja, con placard y excelente ingreso de luz natural, además de un baño completo.

En el segundo piso se encuentra una segunda habitacion, cerrada, con placard, baño completo y salida a un balcón privado, brindando mayor comodidad e independencia. Desde este nivel se accede mediante una escalera caracol a la terraza, un espacio ideal para disfrutar del aire libre o proyectar un sector de esparcimiento.

La propiedad se destaca por sus ambientes amplios, la excelente ventilación e iluminación natural, la funcional distribución de sus tres niveles y los múltiples espacios exteriores que ofrece. Todos los dormitorios cuentan con placard.

Su ubicación es estratégica, con rápido acceso a avenidas principales, medios de transporte, comercios, colegios y espacios verdes.

Una excelente oportunidad para quienes buscan un hogar amplio, con cochera, patio, terraza y una ubicación privilegiada dentro de la Ciudad de Buenos Aires.",,36.0,True,Dormitorio | Comedor | Cocina | Patio | Terraza | Lavadero,USD,168000.0,ARS,0.0,1446.41,2693.17,3,2,2,116.15,62.38,Bacacay 4800,Velez Sarsfield,"Velez Sarsfield, Capital Federal",-34.6343505,-58.4954547,active,420041163-513,https://www.remax.com.ar/listings/venta-triplex-3-ambientes-cochera-patio-terraza
647783,af71a8b9-3fce-4bee-8872-a76c4505b2d0,sale,terrenos_y_lotes,LOTE TERRENO 150m2 EN VENTA PALERMO EMPRENDIMIENTO,"Lote con excelente potencial de desarrollo en Palermo – Güemes 4370

Oportunidad para desarrolladores e inversores. Se ofrece lote de 146 m² ubicado sobre la calle Güemes al 4370, en una de las zonas de mayor demanda de Palermo, con excelente conectividad y cercanía a polos gastronómicos, comerciales y espacios verdes.

Potencial constructivo:
Ubicado en distrito USAA, con posibilidad de desarrollar Planta Baja + 7 pisos + 2 retiros, alcanzando una superficie vendible estimada de 863 m² más 3 cocheras en Planta Baja.

Números destacados del proyecto:

Superficie del terreno: 146 m²
Frente: 8,63 m
Altura máxima: 22,80 m
Superficie vendible estimada: 863 m² + 3 cocheras
Incidencia neta: USD 845 / m² vendible
Plusvalía estimada: USD 89.111

La ubicación estratégica dentro de Palermo, sumada a los indicadores urbanísticos vigentes, convierten a este lote en una excelente alternativa para proyectos residenciales, de renta o desarrollos de uso mixto.

El estudio fue realizado bajo el Nuevo Código Urbanístico y los valores expresados son estimativos. La factibilidad definitiva deberá ser verificada por los profesionales designados por el comprador mediante el correspondiente anteproyecto y consulta municipal. Estudio de prefactibilidad disponible para interesados.",,,False,,USD,790000.0,ARS,,5266.67,,0,0,0,150.0,0.0,Güemes 4300,Palermo,"Palermo, Capital Federal",-34.5830757,-58.4218412,active,421011105-40,https://www.remax.com.ar/listings/lote-terreno-150m2-en-venta-palermo-emprendimiento
546854,19b723b0-1d5c-4cbf-8084-b0bb4503d06d,sale,departamento_estandar,DEPARTAMENTO VENTA CABALLITO GOYENA PISO 260M2,"ULTIMA UNIDAD DISPONIBLE - CABALLITO - PISO EXCLUSIVO DE CATEGORIA - OPCIONAL COCHERAS -

PEDRO GOYENA 1512 - SEGUNDO PISO AL FRENTE - BALCON ATERRAZADO - PARRILLA - DEPENDENCIA DE SERVICIO, DOBLE ACCESO - 

El deseo de vivir sobre la avenida Pedro Goyena se conjuga con la búsqueda de la mejor oferta inmobiliaria. Es un producto especial, para un público muy selecto y exigente, que quiere vivir sobre Pedro Goyena con el confort y el nivel que hoy sólo se encuentra en zonas exclusivas d e la ciudad.

Es un edificio de 12 pisos,  distribuidos en UNA VIVIENDA POR PISO, CON UNA SUPERFICIE DE 260 M2, que incluye cuatro dormitorios -dos en suite- un amplio living-comedor de once metros de frente con vista a la arbolada avenida, una generosa cocina con comedor diario, un extenso balcón corrido al frente, espacioso lavadero, dependencia de servicio y un segundo balcón con parrilla al contrafrente.

El lujo y la distinción están impresos en cada detalle. Las unidades cuentan con calefacción por piso radiante y climatización adicional frío-calor por conductos, ambos con comando individual. Aberturas de PVC de alta prestación con doble vidriado hermético, amoblamientos completos en cocina y lavadero, frentes e interiores de placards, porcellanatos de primera calidad y pisos entablonados de madera en estar y dormitorios. Cada propietario podrá optar también con contar con dos o tres cocheras ubicadas en planta baja y en subsuelo.

SMART. Además de la calidad del diseño, este proyecto se distingue por la utilización de la DOMÓTICA como valor agregado. Iluminación, climatización, seguridad, entre otros, podrán ser comandados vía remota o bien a través de dispositivos electrónicos que serán entregados a cada propietario.

En el doceavo piso, un sofisticado penthouse, cuenta con una inmejorable vista al corredor de tipas y una terraza propia con doble acceso desde el estar- comedor y desde la cocina, lo que, sumado a un acceso directamente desde palier privado, posibilita variadas alternativas de uso. Un espacio exterior único completa este privilegiado departamento. Cada propietario podrá contar además con una atención profesional personalizada para customizar su unidad o satisfacer sus demandas. No buscamos un producto repetido y estandarizado, queremos que cada vivienda sea única y tenga impreso el sello de sus habitantes.


CARACTERISITICAS:

- Carpinterías exteriores en PVC con Doble Vidriado Hermético (D.V.H.). 
- Piso entablonado largos varios en estar-comedor y dormitorios .-
- Porcellanatos d e primera calidad en cocina, lavaderos, baños y balcones.-
-  Amoblamientos de cocina completos en madera laqueada, con mesada de granito.- 
- bacha de acero inoxidable marca Johnson.
-  Anafe vitrocerámico y horno eléctrico empotrado.-
-  Artefactos sanitarios Ferrum y griferías FV de primera calidad o similar. 
- Bañera d e hidromasaie y ducha en baño principal. Vanitorys en madera laqueada.-
- Amoblamientos de lavadero completos en melamina, con mesada de granito y bacha de acero inoxidable marca Tomas con USB y módulos euro- americanos en ambientes principales. 
- Iluminación de emergencia dentro de la unidad. 
- Portero eléctrico con sistema d e audio y visión. 
- Parrilla exterior en balcón al contrafrente. Cerradura inteligente para acceso a cada unidad. 
- Puertas de acceso a palier con cerradura antipánico. 
- Ascensor con código de acceso por piso. 
- Opcional de dos o tres cocheras por unidad. 
- Instalación inicial a prueba de sistema de seguridad global para el edificio.
- Seguridad por Totem.-

- Medidas: plano adjunto en fotos.-

VALOR COCHERAS:

PB: CUBIERTA SIMPLE_______________ USD 35.000.-
PB: CUBIERTA DOBLE _______________ USD 70.000.-
PB: DESCUBIERTA SIMPLE USD_________ USD 30.000.-
SUBSUELO SIMPLE_________________ USD 30.000.-
SUBSUELO DOBLE_________________  USD 60.000.-


UBICACION:

UBICACION:  - PROXIMO A LAS AVENIDAS: ALBERDI, DIRECTORIO, RIVADAVIA, CARABOBO, JOSE MARIA MORENO.- 
- LINEAS DE COLECTIVO: 1, 2, 5, 8, 25, 36, 44, 49, 53, 55, 76, 85, 86, 88, 96, 103, 104, 126, 132, 133, 134, 136, 141, 163, 180 
- LINEA SUBTE A - ESTACION PUAN.- 
-  BAJADA Y SUBIDA AUTOPISTA - CARABOBO.- 
-  DIFERENTES TIPOS DE COMERCIOS.-
",,1.0,False,Electricidad | Agua | Gas | Internet | Desague Cloacal | Aire Acondicionado | Dormitorio | Comedor | Vestidor | Baño | Living | Estudio | Lavadero | Placard | Parrilla | Desayunador | Orientación Norte | Disposición Frente | Balcón | Cocina/Comedor | Toilet | Habitación de Servicio | Permite Mascotas,USD,990000.0,ARS,0.0,3735.85,4285.71,5,4,3,265.0,231.0,Avenida Pedro Goyena 1500,Caballito,"Caballito, Capital Federal",-34.582786075088,-58.564960956573,active,420971282-401,https://www.remax.com.ar/listings/departamento-venta-caballito-goyena-piso-260m2
625216,a6f5d0e9-4aa9-401c-863f-2097c6019c24,sale,departamento_monoambiente,Monoambiente en Venta en Villa Crespo Amenities,".
Se vende un departamento de un ambiente en Drago al 200, a dos cuadras de Av. Corrientes y Av. Scalabrini Ortiz.

Es un segundo piso con balcón a un contrafrente muy tranquilo y arbolado.

La superficie es de 28m² cubiertos y 4m² de balcón.

El baño es completo y la cocina tiene un anafe eléctrico. Posee aire acondicionado frío/calor.

Se encuentra en un moderno edificio con hidromasaje en la terraza, en un solarium puro cielo y sol, SUM con parrilla, y laundry.

Es apto profesional, estudio, oficina, etc.

Apto crédito.

Sin reubicación, listo para entregar.

Ubicado a tres cuadras de la estación Malabia de la línea B del subte, con todas las líneas de colectivos de las avenidas Corrientes y Scalabrini Ortiz, y a dos cuadras del Parque Centenario.
.",,5.0,True,Electricidad | Agua | Hidromasaje | Laundry | Ascensor | Baño | Cocina | Placard | Disposición Contrafrente | Balcón | Solarium | Permite Mascotas | Apto Turístico,USD,74800.0,ARS,149000.0,2337.5,2671.43,1,0,1,32.0,28.0,Luis María Drago 200,Villa Crespo,"Villa Crespo, Capital Federal",-34.6017616,-58.4368072,active,181467-121,https://www.remax.com.ar/listings/monoambiente-en-venta-en-villa-crespo-amenities
658559,1711fe6a-6498-415b-a91a-a2bfcdb20056,sale,departamento_estandar,Departamento 5 ambientes en el Barrio Piedrabuena,"DEPARTAMENTO 5 AMBIENTES EN VENTA - VILLA LUGANO - CAPITAL FEDERAL

Departamento de 95 m² ubicado en zona estratégica de Villa Lugano, con excelente distribución y potencial de inversión. Emplazado en el sexto piso de edificio de doce niveles sobre calle Montiel, este inmueble ofrece una configuración funcional con cinco ambientes que maximizan el aprovechamiento del espacio.

Construido en 1973, el departamento se encuentra en buen estado general, conservando características estructurales sólidas. La distribución incluye cuatro dormitorios, un amplio living-comedor, cocina independiente y dos baños que garantizan comodidad y privacidad para sus habitantes.

La propiedad cuenta con una superficie cubierta total de 95 m², diseñada para brindar confort y versatilidad. Su ubicación en un sexto piso permite una vista despejada y buena iluminación natural, elementos diferenciales para quienes buscan un inmueble con potencial de valorización.

Ideal para familias medianas, inversores o profesionales que valoran una ubicación con buena conectividad en el sur de Capital Federal. Villa Lugano ofrece acceso rápido a principales arterias, transporte público y servicios urbanos.




Las medidas, superficies y expensas consignadas en la presente son aproximadas; y al solo efecto orientativo. Los datos definitivos son los que surgirán del título de la propiedad y de los comprobantes respaldatorios.

Inmueble no accesible para personas con discapacidad física (Ley 5115).

En cumplimiento de las normas legales aplicables informamos que los agentes NO ejercen Corretaje Inmobiliario. Todas las operaciones inmobiliarias son concluidas por el Corredor Inmobiliario y Martillero Publico Roque Ciampa CUCICBA 5946",,53.0,False,Dormitorio | Comedor | Baño | Cocina | Living | Patio,USD,43000.0,ARS,30000.0,452.63,452.63,5,4,1,95.0,95.0,Montiel 3900,Villa Lugano,"Villa Lugano, Capital Federal",-34.6770355,-58.4925012,active,422201009-58,https://www.remax.com.ar/listings/departamento-5-ambientes-en-el-barrio-piedrabuena
634475,c31bf597-0a66-4b37-9c4e-59629e30ed34,sale,departamento_estandar,Depto 2 amb apto prof/cred con Balcón/ Recoleta,"Depto 2 amb En 1er Piso con Balcón y Baulera / Recoleta 
Guido 1849

Apto Profesional 

Apto Crédito 

Excelente oportunidad en el corazón de Recoleta, una de las zonas más buscadas de la ciudad, ideal tanto para vivienda como para inversión con excelente potencial de renta tradicional, temporaria o turística. Ubicado sobre Guido 1849, rodeado de cafés, restaurantes, espacios verdes, universidades, centros de salud y con gran conectividad.

Departamento de 2 ambientes en primer piso, en muy buen estado general y listo para habitar. Cuenta con 49 m² totales, con una distribución cómoda y funcional. Posee balcón interno, lo que brinda un ambiente silencioso y tranquilo, ideal para descansar en plena ciudad.

Además, dispone de un segundo espacio descubierto donde se encuentra el lavadero, aportando ventilación cruzada y circulación de aire natural en toda la unidad.

Living comedor, dormitorio con placard, cocina independiente y baño completo. Incluye baulera compartida en subsuelo.

Una propiedad con ubicación premium y gran proyección de valor.

Mira el video de la propiedad en  https://youtu.be/Y896_vywc7U 

Tour virtual https://kuula.co/share/collection/7MRvS?logo=0&info=1&fs=1&vr=0&sd=1&thumbs=1


Los metros aquí publicados son aproximados. Los reales surgen de la escritura. Esta publicidad respeta Ic establecido en el art. 4 y 8 de la ley 24.240 En cumplimiento de las leyes provinciales vigentes que requlan el corretaie inmobiliario, Ley Nacional 25.028, Ley 22.802 de Lealtad Comercial, Lev 24.240 de Defensa al Consumidor, las normas del Código Civil y Comercial de la Nación y Constitucionales, los agentes NO eiercen el corretaie inmobiliario. Todas las operaciones inmobiliarias son obieto de intermediación y conclusión por parte de los martilleros y corredores colegiados, cuyos datos se exhiben debaio del nombre de la inmobiliaria,.
Ley 5115: el inmueble es accesible para personas con movilidad reducida",,65.0,False,Electricidad | Agua | Gas | Agua Corriente | Dormitorio | Comedor | Baño | Living | Lavadero | Placard | Disposición Interno | Balcón | Jardín de Invierno | Baulera | Living/Comedor | Agua Potable,USD,108000.0,ARS,210000.0,2203.63,2924.45,2,1,1,49.01,36.93,Guido 1800,Recoleta,"Recoleta, Capital Federal",-34.589139746447,-58.390433276509,active,421811063-9,https://www.remax.com.ar/listings/depto-2-amb-apto-prof-cred-con-balcon-recoleta
570847,60a00e65-f74d-487c-add1-6ef3f602d158,sale,departamento_estandar,DEPARTAMENTO 2 AMBIENTES VENTA CAÑITAS PALERMO LUM,"Excelente oportunidad para vivir en una de las zonas más conectadas y buscadas de la ciudad. A pasos de Av. Cabildo, subte línea D y múltiples medios de transporte.
Esta listo para entrar! 

Amplio living comedor con vista lateral abierta. Muy luminoso y silencioso. Tiene linea telefónica.

Cocina cómoda con lavadero integrado y gran capacidad de guardado.

Dormitorio con placard empotrado.

Baño completo con ventilación natural.

Servicios individuales. Agua caliente por calefón.
Pisos de parquet en excelente estado.

Una propiedad ideal para quienes buscan funcionalidad, buena luz y una ubicación estratégica, cerca de comercios, restaurantes y espacios verdes.

Contáctanos para agendar tu visita.

¡No dejes pasar esta oportunidad de adquirir tu nuevo hogar en una ubicación privilegiada con todas las comodidades que necesitas!
ESCUCHAMOS TU PROPUESTA

Mañana puede ser tarde. No dudes en consultarnos HOY!
Si te interesa, pero necesitas vender para comprar, también podemos ayudarte.

Te acompañamos en todo el proceso con un equipo que respalda la calidad de atención. El objetivo es que encuentres lo que necesitas.

*SI TIENES QUE VENDER PARA COMPRAR, PODEMOS AYUDARTE Y REALIZAR LA OPERACIÓN SIMULTÁNEA*

BENEFICIO PARA CLIENTES
Si te falta hasta un 30% del valor de esta propiedad, te ofrecemos solicitar un préstamo a través de Lendar, servicio exclusivo para clientes RE/MAX.",,46.0,True,,USD,89990.0,ARS,152000.0,2884.29,2884.29,2,1,1,31.2,31.2,General Manuel Savio 200,Las Cañitas,"Las Cañitas, Palermo, Capital Federal",-34.574054494746,-58.43435525916,active,420801109-88,https://www.remax.com.ar/listings/departamento-2-ambientes-venta-canitas-palermo-lum
582034,2103d1e4-7bc2-4dc2-baed-41ac8ed1fe8b,sale,departamento_estandar,VTA DPTO 4 AMBIENTES CON BALCON / MONTE CASTRO,"Departamento de 4 ambientes con balcón , ubicado sobre Gualeguaychú y Miranda, en excelente ubicación de Monte Castro. 
La propiedad se encuentra en el piso 18 y cuenta con living comedor, cocina independiente con lavadero, tres dormitorios con placard y baño completo.
Se destaca por su vista abierta, buena ventilación y una distribución cómoda y funcional.
A metros de Av Alvarez Jonte, con excelente conectividad, cercanía a comercios, espacios verdes y múltiples medios de transporte. ",,41.0,True,,USD,119000.0,ARS,180000.0,1308.12,1423.27,4,3,1,90.97,83.61,Gualeguaychú 1800,Monte Castro,"Monte Castro, Capital Federal",-34.6184327,-58.4982577,negotiation,420621208-6,https://www.remax.com.ar/listings/vta-dpto-4-ambientes-con-balcon-monte-castro
579976,dbc89493-48be-4ff8-9b73-28a8871e3d18,sale,ph,VENTA PH C/TERRAZA.IMPECABLE.MATADEROS,"PH 4 AMBIENTES RECICLADO A NUEVO CON TERRAZA  –

Presentamos esta excelente propiedad tipo PH de 4 ambientes, completamente reciclada y puesta en valor, lista para mudarse sin necesidad de realizar ninguna inversión adicional.

Con una superficie total de 127,82 m², esta unidad se destaca por la calidad de sus terminaciones, el cuidado en cada detalle y la excelente distribución de sus espacios.

Al ingresar, nos recibe un amplio patio semicubierto que funciona como un verdadero ambiente adicional, ideal para utilizar como living-comedor, sala de estar o espacio de reunión familiar. 

Gracias a sus dimensiones y luminosidad, se convierte en uno de los grandes protagonistas de la propiedad.

La vivienda cuenta con tres cómodas habitaciones distribuidas en dos plantas: dos de ellas en planta baja y una tercera en planta alta, brindando privacidad e independencia a cada sector del hogar.

Dispone además de cocina independiente, baño completo y una espectacular terraza propia con sector de lavadero y quincho, un espacio ideal para disfrutar reuniones con familiares y amigos durante todo el año. La terraza cuenta con parrilla y terminaciones de excelente calidad, generando un entorno sumamente agradable y funcional.

Uno de los mayores atributos de esta propiedad es el importante trabajo de reciclado integral realizado. Se renovaron completamente las instalaciones de gas y electricidad, incluyendo cañerías nuevas, sanitarios, termotanque de 120 litros, tanque de agua de 750 litros y equipamiento de cocina. 

Todo fue pensado para brindar comodidad, seguridad y tranquilidad a sus futuros propietarios.

Asimismo, se conservaron y restauraron cuidadosamente los detalles originales de la propiedad, destacándose las aberturas y maderas, que fueron lijadas, pulidas y mantenidas en excelente estado. 

Los pisos de madera fueron totalmente renovados, aportando calidez y personalidad a cada ambiente.

Cada rincón refleja mantenimiento, calidad constructiva y una puesta en valor realizada con criterio y buen gusto.

Una propiedad única, con el encanto de los PH tradicionales y todas las comodidades de una renovación moderna.

Solo resta traer tus muebles, instalarse y comenzar a disfrutarla.

¡Coordiná tu visita y descubrí todo el potencial que esta propiedad tiene para ofrecer!",,56.0,False,Electricidad | Gas | Agua Corriente | Dormitorio | Baño | Cocina | Patio | Terraza | Lavadero | Parrilla | Otro | Permite Mascotas,USD,114900.0,ARS,0.0,899.98,2127.78,4,3,1,127.67,54.0,Andalgalá 2000,Mataderos,"Mataderos, Capital Federal",-34.6598483,-58.5095945,active,421231002-276,https://www.remax.com.ar/listings/venta-ph-c-terraza-impecable-mataderos
626227,7d60350f-ec75-4234-a82e-7088921075e9,sale,ph,VENTA PH 4 AMBIENTES CON PATIO,"VENTA PH 4 AMBINTES EN DOS PLANTAS CON PATIO 
OPORTUNIDAD PARA VIVIENDA O INVERSOR 

UBICADO EN EL BARRIO DE CABALLITO CERCA DE AV AVELLANEDA .
ENTRE MENDEZ DE ANDES Y ARANGUREN

PH QUE SE INGRESA POR PLANTA BAJA . 
SON 8 PH EN EL LOTE 

ESTE ´PH EN PLANTA BAJA CUENTA CON LIVING COMEDOR INTEGRADO  
-COCINA  CON ARTEFACTO A GAS , MUEBELS SOBRE MESADA 
- CALEFON 
- PATIO 
-LIVING COMEDOR CON SALIDA AL PATIO 
-DORMITORIO EN PLANTA BAJA 


SEGUNDO PISO 
-BAÑO 
-DORMITORIO 
- OTRO DORMITORIO O ESPACIO DE TRABAJO CON SALIDA AL BALCON
- BALCON O LAVADERO 
-CALEFON ELECTRICO 
- ACCESO A EL TECHO O TERRAZA

SE ACTUALIZARON LOS CAÑOS HACE 13 AÑOS Y LA ELECTRICIDAD 
Imagenes ilustrativas con  IA

POR ESCRITURA ESTAN DECLARADOS 52,71 METROS .
LOS METROS REALES SALDRAN DE LA ESCRITURA TRASLATIVA  DE DOMINIO 

Transportes Cercanos
Colectivos:	44, 76, 84, 92, 99, 106, 124, 172, 181


SI NECESITAS SABER CUANTO VALE TU PROPIEDAD PARA COMPRAR PODEMOS AYUDARTE 
",,58.0,False,Electricidad | Agua | Gas | Dormitorio | Comedor | Baño | Cocina | Living | Patio | Lavadero | Placard | Disposición Interno | Permite Mascotas | Living/Comedor,USD,120000.0,ARS,0.0,1263.16,1263.16,4,3,2,95.0,95.0,Almirante Francisco Juan Seguí 500,Caballito,"Caballito, Capital Federal",-34.618636,-58.4543025,active,421031045-153,https://www.remax.com.ar/listings/venta-ph-4-ambientes-con-patio
596668,1e2bcb57-1980-4ee1-8e39-c2fb6041bd9b,sale,departamento_estandar,Venta 2 ambientes en Palermo Torre Quo Paraguay,"Recién ingresado este exclusivo 2 ambientes en QUO PARAGUAY te esta esperando. Inmejorable ubicación con acceso a los principales medios de transporte. Super conectado y a metros de Palermo Soho, con gran cantidad de bares, restaurantes y negocios con onda. 
Super luminoso desarrollado en una planta super comoda. Muy luminoso. Cocina con  generoso lugar de guardado en alacenas y muebles bajo mesada. Balcon aterrazado. Comoda habitacion. Baño completo. 
Desarrollado por Brody Friedman. Proyecto del estudio de Mario Roberto Álvarez, uno de los máximos influyentes de la escuela arquitectónica del Movimiento Moderno Internacional en Argentina.. Con departamentos de 1, 2 y 3 dormitorios, Quo Paraguay es un proyecto único por características de comodidad, diseño y categoría.
Cuenta con los siguientes amenities:
Piscina climatizada de 20 m de largo con espejo de agua en el ultimo piso
Piscina climatizada y juegos para chicos en planta baja
Jardín de 500 m2
Acceso en doble altura
Spa, vestuarios, área de relax, sauna y ducha escocesa
Gym totalmente equipado con maquinas de ultima generación
Cocheras de cortesia
Microcine
Sky sum con parrilla
Laundry
Seguridad las 24 hs.",,6.0,False,Electricidad | Agua | Internet | Desague Cloacal | Agua Corriente | Aire Acondicionado | Gimnasio | Hidromasaje | Seguridad | Pileta | Business Center | Laundry | Estacionamiento para visitas | Ascensor | Salón de usos múltiples - SUM | Área de juegos infantiles | Áreas Verdes | Dormitorio | Baño | Cocina | Living | Lavadero | Lobby | Quincho | Sala de reuniones | Parrilla | Balcón | Pileta | Cocina/Comedor | Solarium | Pileta Climatizada | Sauna | Permite Mascotas | ComYAmenCalefacción,USD,195000.0,ARS,1.0,4148.94,4148.94,2,1,1,47.0,47.0,Paraguay 4400,Palermo,"Palermo, Capital Federal",-34.5848988,-58.423369,active,181155-688,https://www.remax.com.ar/listings/venta-2-ambientes-en-palermo-torre-quo-paraguay
652083,ca09e79a-a432-4ef1-9ea1-b5265c9cdb24,sale,terrenos_y_lotes,Venta lote en Villa Devoto sobre Av San Martín,"Excelente terreno ubicado sobre la Avenida San Martín y a metros de Av. Beiró, con excelente conectividad y acceso a múltiples medios de transporte. Se encuentra a 3 cuadras de Av. Nazca, a 3 cuadras del Club Comunicaciones, a metros del Instituto de Oncología de la UBA y a 5 cuadras de la estación El Libertador del Ferrocarril Urquiza. Además, cuenta con numerosas líneas de colectivo sobre las principales avenidas de la zona.

Frente: 8,87 m (8,05 m. fondo s/plancheta) 
Fondo: 11,18 m (15,25 s/plancheta)

CUr
Distrito: USAM (Unidad de sustentabilidad de altura media)
H Max: 17,20 mts
Morfología: P.B +5 pisos + 2 retiros
M2 vendibles = 493 m2 

Acepta departamento a estrenar en parte de pago en la zona de 3 ambientes.

No dudes en consultarnos para más información o si queres el análisis de prefactibilidad
",,66.0,True,Permite Mascotas,USD,235000.0,ARS,0.0,1342.86,1468.75,7,5,2,175.0,160.0,Avenida San Martín 5700,Agronomía,"Agronomía, Capital Federal",-34.5964321,-58.4978241,active,420261143-164,https://www.remax.com.ar/listings/venta-lote-en-villa-devoto-sobre-av-san-martin
625109,1d1ec22f-ffd8-4317-8752-9150cc5936e1,sale,departamento_estandar,VENTA 3 AMB. CON COCHERA Y BAULERA ALMAGRO,"VENTA DE DEPARTAMENTO DE CATEGORIA UBICADO EN LA TORRE PLAZA LEZICA
AL INGRESAR AL DEPARTAMENTO NOS ENCONTRAMOS CON UN AMPLIO LIVING COMEDOR CON SALIDA AL BALCÓN CORRIDO DE 8M2.

COCINA SEPARADA CON COMEDOR DIARIO, MESADA DE GRANITO GRIS , MUEBLES DE BAJO MESADA Y ALACENA EN EXCELENTES CONDICIONES, COCINA INDUSTRIAL Y LO MÁS IMPORTANTE UNA AMPLIA VENTANA CON VISTA AL PARQUE INTERNO.

DORMITORIO PRINCIPAL AL CONTRAFRENTE CON PLACARD Y BAÑO EN SUITTE.

SEGUNDA HABITACIÓN AL FRENTE CON AMPLIAS MEDIDAS,Y PLACARD.

BAÑO COMPLETO CON GRIFERIA Y SANITARIOS DE 1RA. CALIDAD Y BAÑERA.
COCHERA CUBIERTA AMPLIA DE 18M2
BAULERA
LOSA RADIANTE
SEGURIDAD LAS 24HS
EXCELENTE CATEGORIA. FULL AMENITIES.
Sum / Piscina cubierta y descubierta / Quincho con parrillas / Gimnasio abierto / Laundry / Solarium /Área verde con juegos para niños. Seguridad.

LA CONSTRUCCIÓN:

- Pisos Madera flotante en dormitorios.
- Pisos porcelanato en living, baños y cocina.
- Grifería alta calidad.
- Cerramientos Alumino en color blanco.
- Muebles bajo mesada en cocina.
- Balcón amplio con doble orientación.

LA ZONA:

- Grandes Comercios y Restaurantes. A 4 cuadras del Parque Rivadavia y del Parque Centenario. Distrito Escolar. Shopping Caballito. Hospital Durand.

Transportes Cercanos:
- Colectivos: 2, 5, 8, 15, 26, 65, 85, 86, 88, 103, 104, 105, 119, 132, 146
- Subtes (Metro): Estaciones Río de Janeiro y Castro Barros (Línea A)",,15.0,False,Electricidad | Agua | Gas | Portón Automático | Seguridad | Pileta | Laundry | Estacionamiento para visitas | Ascensor | Salón de usos múltiples - SUM | Área de juegos infantiles | Áreas Verdes | Dormitorio | Cocina | Placard | Balcón | Baulera | Permite Mascotas,USD,225000.0,ARS,545000.0,3096.19,3680.68,3,2,2,72.67,61.13,Lezica 4200,Almagro,"Almagro, Capital Federal",-34.612106875782,-58.426494598389,active,421231056-317,https://www.remax.com.ar/listings/venta-3-amb-con-cochera-y-baulera-almagro
516576,56f82b83-4c69-4012-a95f-52434cd332c1,sale,departamento_estandar,Venta Depto 2 amb Estrenar Barracas Balcon terraza,"Venta de Departamento 2 ambientes con Balcón Aterrazado a estrenar en Barracas , Exelente ubicación, Muy luminoso.

Departamento úbicado en un Quinto piso . Cuenta con 58 m2 totales muy bien distribuidos.

Departamento de dos ambientes a estrenar !

-Living comedor.
-Cocina integrada
-Dormitorio principal en Suite
-Toillette.
-Balcón Aterrazado.

Agregados de Categoría ;

-Aberturas de Aluminio.
-Sanitarios Ferrum.
- Grifería FV.

Ameneties :

Solarium con parrillas en la terraza .

Exelente Ubicación: Azara 1388
Cercanías :

Está a solo 2 cuadras de la Av. Patricios y 2 de la Av. Montes de Oca, ofreciendo excelente conectividad a medios de transporte, comercios y servicios.

-Cuenta con Acceso a personas con movilidad reducida.",,1.0,False,,USD,110000.0,ARS,0.0,1911.05,2830.67,2,1,1,57.56,38.86,Azara 1300,Barracas,"Barracas, Capital Federal",-34.644839284993,-58.36987853083,active,420621257-14,https://www.remax.com.ar/listings/venta-depto-2-amb-estrenar-barracas-balcon-terraza
630390,eed2f6ac-60d8-4eda-98b2-1aaece95e471,sale,departamento_estandar,VENTA DEPTO 3 AMBIENTES SAN TELMO,"DEPARTAMENTO 3 AMBIENTES EN VENTA SAN TELMO CAPITAL FEDERAL - APTO CRÉDITO

UBICACIÓN ESTRATÉGICA

Situado en la calle Piedras, una de las arterias principales de San Telmo, el departamento se encuentra en el corazón de uno de los barrios más dinámicos y valorados de la Capital Federal. La zona ofrece acceso inmediato a comercios, gastronomía, transporte público y servicios diversos. La proximidad a plazas históricas y la infraestructura consolidada del barrio garantizan una inversión en un área de alto potencial.

CARACTERÍSTICAS DEL INMUEBLE

Departamento de 47 m² distribuido en 3 ambientes con 2 dormitorios y 1 baño completo. Ubicado en el segundo piso de un edificio de 9 niveles, lo que proporciona acceso conveniente sin los inconvenientes de plantas bajas. La construcción data de 1980 y se encuentra en muy buen estado de conservación, reflejando mantenimiento adecuado a lo largo de los años.

Segundo piso al contrafrente con vista al parque Vera Peñaloza.

LA PUBLICACION TIENE VIDEO.

Originalmente se trataba de un dos ambientes y a la actualidad se encuentra separado con un durloc que puede volverse a su forma original fácilmente.

DISTRIBUCIÓN FUNCIONAL

• Dormitorio principal con dimensiones aprovechables
• Dormitorio secundario ideal para huésped o estudio
• Baño completo con instalaciones en buen estado
• Espacios comunes bien distribuidos

OPORTUNIDAD DE INVERSIÓN

El departamento reúne las características requeridas para financiamiento hipotecario, clasificándose como apto crédito. Su tamaño compacto, ubicación privilegiada y estado general lo posicionan como una opción accesible para inversores, primeros compradores o quienes busquen una propiedad en San Telmo sin comprometer presupuesto.


Colectivos:	4, 9, 10, 12, 17, 22, 24, 28, 29, 39, 45, 46, 51, 53, 57, 59, 60, 61, 62, 65, 67, 70, 84, 90, 91, 97, 98, 100, 102, 126, 129, 133, 143, 148, 151, 154, 168, 195

Subtes (Metro):	SAN JUAN (Línea C) a dos cuadras.",,46.0,True,Dormitorio | Baño,USD,75000.0,ARS,112000.0,1607.37,1607.37,3,2,1,46.66,46.66,Piedras 1200,San Telmo,"San Telmo, Capital Federal",-34.6223884,-58.377063,active,420491199-93,https://www.remax.com.ar/listings/venta-depto-3-ambientes-san-telmo-1
633196,f38f7de9-5d1e-4d71-859e-4e648252467e,sale,ph,VENTA PH 4 AMB COCHERA Y PATIO-LUGANO APTO CREDITO,"VENTA PH 4 AMB CON COCHERA Y PATIO EN 2 PLANTAS AL FRENTE - VILLA LUGANO - APTO CREDITO.

Una opción ideal para quienes valoran el confort, los espacios amplios y el buen gusto. Esta propiedad tipo PH con ingreso exclusivo e independiente, desarrollada en dos plantas, se encuentra en excelente estado de conservación y ofrece una combinación perfecta de funcionalidad, luminosidad natural y materiales de calidad. Posee ventilación cruzada y amplios ventanales con orientación avriada.

Características principales:
Distribución en 2 Plantas
Dormitorios (3)
Baños (2)
Living
Comedor
Hall de distribución
Cocina
Garage
Lavadero independiente con balcón
Patio
Balcón aterrazado
Todos los servicios disponibles

Detalles adicionales:
Espacios de guardado con placares empotrados en distintos ambientes de la propiedad.

Ubicación privilegiada situada en zona residencial con rápido acceso a avenidas, autopistas principales y gran conectividad con más de 8 líneas de colectivos: 36, 80, 91, 101, 117, 141, 143, 185.

Zona segura y con servicios:
Comisaría Vecinal Comuna 8
Hospital Cecilia Grierson
Distrito Escolar 
A metros del Distrito del Deporte
Cercanía al Factory Parque Brown
Caercanía al Autódromo de Buenos Aires

Las medidas, superficies y expensas consignadas en la presente son aproximadas; y al solo efecto orientativo. Los datos definitivos son los que surgirán del título de la propiedad y de los comprobantes respaldatorios.

QUE VENDER PARA COMPRAR PODEMOS AYUDARTE Y REALIZAR LA OPERACIÓN SIMULTÁNEA. BENEFICIO PARA CLIENTES REMAX: Si comprás tu casa con RE/MAX y te falta hasta un 30% del valor podés acceder a un préstamo a través de LENDAR con mínimos requisitos y aprobación en sólo 7 días hábiles! El trámite es 100% online y sin bancos! Podes hacer la simulación de las cuotas en el link y calcular vos tu préstamo. Conocé más sobre LENDAR en www.lendar.com.ar

En cumplimiento de las normas legales aplicables, informamos que los Agentes NO ejercen el Corretaje Inmobiliario. Todas las Operaciones Inmobiliarias son concluidas por los Corredores Matriculados responsables en cada oficina. Maria Laura Palini - CSM 2733 / CPI 7752.

LLAMAME Y VAMOS A VERLA!!! MUDATE A LA VIDA QUE QUERES!!!
",,51.0,True,Electricidad | Agua | Gas | Agua Corriente | Dormitorio | Comedor | Baño | Cocina | Living | Patio | Lavadero | Placard | Disposición Frente | Balcón | Permite Mascotas,USD,230000.0,ARS,0.0,1533.33,1769.23,4,3,2,150.0,130.0,Oliden 4400,Villa Lugano,"Villa Lugano, Capital Federal",-34.6783565,-58.4719691,active,420721276-26,https://www.remax.com.ar/listings/venta-ph-4-amb-cochera-y-patio-lugano-apto-credito
627833,0c0aae78-8e55-4f33-ade7-91268b1dcedd,sale,departamento_estandar,VENTA PALERMO DEP 2 AMB CON PATIO PARILLA MODERNO,"UNICO Y EXCELENTE DEPARTAMENTO EN EL CORAZON DE BARRIO NORTE

TOTALMENTE REFORMADO LISTO PARA MUDARTE Y DISFRUTARLO

TODO LUZ Y AMPLIOS ESPACIOS ESTILO MINIMALISTA

ES PB AL FONDO

LA UNIDAD CUENTA 

AMPLIO LIVING COMEDOR 

COCINA MODERNA CON DETALLES UNICOS 

BAÑO AMPLIO Y MODERNO

DORMITORIO CON MUCHO ESPACIO  Y AMPLIOS LUGARES PARA GUARDADO 

EL LIVING COMEDOR TIENE SALIDA A UN PATIO DE GRANDES DIMENSIONES CON PARRILA Y MUY LUMINOSO

AIRE ACONDICIONADO FRI CALOR EN DORMITORIO

POSEE GAS

BAJAS EXPENSAS

102,11 M2 TOTALES de los cuales 42,34 m2 cubiertos semicubiertos 3,69m2 y patio 56,08m2  POR ESCRITURA

EN RESUMEN UN LUGAR PARA VIVIR Y DISFRUTAR EN EL CORAZON DE  BARRIO NORTE


  ",,36.0,False,Electricidad | Agua | Gas | Internet | Desague Cloacal | Televisión por Cable | Televisión Satelital | Agua Corriente | Aire Acondicionado | Ascensor | Dormitorio | Comedor | Vestidor | Baño | Cocina | Living | Patio | Estudio | Lavadero | Placard | Parrilla | Desayunador | Orientación Oeste | Living/Comedor,USD,189500.0,ARS,165000.0,1845.36,3790.0,2,1,1,102.69,50.0,Juan María Gutiérrez 2500,Palermo,"Palermo, Capital Federal",-34.58754086087,-58.398653268814,active,420101301-174,https://www.remax.com.ar/listings/venta-palermo-dep-2-amb-con-patio-parilla-moderno-1
575779,15f2c1a1-904c-479b-91c9-df2f4d9656e6,sale,ph,VENTA PH 4 AMB. C/ TERRAZA  QUINCHO Y PATIO- BOEDO,"REMAX OFRECE A LA VENTA ESTE HERMOSO PH DE 4 AMBIENTES CON PATIO,  ESPACIO PARA QUINCHO Y TERRAZA EN EL BARRIO DE BOEDO.

Este especial PH se encuentra ubicado sobre la calle Carlos Calvo , cuenta con entrada independiente   y una superficie total construida de 188 m²,

La propiedad de tres plantas se desarrolla en 4 ambientes, compuestos por 3 habitaciones, ( una de ellas en suite) 2 baños completos y 1 toilette. 
El estado general del inmueble es muy bueno, ya que fue refaccionado recientemente en el año 2011, y esta en perfecto estado de mantenimiento.

Entre las comodidades que ofrece esta propiedad , encontramos en la PB un amplio living comedor , patio , cocina y toilette.  En el piso superior se encuentra la habitación principal en suite con vestidor y baño completo, mas dos habitaciones, ambas al frente y un segundo baño completo.

Subiendo hacia la ultima planta encontramos un gran espacio con cocina y salida a la terraza utilizado en parte como lavadero pero que es ideal como quincho por sus dimensiones y distribución.

Finalmente tenemos una amplia terraza de cómodas medidas que balconea hacia el frente en forma apaisada a lo largo de la propiedad creando un agradable espacio para un rico asado asi como momentos de relax.

Ubicado a una cuadra de la Av. San Juan y a tres de Av. La Plata , limite con el barrio de Caballito.

Transportes Cercanos
Colectivos:	7, 8, 15, 46, 53, 56, 57, 65, 75, 85, 86, 88, 91, 96, 97, 119, 126, 127, 160, 180, 181, 195
Subtes (Metro):	AV. LA PLATA (Línea E)

NO TE PIERDAS LA OPORTUNIDAD DE CONCER ESTA PROPIEDAD.

BENEFICIO PARA CLIENTES Si te falta hasta un 30% del valor de esta propiedad, te ofrecemos solicitar un préstamo a través de Lendar, servicio exclusivo para clientes RE/MAX.





",,15.0,False,Dormitorio | Vestidor | Baño | Patio | Terraza | Lavadero | Cocina/Comedor | Toilet | Otro | Living/Comedor,USD,249000.0,ARS,0.0,1326.66,1789.56,4,3,2,187.69,139.14,Carlos Calvo 4000,Boedo,"Boedo, Capital Federal",-34.624626882313,-58.422138690948,active,421181050-61,https://www.remax.com.ar/listings/venta-ph-4-amb-c-terraza-quincho-y-patio-boedo
474571,07526e12-56a8-4d8e-920f-b287524a299e,sale,departamento_semipiso,"Depto. 4 amb, Balcon, lav,cochera Villa del Parque","Departamento de 4 ambientes con cochera en pleno centro de Villa del Parque.  
Luminoso, funcional y con una distribución que aprovecha cada metro. El balcón corrido al frente ofrece vista abierta y suma calidad de vida todos los días.

Características principales

Balcón corrido al frente

Living comedor con salida al balcón

Tres dormitorios bien proporcionados

Baño completo + toilette

Cocina con entrada de servicio

Lavadero independiente

Cochera amplia

Apto crédito

Ubicación
En el corazón de Villa del Parque, a pasos del centro comercial, gastronomía, transporte y servicios. Zona buscada, dinámica y con excelente conectividad.

Una opción ideal para quienes buscan amplitud, luz y ubicación estratégica.  
Contactanos para coordinar una visita.

La medidas dealladas son aproximadas. las medidas definitivas resultaran de la escritura traslativa de dominio.

",,56.0,True,"Electricidad | Gas | Agua Corriente | Dormitorio | Baño | Cocina | Living | Lavadero | Placard | Orientación Este | Acceso de cochera, Rampa fija | Disposición Frente | Balcón | Toilet | Living/Comedor",USD,177000.0,ARS,351000.0,2046.48,2441.72,4,3,1,86.49,72.49,Cuenca 3200,Villa del Parque,"Villa del Parque, Capital Federal",-34.6007757,-58.4959181,active,420511263-4,https://www.remax.com.ar/listings/depto-4-amb-balcon-lav-cochera-villa-del-parque
639521,c87314a0-79d2-4cea-87b9-2c7cbf4ad556,sale,departamento_estandar,Depto en Venta 3 Amb - Plaza Irlanda - Caballito,"Departamento en Venta de 3 ambientes zona de Plaza Irlanda, en edificio con parque. 

La propiedad posee un amplio living, cocina separada, baño y toilette. Excelente estado y muy buena distribución de los ambientes. Disposición contrafrente en 1er piso al jardín.

Cocina con alacenas y muebles bajo mesada; conexión para lavarropas y espacio para heladera. Baño completo. Toilette de recepción amplio. Habitaciones con vista al parque del edificio, luminosas y con placares. Living con vista lateral. 

Losa radiante individual. Ascensores. Seguridad 24 hs. Grupo electrógeno.  

Excelente ubicación. A mts de espacios verdes. Avs Donato Alvarez, Gaona, y Boyaca. Diversos medios de transporte. Posibilidad de cocheras en Alquiler en el edificio. 

Las medidas son estimativas y pueden sufrir modificaciones. Los datos definitivos son los que surgirán del título de la propiedad, planos y/o comprobantes respaldatorios.",,24.0,False,Electricidad | Agua | Gas | Desague Cloacal | Agua Corriente | Aire Acondicionado | Losa Radiante | Seguridad | Ascensor | Áreas Verdes | Dormitorio | Baño | Cocina | Living | Lavadero | Placard | Orientación Este | Disposición Contrafrente | Toilet | Permite Mascotas | ComYAmenCalefacción | Living/Comedor | Agua Potable,USD,125000.0,ARS,180000.0,2066.12,2066.12,3,2,1,60.5,60.5,Manuel Trelles 900,Flores,"Flores, Capital Federal",-34.615541677686,-58.459968566895,active,421591046-75,https://www.remax.com.ar/listings/depto-en-venta-3-amb-plaza-irlanda-caballito
627000,4b2f1f46-ee9f-452b-b956-0d48f20c4216,sale,oficina,VENTA OFICINA 3 AMB REFACCIONADA ZONA TRIBUNALES,"OFICINA DE 3 AMBIENTES EN VENTA SAN NICOLÁS CAPITAL FEDERAL

Una oportunidad única en el corazón de San Nicolás, donde la funcionalidad se encuentra con la ubicación estratégica. Esta oficina representa el espacio ideal para profesionales que buscan consolidar su presencia en una zona de alto flujo comercial y accesibilidad.

UBICACIÓN PRIVILEGIADA

Emplazada sobre la avenida Tucumán, la propiedad goza de una posición que facilita el acceso desde múltiples puntos de la ciudad. La zona concentra actividad comercial, administrativa y profesional, garantizando visibilidad y circulación constante de potenciales clientes.

CARACTERÍSTICAS DEL ESPACIO

• Superficie construida de 51 m² optimizados para máxima funcionalidad
• Estado refaccionada en excelente estado
• Clasificación como apto profesional, ideal para consultorios, estudios y oficinas

INFRAESTRUCTURA COMPLETA

• Baño independiente con acabados en buen estado
• Cocina separada equipada 
• Distribución práctica que maximiza el espacio disponible

POTENCIAL DE INVERSIÓN

Más allá de su uso inmediato como oficina profesional, la propiedad presenta un potencial interesante para inversores por su potencial de renta, mientras que la ubicación en San Nicolás mantiene su valor en el tiempo.

Un espacio donde trabajar significa estar en el epicentro de la actividad porteña.",,40.0,False,Baño | Cocina | Estudio,USD,67000.0,ARS,80000.0,1325.94,1325.94,0,0,1,50.53,50.53,Tucuman 1600,San Nicolás,"San Nicolás, Capital Federal",-34.601753772541,-58.390107750893,active,421381229-25,https://www.remax.com.ar/listings/venta-oficina-3-amb-refaccionada-zona-tribunales
653757,3020ad59-4900-4d71-b3da-695f98eb897c,sale,terrenos_y_lotes,Casa en Lote propio. VENTA. USAM .SAN CRISTOBAL,"IDEAL PARA INVERSORES /DESARROLLADORES

Av. Chiclana 2800- San Cristobal

 Fácil acceso por avenidas, Metro Bus.


CÓDIGO URBANÍSTICO: U.S.A.M. 
Unidades de Sustentabilidad de Altura Media (U.S.A.M.)  Posibilidad de enrasar con edificio vecino.

MANZANA ATIPICA: METRAJE: 8,66 X 15,71   

Permite una construcción de hasta 16 m de largo sin restricciones de línea de frente interno.

AREA EDIFICABLE EN PLANTA: 135.72 m2

ALTURA MÁXIMA: 17.2 m2

ALTURA MÁXIMA PLANO LÍMITE: 24, M2

IMPORTANTE : Se puede enrazar con altura, edificio vecino


ZONA EN EXPANSIÓN EDILICIA- METRO BUS-

MUDATE A LA VIDA QUE SOÑAS

Comunicate con nosotros para una rápida información.

Las medidas son estimativas y pueden sufrir modificaciones. Los datos definitivos son los que surgirán del título de la propiedad, planos y/o comprobantes respaldatorios.",,48.0,False,"Electricidad | Agua | Gas | Agua Corriente | Dormitorio | Baño | Cocina | Patio | Terraza | Lavadero | Parrilla | Acceso de cochera, Rampa móvil | Disposición Frente | Balcón | Galpón | Otro | Permite Mascotas | Agua Potable",USD,135000.0,ARS,0.0,971.22,,0,0,0,139.0,0.0,Av. Chiclana 2800,San Cristobal,"San Cristobal, Capital Federal",-34.627279,-58.403828,active,421591096-199,https://www.remax.com.ar/listings/casa-en-lote-propio-venta-usam-san-cristobal
572527,69477f38-619a-4ba0-8c5a-be5bba31554d,sale,departamento_estandar,VENTA 3 AMBIENTES AL FRENTE CON BALCON Y COCHERA,"AMPLIO, COMODO Y LUMINOSO DEPARTAMENTO EN TERCER PISO AL FRENTE, ELECTRICO
INGRESAMOS AL LIVING COMEDOR CON COCINA INTEGRADA, AMUEBLADA Y CON ESPACIO PARA LAVARROPAS/LAVAVAJILLAS. 
A LA IZQUIERDA DE LA PUERTA DE INGRESO SE ENCUENTRA UN TOILETTE CON DUCHA.

EN PARALELO AL LIVING COMEDOR SE ENCUENTRAN LOS DOS DORMITORIOS DESENBOCANDO LOS TRES AMBIENTES A UN BALCON CORRIDO A LA CALLE, MUY COMODO.
LOS DORMITORIOS TIENEN PLACAR, PISO DE MADERA FLOTANTE Y EL PRINCIPAL EN SUITE CON BAÑO COMPLETO.

EL DEPARTAMENTO CUENTA CON UNA COCHERA.

SI ESTA DENTRO DE LO QUE BUSCAS, NO DUDES EN CANTACTARTE PARA ACORDAR UNA VISITA.
",,8.0,False,,USD,145000.0,ARS,330000.0,2288.15,2581.45,3,2,2,63.37,56.17,Doctor Luis Beláustegui 3000,Villa Santa Rita,"Villa Santa Rita, Capital Federal",-34.61766,-58.4794897,active,421031063-85,https://www.remax.com.ar/listings/venta-3-ambientes-al-frente-con-balcon-y-cochera
630046,b4f5f807-b209-476d-be9d-f3c46e87a260,sale,departamento_estandar,VENTA 2 AMBIENTES NUÑEZ POZO FINANC ENTREGA 2028.,"VENTA 2 ambientes al contrafrente con balcón

Excelente departamento de 2 ambientes ubicado en el décimo piso, con disposición al contrafrente y una superficie total de 645 m²:

* 55,5 m² cubiertos.
* 9 m² de balcón.
* Living-comedor con cocina integrada.
* Dormitorio independiente con vestidor completo.
TOILET
* Baño completo.
* Amplio balcón al contrafrente.

Su ubicación en un piso alto ofrece mayor privacidad, luminosidad y vistas abiertas. La distribución aprovecha muy bien la superficie, diferenciando el área social del sector de descanso.

Se entrega con pisos de porcelanato, aberturas de aluminio con DVH, muebles de cocina bajo mesada y alacenas, mesada de cuarzo tipo Silestone, griferías monocomando y aire acondicionado frío/calor instalado.

Amenities:
* Piscina exterior
* Solárium 
* SUM
* Sector de parrilla.
* Gimnasio equipado.
* Patio parquizado.

ENTREGA 2028
CONSULTAR POR OTRAS UNIDADES DISPONIBLES",,-2.0,False,Electricidad | Gas | Desague Cloacal | Agua Corriente | Aire Acondicionado | Gimnasio | Losa Radiante | Pileta | Ascensor | Salón de usos múltiples - SUM | Áreas Verdes | Dormitorio | Jardín | Baño | Sala de reuniones | Placard | Parrilla | Disposición Contrafrente | Balcón | Orientación Noreste | Pileta | Cocina/Comedor | Toilet | Solarium,USD,270900.0,ARS,0.0,4200.0,4881.08,2,1,1,64.5,55.5,Besares 2300,Nuñez,"Nuñez, Capital Federal",-34.5449915,-58.4700548,active,420211390-25,https://www.remax.com.ar/listings/venta-2-ambientes-nunez-pozo-financ-entrega-2028-6
597976,5bb355fb-ec5a-4416-8c89-09eed4059e8b,sale,departamento_duplex,"VENTA Depto. 12 Amb. C/ PISCINA PRIVADA ""RETIRO""","Excelente oportunidad departamento desarrollado en 4 niveles con terraza y piscina propia. Una residencia de lujo ubicado sobre la Avenida Santa Fe.
Zona estratégica, espacios verdes y a metros de la Avenida 9 de Julio.


La Propiedad

PLANTA BAJA:
- Living 75 m2
- Comedor
- Toilette de recepción
- Cocina
- Tres dormitorios u oficinas
- Baño completo

PLANTA ALTA:
- Dos dormitorios en suite con baño con bañera 
- Tres dormitorios 
- Baño completo con bañera

TERRAZA
- Lavadero
- Quincho con Parrilla
- Piscina privada 

ESPECIFICACIONES
- Aires acondicionados split frío/calor en todos los dormitorios, cocina y living
- Ascensor principal con llegada al piso 7 y al piso 8 de la unidad 
-  Ascensor de servicio 

Sobre Av. Santa Fe al 900, en una de las zonas más buscadas, con excelente conectividad, rodeada de comercios, servicios y propuestas culturales. Una ubicación ideal para quienes quieren vivir la ciudad con estilo.

En un edificio de categoría de solo 8 pisos, esta propiedad combina lo mejor de una casa con la seguridad y practicidad de un departamento. Espacios amplios, funcionales y con gran privacidad en cada nivel.

Si las características de esta propiedad coinciden con tu búsqueda ¡Contáctanos!

Las superficies expresadas en la presente publicación son estimadas y orientativas. Las superficies exactas del inmueble serán las que resulten de la escritura traslativa de dominio y documentación correspondiente, prevaleciendo estas sobre cualquier otra información publicada.

",,70.0,False,Electricidad | Agua | Gas | Desague Cloacal | Agua Corriente | Aire Acondicionado | Dormitorio | Comedor | Vestidor | Baño | Cocina | Living | Patio | Terraza | Estudio | Lavadero | Playroom | Quincho | Sala de reuniones | Placard | Parrilla | Desayunador | Balcón | Orientación Noroeste | Pileta | Cocina/Comedor | Toilet | Biblioteca | Habitación de Servicio | Baulera | Permite Mascotas | Living/Comedor | Agua Dulce | Agua Potable,USD,990000.0,ARS,1000000.0,1672.3,2053.94,12,8,4,592.0,482.0,Avenida Santa Fe 900,Retiro,"Retiro, Capital Federal",-34.5954287,-58.3803688,active,61206-384,https://www.remax.com.ar/listings/venta-depto-12-amb-c-piscina-privada-retiro-2
595542,abdff0f1-49e5-45ff-991d-83333e9b5092,sale,oficina,Retiro - VENTA - Oficina de 132 m2 - GRAN ZONA,"Les presentamos este piso de oficinas ubicado en una de las zonas más lindas de Bs As.

Carlos Pellegrini y Santa Fé.

Edificio de 10 pisos, con aire acondicionado y calefacción central y baulera.

Las plantas son de 132 m2 cubeirtos, hay dos plantas que tienen sector descubierto tambien.

Todas las plantas tienen sector de baño de hombres y mujeres, zona de cocina

El edificio es todo electrico.

SEGURIDAD 24 hs.

No lo dudes más, vení a conocerlo y mudate a la vida que queres!",,35.0,True,Aire Acondicionado | Seguridad | Ascensor,USD,132000.0,ARS,2600000.0,1000.0,1000.0,0,0,2,132.0,132.0,Carlos Pellegrini 1100,Retiro,"Retiro, Capital Federal",-34.5949175,-58.3811098,active,420491167-323,https://www.remax.com.ar/listings/retiro-venta-oficina-de-132-m2-gran-zona
649597,00856191-faee-4ccf-83dc-f289e0490789,sale,departamento_estandar,Venta Dept 4 amb -Centro - con Renta hasta Octubre,"DEPARTAMENTO DE 4 AMBIENTES EN VENTA EN SAN NICOLÁS, CAPITAL FEDERAL APTO PROFESIONAL, IDEAL CONSULTORIO ODONTOLOGICO/ESTUDIO CONTABLE/ESTUDIO JURIDICO

Descubre un oasis de tranquilidad en pleno corazón de la ciudad. Este acogedor departamento de 4 ambientes en San Nicolás, Capital Federal, te invita a sumergirte en un estilo de vida urbano y sofisticado.

 Con su distribución inteligente, el departamento cuenta con 3 habitaciones y 1 baño completo, brindando el espacio y la privacidad que necesitas.

El cálido living, se convierte en el epicentro de este refugio urbano, donde podrás relajarte y disfrutar de momentos de tranquilidad. 

Construido en 1953, este departamento ha sido cuidadosamente refaccionado, combinando la elegancia del pasado con las comodidades del presente. Su clasificación como ""apto profesional"" lo convierte en una opción ideal para aquellos que buscan un espacio versátil, ya sea para vivir, trabjar o invertir.

",,73.0,False,Dormitorio | Baño | Living,USD,70000.0,ARS,120000.0,1098.73,1098.73,4,3,1,63.71,63.71,Reconquista 500,San Nicolás,"San Nicolás, Capital Federal",-34.6016422,-58.3726855,active,420261087-336,https://www.remax.com.ar/listings/venta-dept-4-amb-centro-con-renta-hasta-octubre
346216,2c4858e4-4175-4c28-ad8c-afed6750628e,sale,departamento_semipiso,Venta 5 AMB + Dependencia MUY LUMINOSO Tribunales,"Excelente semipiso de 4 dormitorios + dependencia o 5to domitorio. Detalles de Categoría. TODO EXTERIOR sobre Lavalle y sobre Rodriguez Peña, y MUY LUMINOSO. Edificio Francés de categoría.

Detalles:
Pisos de roble de Eslavonia con marqueterie, techos con molduras perimetrales, postigones en ventanales, doble circulación. Entrada de servicio. Puertas de vidrio repartido. Herrajes originales.

INSTALACIÓN DE GAS RENOVADA EN TODO EL EDIFICIO.

Ambientes con las siguientes medidas:
Hall de recepción de 3.5 x 2 mts. Dormitorio 1 de 5 x 4.2 mts; Dormitorio 2 de 4.75 x 4 mts; Dormitorio 3 de 4.8 x 3.05 mts; Dormitorio 4 de 3.8 x 2.24 mts; dependencia de servicio o 5to dormitorio de 3.15 x 3.30 metros + entrepiso de 3.15 x 2.20 mts. Living-comedor 4.7 x 3.5 mts .  Cocina independiente de 2.8 x 2.3 mts. Gran baño completo con ventana. Toilette. Cocina a gas.

En la actualidad el departamento es ultilizado como Estudio Profesional de Abogados.

A 2 cuadras de Av. Corrientes y Av. Callao con incontables ofertas gastonómicas, culturales, comerciales y bancarias.

A 3 cuadras de Tribunales.
A 2 cuadras del Subte (Metro) Estación ""CALLAO"" (Línea B) 
A 3  cuadras del Subte (Metro) Estación ""URUGUAY"" (Línea B) 
A 3  cuadras del Subte (Metro) Estación ""CALLAO"" (Línea D) )

Líneas de colectivos: 6, 12, 23, 24, 26, 29, 37, 50, 60, 75, 99, 102, 106, 109, 115, 124, 132, 140, 146, 150, 180.

POR ESCRITURA SON: 149,40 m2 propios.

",,72.0,False,Electricidad | Gas | Agua Corriente | Aire Acondicionado | Ascensor | Dormitorio | Baño | Cocina | Living | Altillo | Orientación Este | Disposición Frente | Balcón | Toilet | Habitación de Servicio | Agua Potable,USD,200000.0,ARS,365300.0,1290.32,1307.19,5,4,1,155.0,153.0,Lavalle 1700,San Nicolás,"San Nicolás, Capital Federal",-34.6032043,-58.3910632,active,420101131-486,https://www.remax.com.ar/listings/venta-5-amb-dependencia-muy-luminoso-tribunales
540671,eef1181c-6c8f-409f-bb5e-9eccdbaab568,sale,terrenos_y_lotes,TERRENO EXCELENTE 9 PISO/ 1930M2 construibles,"Excelente terreno.
Estudio de prefactibilidad apto con 1930m2 de construccion con 9 pisos ponderados.
De acuerdo a los m2 por plantas, de 182m2 del 1 piso al 7 piso, Piso 8 con 165m2, Piso 9  con 114m2.
Plusvalia de u$207.000 (estimado).

Distrito U.S.A.A. (unidad de sustentabilidad de altura)
Uso de suelo 2 (Área de Media Mixtura de Usos A )

Una parte se pude tomar m2 contruidos fuera de obra.
",,,False,,USD,1450000.0,ARS,0.0,5555.56,,0,0,0,261.0,0.0,Conesa 2800,Belgrano,"Belgrano, Capital Federal",-34.558889278895,-58.467947384343,active,420281155-1262,https://www.remax.com.ar/listings/terreno-excelente-9-piso-1930m2-construibles
572352,113ac00d-fc11-40de-aaf5-00d5517cb539,sale,cochera,"VENTA, COCHERA FIJA, MICROCENTRO","COCHERA FIJA EN VENTA,  ubicada sobre la calle Viamonte , entre Florida y Maipú, en el MICROCENTRO porteño, barrio de San Nicolás.
A solo una cuadra de Avenida Córdoba y Avenida 9 de Julio, con acceso rápido a las autopistas Norte, Sur y Oeste.
El ingreso al edificio es mediante RAMPA FIJA, con circulación interna fluida y áreas amplias de maniobra. El sector de LA COCHERA SE ENCUENTRA EN UN 2 SUBSUELO , accesos controlados, TRANSITO INTERNO ORGANIZADO Y SALIDA AGIL A LA VIA PUBLICA
LA COCHERA  ofrece un espacio apto para vehículo mediano, con trayecto interno despejado y salida directa hacia Viamonte. BAJAS EXPENSAS
Ubicada en una zona de alta demanda de estacionamiento, rodeada de oficinas, bancos, comercios, organismos públicos, centros corporativos y puntos de referencia como Galerías Pacífico, calle Florida y los principales corredores administrativos del Microcentro.

La cochera cuenta con ESCRITURA EN REGLA, expensas al día y  lista para transferir. SE ACEPTA PERMUTA EN PARTE DE PAGO.
Las medidas son estimativas y pueden sufrir modificaciones. Los datos definitivos surgirán del título de la propiedad, planos y/o comprobantes respaldatorios.
En cumplimiento de las normas legales aplicables, los agentes NO ejercen el corretaje inmobiliario. Todas las operaciones inmobiliarias son objeto de intermediación y conclusión por parte del corredor matriculado - Míriam Ganc CPI 4036
",,47.0,False,"Electricidad | Agua | Acceso de cochera, Rampa fija",USD,10000.0,ARS,65000.0,909.09,909.09,0,0,0,11.0,11.0,Viamonte 600,San Nicolás,"San Nicolás, Capital Federal",-34.5998093,-58.3764634,active,422131017-6,https://www.remax.com.ar/listings/venta-cochera-fija-microcentro
630132,9e6917d8-35e7-4476-aa0c-851163898a87,sale,departamento_estandar,MONO reciclado c/ balcon y cocina independiente,"RECICLADO A NUEVO | BALCÓN | RENTA

Monoambiente totalmente reciclado, listo para disfrutar o invertir. totalmente amueblado!!!!!

Cocina independiente, moderna y funcional, baño nuevo y un diferencial que no abunda en los monoambientes: balcón al contrafrente.

 USD 85.000

Actualmente alquilado, con renta desde el primer día.

Una excelente oportunidad tanto para vivir como para invertir.",,36.0,False,Cocina | Balcón,USD,82000.0,ARS,75000.0,2733.33,3037.04,1,1,1,30.0,27.0,Moldes 2300,Belgrano,"Belgrano, Capital Federal",-34.561018405121,-58.461492061615,active,61255-91,https://www.remax.com.ar/listings/mono-reciclado-c-balcon-y-cocina-independiente
619581,b845c485-895a-4b17-a6e5-eab121048978,sale,departamento_estandar,VENTA 3 AMBIENTES PLANTA BAJA C/PATIO. COLEGIALES,"DEPARTAMENTO 3 AMBIENTES EN VENTA PLANTA BAJA AL FRENTE EN COLEGIALES
APTO CRÉDITO

Un departamento pensado para disfrutar la vida cotidiana con comodidad. 
Propiedad en planta baja al frente distribuye sus 62 m² de forma funcional y luminosa, ofreciendo tres ambientes que responden a las necesidades de una familia que busca practicidad y comodidad.

Amplia cocina abierta que se integra naturalmente con el living comedor, creando un ambiente principal generoso y versátil, con ventana a la calle. La cocina cuenta con salida directa al patio, ese refugio privado que caracteriza a esta propiedad y que se convierte en un plus invaluable para disfrutar del aire libre sin abandonar el hogar.

Dos habitaciones, una de ellas con vista hacia el patio, brindando una perspectiva más íntima, mientras que la otra se orienta hacia el frente, manteniendo la conexión con la vida del barrio. El baño completo con bañera complementa la distribución, pensada para maximizar la funcionalidad en cada rincón.

La climatización está resuelta con aire acondicionado frio, en el ambiente principal y estufas de tiro balanceado en todos los espacios, garantizando confort durante todo el año. Los placares integrados en las habitaciones optimizan el almacenamiento.

El edificio de solo dos pisos, conservado en excelente estado, cuenta con ascensor que facilita el acceso al sum, gran espacio común para todos los vecinos; hermoso ambiente cerrado con baño propio y amplia terraza con parrilla.

La ubicación sobre Conde, en el corazón de Colegiales, posiciona esta propiedad en un punto estratégico del barrio. A pocas cuadras de Avenida Elcano, rodeado de comercios, espacios verdes, instituciones educativas, centros médicos y con excelente acceso a medios de transporte. El barrio ofrece esa combinación perfecta entre tranquilidad residencial y proximidad a servicios.

Este departamento es una oportunidad para acceder a una vivienda de calidad, bien ubicada y lista para habitar, en una zona que sigue siendo uno de los referentes residenciales de la ciudad.

Sujeto a reubicación. ",,28.0,True,Aire Acondicionado | Ascensor | Dormitorio | Baño | Cocina | Patio | Sala de reuniones | Placard | Disposición Frente | Cocina/Comedor | Permite Mascotas | Living/Comedor,USD,138000.0,ARS,210000.0,2201.31,2643.17,3,2,1,62.69,52.21,Conde 1200,Colegiales,"Colegiales, Capital Federal",-34.5745587,-58.4562055,active,420951194-83,https://www.remax.com.ar/listings/venta-3-ambientes-planta-baja-c-patio-colegiales
655070,ae937289-18fe-4881-a141-be06563a9cd0,sale,terrenos_y_lotes,Venta Lote USAB 2 Caballito 986 mts vendibles,"
Venta Lote a dos cuadras Plaza Irlanda 986m2 Vendibles USAB2


Se trata de un lote ubicado en Apolinario Figueroa al 1700  a una cuadra de Avenida Donato Alvarez y dos de Av Gaona, en una zona de continuo desarrollo.

Características:

Frente: 8,87 m2
Profundidad: 39,30 m2


Zonificación: USAB2
Altura máxima: 14,60 m
MIXTURA DE USOS A2 
PLUSVALIA NO BENEFICIA 

Se permiten PB+4 pisos. 

El lote no tiene plusvalía determinada, por lo cual DGIUR determinara la misma.


No dudes en consultarnos.

",,,False,,USD,300000.0,ARS,0.0,874.89,,0,0,0,342.9,0.0,Coronel Apolinario Figueroa 1700,Villa General Mitre,"Villa General Mitre, Capital Federal",-34.6129445,-58.4606925,active,420511150-169,https://www.remax.com.ar/listings/venta-lote-usab-2-caballito-986-mts-vendibles-1
652217,acc71a4a-0737-431f-a285-01a1431ab882,sale,oficina,VENTA OFICINA COMERCIAL 161 METROS COGHLAN SIN EXP,"OFICINA EN VENTA EN ESQUINA SUPERÍ Y AVENIDA BALBÍN, COGHLAN SIN EXPENSAS

CARACTERÍSTICAS :

- 161 metros 
- Edificio de uso exclusivo comercial
-Sin expensas
-Excelente luminosidad
- Ventanas hacia Superi y Balbin
-Planta versátil y adaptable 
-Cocina 
-3 baños
-Primer piso por escalera 
- Excelente ubicación y conectividad
- Divisiones en durlock

Amplia y luminosa oficina de 161 metros cuadrados ubicada en esquina estratégica sobre Superí y Avenida Balbín, en edificio de uso exclusivo comercial y profesional. La propiedad se destaca por su excelente luminosidad natural gracias a su disposición en frente con ventanas hacia ambas arterias principales, lo que garantiza iluminación y ventilación óptimas durante toda la jornada.

Distribuida en 4 ambientes versátiles y adaptables, la planta permite múltiples configuraciones según las necesidades específicas de cada actividad. Cuenta con 3 baños , cocina comedor diario y divisiones en durlock que facilitan la reconfiguración del espacio. Ubicada en primer piso por escalera.

La propiedad cuenta  con servicios de electricidad y gas disponibles. Sin expensas, lo que representa un beneficio económico significativo para el usuario.

Ideal para estudios , productoras audiovisuales, showroom, coworking o cualquier actividad comercial que requiera un espacio amplio y bien iluminado. 

La ubicación estratégica en Coghlan proporciona excelente conectividad con acceso a múltiples líneas de transporte público: colectivos 19, 41, 67, 76 e 169, facilitando la llegada de clientes y personal.

",,36.0,False,Electricidad | Gas | Baño | Disposición Frente | Cocina/Comedor | Toilet,USD,220000.0,ARS,0.0,1366.46,1366.46,4,3,3,161.0,161.0,Superí 3000,Coghlan,"Coghlan, Capital Federal",-34.5593371,-58.473824,active,420491190-87,https://www.remax.com.ar/listings/venta-oficina-comercial-161-metros-coghlan-sin-exp
629628,7817be07-e72e-4b83-a840-6618910204ee,sale,departamento_estandar,VENTA DEPARTAMENTO 3 AMBIENTES PQUE CENTENARIO,"A METROS  DE PARQUE CENTENARIO, EXCELENTE LUGAR DE RECREACION PARA CAMINAR O CORRER, VISITAR EL LAGO, EL MUSEO DE CIENCIAS NATURALES, PATIO DE JUEGOS Y FERIA DE LIBROS Y ARTESANIAS. 
DEPARTAMENTO IMPECABLE DE TRES AMBIENTES.
ESTA EN EL SEGUNDO PISO CONTRAFRENTE, EN UN EDIFICIO MUY BIEN CONSERVADO,  NUEVE PISOS Y SOLO DOS DEPARTAMENTOS POR PISO. TIENE ENCARGADO PERMANENTE. 
SOBRE UNA CALLE HERMOSA CON DARSENAS Y PLANTAS.
SE INGRESA A UN LIVING COMEDOR CON BALCON FRANCES AL POZO AIRE/LUZ, AIRE ACONDICIONADO.
COCINA INDEPENDIENTE CON LUGAR PARA LAVARROPAS, VENTANA. COCINA Y CALEFON A GAS IMPECABLES.
DOS DORMITORIOS CON VENTANAS, PLACARES CON BAULERAS. UNO CON AIRE ACONDICIONADO.
HALL DE DISTRIBUCION.
BAÑO COMPLETO.

INNUMERABLES MEDIOS DE TRANSPORTE, A MEDIA CUADRA DE AV. CORRIENTES Y METROS DE ANGEL GALLARDO. SUBTE Y COLECTIVOS.

TENES QUE VISITARLO!!!!

PROPIEDAD NO ACCESIBLE PARA PERSONAS CON DISCAPACIDAD FISICA LEY 5115.


",,56.0,True,Aire Acondicionado | Disposición Contrafrente,USD,129000.0,ARS,140000.0,2388.89,2480.77,3,2,1,54.0,52.0,Aníbal Troilo 900,Almagro,"Almagro, Capital Federal",-34.6035506,-58.4320006,active,421371007-91,https://www.remax.com.ar/listings/venta-departamento-3-ambientes-pque-centenario
652666,68762dab-0db1-48c9-a76d-76e5c5ffc490,sale,cochera,Venta cochera fija y cubierta Liniers,"¿Cansado de dar vueltas a la manzana para estacionar en Liniers? Acá está la solución.

Cochera en venta en el primer piso de un estacionamiento sobre Av. Rivadavia, en una de las zonas del barrio donde encontrar lugar es un verdadero desafío.

Es amplia y sin columnas, así que se maniobra con total comodidad, sin volantazos ni riesgo de rayones. El acceso es por una rampa cómoda y ancha, nada de esas rampas estrechas que complican cada entrada y salida.

El estacionamiento cuenta con vigilancia las 24 horas, para que su vehículo quede resguardado de día y de noche.

Ideal para uso propio o como inversión para renta: sobre Rivadavia y en pleno Liniers, la ubicación le da a esta cochera un atractivo concreto para quienes buscan dónde guardar el auto.

 Liniers, sobre Av. Rivadavia
 Primer piso con acceso por rampa
 Sin columnas, de fácil maniobra
 Vigilancia 24 hs

Oportunidad. Consulte por financiación.",,41.0,False,,USD,12000.0,ARS,67000.0,960.0,960.0,0,0,0,12.5,12.5,Avenida Rivadavia 10900,Liniers,"Liniers, Capital Federal",-34.6389526,-58.5181474,active,420511121-376,https://www.remax.com.ar/listings/venta-cochera-fija-y-cubierta-liniers
611452,4c72330d-b47f-4ab9-b6c8-974c38fafe1c,sale,local,Local en venta en Palermo,"¡Gran Oportunidad de Inversión en Palermo! Local comercial estratégico con bajos costos fijos.

Ubicado sobre Jerónimo Salguero, a metros de Av. Córdoba, en una zona de altísimo tránsito peatonal y vehicular en constante crecimiento. Perfecto para garantizar visibilidad continua y un excelente flujo de clientes.

Características principales:

Superficie: 35,23 m² cubiertos + patio propio de 4,21 m² (gran ventilación).

Comodidades: Baño privado y persiana eléctrica instalada.

Bajos costos fijos: Expensas de solo $85.000 (Junio 2026), lo que optimiza al máximo tu rentabilidad.

Apto múltiples rubros: Ideal para estudio profesional, oficinas administrativas, peluquería, kiosco o comercio de cercanía.

¡Listo para emprender o generar renta inmediata! Coordiná tu visita hoy mismo.






",,46.0,False,Electricidad | Agua | Gas | Desague Cloacal | Agua Corriente | Baño | Disposición Lateral,USD,105000.0,ARS,85000.0,2662.27,2980.41,0,0,1,39.44,35.23,Jerónimo Salguero 1100,Palermo,"Palermo, Capital Federal",-34.5975766,-58.4190702,active,420691035-271,https://www.remax.com.ar/listings/local-en-venta-en-palermo
597764,7ad0836f-9d85-4f74-981a-d8678b18c95c,sale,departamento_semipiso,VENTA 3 amb + dependencia c/ balcon,"VENTA Semipiso de 3 ambientes con dependencia de servicio en excelente ubicación

Te presentamos este amplio y luminoso semipiso emplazado en un 4to piso al frente, una excelente opción para quienes buscan comodidad, amplitud y una ubicación estratégica.

Características principales:

• Amplio living-comedor, ideal para disfrutar en familia o recibir invitados.
• Dos dormitorios de generosas dimensiones con excelente espacio de guardado.
• Dependencia de servicio, perfecta como escritorio, tercer dormitorio o espacio de trabajo.
• Cocina independiente con gran capacidad de almacenamiento.
• Lavadero independiente.
• Un baño completo y un toilette.
• Orientación Este, que brinda una hermosa luz natural durante la mañana y gran luminosidad en todos los ambientes.
• Excelente distribución y ventilación.


Ubicación privilegiada:

Ubicado en una zona residencial con excelentes accesos, a metros de importantes avenidas como Juan B. Justo y San Martín, con múltiples líneas de colectivo y rápida conexión hacia distintos puntos de la Ciudad LINEAS: 24, 34, 44, 47, 57, 105, 109, 110, 135, 146, 166.


En los alrededores encontrarás:
-Colegios públicos y privados, entre ellos el complejo educativo Santa María de los Buenos Aires, ubicado prácticamente enfrente del edificio.
-Centros de salud y hospitales de referencia, como el Hospital Paternal (ex Liga Israelita) y el CeSAC N.º 22
-Supermercados, comercios de cercanía, bancos, farmacias y una variada oferta gastronómica
-Espacios verdes y recreativos para disfrutar al aire libre.
-Excelente conectividad con transporte público y rápido acceso a distintos barrios de la Ciudad.

Una propiedad que combina amplitud, funcionalidad y una ubicación ideal tanto para vivir como para invertir.

¡Coordina tu visita y conoce esta propiedad lista para mudarte!


ACLARACIONES:
Las medidas aquí descriptas son aproximadas, las reales surgen de la Escritura.",,60.0,False,,USD,130000.0,ARS,370000.0,1401.92,1481.82,3,2,1,92.73,87.73,Fragata Presidente Sarmiento 1800,La Paternal,"La Paternal, Capital Federal",-34.6050179,-58.4599209,reserved,42101028-104,https://www.remax.com.ar/listings/venta-3-amb-dependencia-c-balcon
548122,04228c7f-6e89-45e3-8943-323ecbb373aa,sale,departamento_monoambiente,VENTA a estrenar mono 55m Belgrano/amenities,"MONOAMBIENTE A ESTRENAR EN VENTA 55M2 EN BELGRANO CAPITAL FEDERAL

Departamento de 55 m² ubicado en una zona privilegiada de Belgrano, con diseño contemporáneo y distribución inteligente del espacio. La unidad ofrece 50 m² cubiertos y 5 m² semicubiertos, optimizados para brindar máximo confort y funcionalidad.

La propiedad presenta un gran ventanal que permite el ingreso de luz natural, generando un ambiente luminoso y amplio. Cuenta con pisos de madera clara que aportan calidez y elegancia, y un balcón al contrafrente con vista despejada que expande visualmente el espacio interior.

Distribución interior con cocina totalmente integrada, equipada con alacenas y bajomesadas que maximizan el almacenamiento. Baño completo y vestidor amplio que permiten una organización eficiente de los espacios personales.

El edificio ofrece un completo set de amenities que incluyen piscina, solarium, gimnasio, parrillas, salón de usos múltiples y área de lavandería.
Consultar perecio con cochera.


Ubicación estratégica en Belgrano, barrio reconocido por su dinamismo, gastronomía de tendencia, espacios verdes y conexión urbana. Propiedad a estrenar, construida en 2026, con terminaciones de alta calidad.

Características principales:
- Superficie total: 55 m²
- Superficie cubierta: 50 m²
- Superficie semicubierta: 5 m²
- 1 ambiente
- 1 baño completo
- Balcón al contrafrente
- Estado: A estrenar
- Año de construcción: 2026",,0.0,True,,USD,170000.0,ARS,250000.0,3076.92,3400.0,1,0,1,55.25,50.0,Arcos 1100,Palermo,"Palermo, Capital Federal",-34.5679604,-58.4456729,active,420011139-196,https://www.remax.com.ar/listings/venta-a-estrenar-mono-55m-belgrano-amenities
620243,2feb2aa9-d4b4-4cf3-b518-160b2864601f,sale,casa,CASA EN VENTA FLORES FRENTE A LA PLAZA,"Casa con gran potencial frente a la plaza 

¡Una oportunidad para transformar en el hogar que soñás!

Ubicada en una de las zonas más requeridas de Flores, frente a una plaza que aporta un entorno verde y tranquilo, esta propiedad representa una excelente oportunidad para quienes buscan una casa con personalidad y mucho potencial.

Cuenta con hall de entrada, un cómodo living, amplio comedor, cocina independiente, dos dormitorios y un baño. 
Además, dispone de un hermoso fondo de gran tamaño, ideal para disfrutar al aire libre, desarrollar un jardín, una galería o el espacio que siempre imaginaste.
La casa se encuentra habitable, conservando una estructura sólida, buenos pisos y paredes en buen estado. Si bien, por su antigüedad, requiere tareas de actualización y algunos trabajos de pintura y puesta en valor, ofrece una base excelente para renovarla a gusto y revalorizarla.

Una propiedad con muchísimo potencial, en una ubicación privilegiada y a un valor muy atractivo. Ideal tanto para quienes buscan su próximo hogar como para quienes desean realizar una inversión con proyección.


Las medidas, superficies y proporciones consignadas son aproximadas y han sido suministradas a título orientativo. Las medidas definitivas surgirán del título de propiedad, plano y/o estado parcelario correspondiente, pudiendo existir diferencias con las aquí publicadas


En cumplimiento de las leyes vigentes que regulan el corretaje inmobiliario, Ley Nacional 25.028, Ley 22.802 de Lealtad Comercial, Ley 24.240 de Defensa al Consumidor, las normas del Código Civil y Comercial de la Nación y Constitucionales, los agentes/gestores NO ejercen el corretaje inmobiliario. Todas las operaciones inmobiliarias son objeto de intermediación y conclusión por parte del corredor público inmobiliario colegiado a cargo de la publicación, cuyos datos se exhiben en la presente. La presente publicación describe las características esenciales del inmueble, debiéndose consultar al corredor público inmobiliario responsable de la operación por la eventual actualización de las medidas, descripciones arquitectónicas y funcionales, valores de expensas, servicios, impuestos, precios y demás información, cuyos valores son aproximados. Fernando Ariel Garcia CMCPDJLM Mat. 1137 – CUCICBA Mat. 9898",,40.0,True,Dormitorio | Comedor | Jardín | Cocina | Living | Patio | Disposición Frente | Galpón | Permite Mascotas | Living/Comedor | Agua Dulce | Agua Potable,USD,89000.0,ARS,,534.73,1112.5,3,2,1,166.44,80.0,Teniente General Nicolás Levalle 1700,Flores,"Flores, Capital Federal",-34.6496821,-58.4635059,reserved,422341017-10,https://www.remax.com.ar/listings/casa-en-venta-flores-frente-a-la-plaza
634463,592cde9a-478b-4f4d-89ae-83ce07e550b1,sale,departamento_monoambiente,VENTA Departamento monoambiente Recoleta con renta,"VENTA Departamento monoambiente Recoleta con renta

Refaccionado a nuevo.

Se vende con renta bajo contrato tradicional vigente hasta el 31/01/2028. El alquiler actualmente es de $758.000 mensuales, con ajustes trimestrales según IPC, siendo el próximo ajuste en noviembre. El locatario abona expensas y todos los servicios aparte.

Ideal inversión: activo inmobiliario en funcionamiento con renta desde el primer día.

UBICACIÓN

- J. M. Gutiérrez entre Laprida y Av. Pueyrredón, calle tranquila de 300 mts con lindos comercios y cafés de especialidad,
- A 1 cuadra del subte línea H, en Av. Las Heras y Av. Pueyrredón,
- A 1 cuadra de La Isla, zona exclusiva de Recoleta.

CARACTERÍSTICAS DE LA UNIDAD

- 24 mts refaccionados al 100%:
- reemplazo de cañerías e instalación eléctrica nueva (tablero, tomas y cableado),
- baño: cambio de sanitarios, revestimientos y grifería,
- cocina: nuevo artefacto de gas, mobiliario a medida y revestimientos,
- ambiente: molduras decorativas en paredes, cambio integral de pisos, instalación de nuevas luminarias y reemplazo de tomas, incluyendo puertos USB.

EDIFICIO

- 9 pisos, 4 unidades por piso,
- 1 ascensor,
- Encargada sin vivienda (limpieza de lunes a sábado).

.",,51.0,False,Aire Acondicionado | Ascensor | Baño | Cocina | Placard | Desayunador | Orientación Norte | Disposición Interno | Permite Mascotas | Living/Comedor | Apto Turístico,USD,75000.0,ARS,138900.0,3131.52,3131.52,1,0,1,23.95,23.95,Juan María Gutiérrez 2500,Recoleta,"Recoleta, Capital Federal",-34.5874907,-58.3988075,active,422291017-22,https://www.remax.com.ar/listings/venta-departamento-monoambiente-recoleta-con-renta
596021,95951976-5acc-41de-9c1c-4cf317ea1c85,sale,departamento_estandar,Departamento 3 amb tipo ph venta Monserrat,"NUEVO VALOR!!!

DEPARTAMENTO 3 AMBIENTES EN VENTA - MONSERRAT - CABA

Un refugio con historia que respira el alma de Buenos Aires. Este departamento tipo PH en Monserrat te invita a experimentar un estilo de vida único, donde el patrimonio arquitectónico se fusiona con el confort contemporáneo.

PUBLICACIÓN CON FOTOS, VIDEO, PLANO Y TOUR VIRTUAL!!!
APTO CRÉDITO!!!

UBICACIÓN ESTRATÉGICA

• Corazón de Monserrat, a pasos de avenidas emblemáticas
• 200 metros de Av. Independencia y Belgrano
• 300 metros de Av. 9 de Julio y Entre Ríos
• Conexión perfecta: subte líneas C y E, múltiples líneas de colectivos
• Cerca de UADE y Facultad de Ciencias Sociales (UBA)

CARACTERÍSTICAS PRINCIPALES

• Superficie total: 57 m² 
• Edificio histórico catalogado
• Primer piso con acceso por escalera
• Distribución funcional con pasillo que garantiza luminosidad en todos los ambientes

DISTRIBUCIÓN DE AMBIENTES

• Estar-comedor: 4.50 x 3.20 m
• Dormitorio principal: 3.50 x 3.20 m con vestidor en entrepiso
• Segundo dormitorio: 3.55 x 3.20 m
• Cocina: 1.45 x 1.45 m con bajo mesada
• Baño: 1.80 x 1.40 m con ducha
• Lavadero en planta alta: 2.80 x 2.00 x 1.40 m

DETALLES TÉCNICOS

• Instalación eléctrica completamente renovada
• Edificio 100% eléctrico
• Agua caliente individual
• Orientación Este
• Disposición lateral
• Permite mascotas
• Estado general: muy bueno

GASTOS FIJOS

• Expensas aprox (jun 2026): $127.000

Ideal para inversores o primera vivienda que valoran el patrimonio histórico y la ubicación privilegiada. Una oportunidad única de vivir en un espacio que combina el encanto tradicional con las comodidades modernas.

Comunicate al celular directo para coordinar tu visita. Vení a conocer esta propiedad. Si necesitás vender para comprar, también podemos asesorarte.
",,70.0,True,Electricidad | Agua Corriente | Dormitorio | Vestidor | Baño | Cocina | Lavadero | Orientación Este | Disposición Lateral | Permite Mascotas | Living/Comedor,USD,73000.0,ARS,127000.0,1280.7,1327.27,3,2,1,57.0,55.0,México 1400,Monserrat,"Monserrat, Capital Federal",-34.6156045,-58.3863439,reserved,421071010-229,https://www.remax.com.ar/listings/departamento-3-amb-tipo-ph-venta-monserrat
627176,c619aa97-e05a-4199-89ae-45918a61fbe1,sale,departamento_estandar,Venta departamento de 4 ambientes en Mataderos.,"Ubicado a metros de la Avenida Directorio y a solo una cuadra de Larrazábal, este departamento destaca por su excelente conectividad, su gran luminosidad en todos los ambientes y su cómoda distribución, ideal para la vida familiar.

* Distribución y comodidades

- Ingreso: Amplio hall de entrada que da la bienvenida a la propiedad.

- Living / Comedor: Espacioso y confortable, equipado con una gran ventana al exterior que asegura ventilación natural y luz durante todo el día.

- Cocina / Comedor diario: De generosas dimensiones, cuenta con lavadero incorporado y ventana al exterior.

- Sector íntimo: Pasillo de distribución que conecta de manera privada las habitaciones.

- Dormitorios: Tres dormitorios amplios, todos con ventanas al exterior, pisos flotantes y placares empotrados con buen espacio de guardado.

- Baño: Baño completo con bañera en excelente estado.

* Destacados de la propiedad

- Gran luminosidad: Todos los ambientes principales tienen ventanas al exterior, lo que garantiza luz natural permanente.

- Conectividad urbana: Acceso a numerosas líneas de colectivo a media cuadra de distancia.

- Gastos mensuales: Expensas de $184.000 (valor correspondiente a agosto de 2026).

",,51.0,False,Electricidad | Agua | Gas | Ascensor | Dormitorio | Comedor | Baño | Cocina | Living | Lavadero | Placard | Cocina/Comedor | Living/Comedor,USD,89900.0,ARS,184000.0,1069.6,1069.6,4,3,1,84.05,84.05,Larraya 1700,Naón,"Naón, Mataderos, Capital Federal",-34.654738122853,-58.496975727612,active,291062-342,https://www.remax.com.ar/listings/venta-departamento-de-4-ambientes-en-mataderos
603549,3fbb19a6-ac07-49ed-bda3-5d6f500c7331,sale,departamento_monoambiente,MONOAMBIENTE A ESTRENAR EN AGOSTO 2026 EN CABA,"MONOAMBIENTE A ESTRENAR EN VILLA URQUIZA, CAPITAL FEDERAL

Departamento monoambiente de 36 m² ubicado en Villa Urquiza, sobre la calle Zado, en proximidad a la Avenida General Paz. Se trata de una propiedad en construcción con entrega prevista para agosto de 2026, emplazada en el segundo piso de un edificio de cuatro niveles.

La unidad cuenta con 32 m² cubiertos y 4 m² semicubiertos distribuidos en un ambiente único con baño completo. El espacio incluye placard integrado y balcón con parrilla, ideal para aprovechar el exterior. La construcción responde a estándares de calidad premium, con pisos de porcelanato y ventanas de doble vidrio hermético que garantizan aislación térmica y acústica.

El edificio dispone de ascensor para acceso a todas las plantas, facilitando la circulación. La zona ofrece excelente conectividad con transporte público cercano y espacios verdes en el entorno. La propiedad cuenta con servicios de electricidad, gas y desagüe cloacal, además de espacio destinado para guardabicicletas.

Se trata de una opción moderna y funcional para quienes buscan una primera vivienda o inversión en una zona consolidada de la ciudad.",,1.0,False,Electricidad | Gas | Desague Cloacal | Agua Corriente | Ascensor | Placard | Parrilla,USD,83000.0,ARS,0.0,2305.56,2593.75,1,0,1,36.0,32.0,Zado 3500,Villa Urquiza,"Villa Urquiza, Capital Federal",-34.569411647731,-58.505072593689,active,420501227-123,https://www.remax.com.ar/listings/monoambiente-a-estrenar-en-agosto-2026-en-caba-1
653112,f8889f24-49c3-4901-ad0a-9d5932fd1a58,sale,local,VENTA LOCAL COMERCIAL NUÑEZ DESDE POZO,"LOCAL COMERCIAL VENTA NUÑEZ BALCON POZO
VENTA DESDE EL POZO – ADHESIÓN A FIDEICOMISO

Financiación disponible: ingreso con 40% + cuotas en pesos

LOCAL COMERCIAL – Núñez – 51,09 m² Totales

Moderno y luminoso LOCAL COMERCIAL ubicado PLANTA BAJA al frente.

Características de la Unidad
Superficie total: 51,09 m².
Amplios ventanales de aluminio de piso a techo.
Baño con revestimientos y griferías de primera calidad.
Instalación preparada para aire acondicionado frío/calor.

Características del Edificio
Dirección: Núñez 2349, entre Av. Cabildo y Vuelta de Obligado.
Unidades de 1, 2 y 3 ambientes (posibilidad de unificación).
Local comercial en planta baja mas 12 pisos.
Hall de acceso con patio de luz y vegetación.
Espacio guarda bicicletas.
Terraza con piscina, solárium y parrilla.
Cerradura magnética y cámaras de seguridad en acceso.
Ascensor de última generación.

Ideal Alquiler Temporario

Amenities, seguridad y ubicación estratégica que aseguran alta demanda y excelente rentabilidad.


Entrega estimada: octubre 2027


Financiación:
Ingreso con 40% y saldo en cuotas en pesos + CAC.
Consulte opciones disponibles.

Necesitás vender para comprar?

Podemos gestionar tu propiedad y realizar la operación simultánea.",,0.0,False,Electricidad | Agua | Desague Cloacal | Pileta | Laundry | Ascensor | Salón de usos múltiples - SUM | Baño | Disposición Frente | Solarium | Otro,USD,159000.0,ARS,0.0,3112.16,3112.16,0,0,1,51.09,51.09,Nuñez 2300,Nuñez,"Nuñez, Capital Federal",-34.5493068,-58.4665651,active,420141343-8,https://www.remax.com.ar/listings/venta-local-comercial-nunez-desde-pozo
606117,ec43e9be-744a-49bd-9779-5c8fd228c8c5,sale,departamento_estandar,"VENTA DEPARTAMENTO 3 AMBIENTES  SAN TEMO, LUMINOSO","TE PRESENTO ESTE DEPARTAMENTO DE 3 AMBIENTES MUY LUMINOSO Y AIREADO UBICADO EN EL CORAZON DE SAN TELMO!!!!!
APTO CREDITO!!!!!
ESTE DEPARTAMENTO ES IDEAL TANTO PARA INVERSION COMO PARA VIVIENDA.

CARACTERISTICAS DEL INMUEBLE:
-LIVING COMEDOR CON SALIDA A BALCON CERRADO
-DORMITORIO PRINCIPAL CON VENTANA AL EXTERIOR, PLACARD Y PISO DE PARQUET
-SEGUNDO DORMITORIO CON VENTANA AL EXTERIOR Y PISO DE PARQUET
- BAÑO COMPLETO
- COCINA SEPARADA
- LAVADERO 

LA DISPOSICION ES LATERAL.
EL AGUA CALIENTE ES POR CALEFON A GAS(NUEVO)
PISOS DE PARQUET PLASTIFICADOS

EL EDIFICIO POSEE 2 CUERPOS Y CADA UNO TIENE 3 ASCENSORES. 
HAY 2 ENCARGADOS (UNO DE ELLOS CON VIVIENDA) Y SEGURIDAD PERSONALIZADA NOCTURNA.

LA PROPIEDAD ESTA UBICADA EN EL HISTORICO BARRIO DE SAN  TELMO EN UNA DE LAS MANZANAS MAS COTIZADAS Y BUSCADAS POR EL TURISMO, TAN SOLO A UNA CUADRA DEL EMBLEMATICO MERCADO SAN TELMO, Y A METROS DE LA PLAZA DORREGO Y DEL CASCO HISTORICO.
RODEADA POR HERMOSOS BARES, RESTAURANTES, PARRILLAS Y CAFES.
NUMEROSAS LINEAS DE COLECTIVO TE CONECTAN CON EL RESTO DE LA CIUDAD: 2,8,22,24,28,29,86,126,195...

LLAMANOS Y COORDINAMOS UNA VISITA!!!!!

",,48.0,True,Gas | Seguridad | Dormitorio | Baño | Living | Lavadero | Placard | Cocina/Comedor | Permite Mascotas,USD,72000.0,ARS,123000.0,1492.54,1556.42,3,2,1,48.24,46.26,Carlos Calvo 600,San Telmo,"San Telmo, Capital Federal",-34.6199132,-58.3748522,negotiation,420671124-17,https://www.remax.com.ar/listings/venta-departamento-3-ambientes-san-temo-luminoso
629167,fdb91208-32bf-409b-87f8-4016e1a3e960,sale,ph,"Venta PH 2,5 Ambs A NUEVO Patio y Terraza propia","VENTA PH 2,5  AMBIENTES RENOVADO EN NÚÑEZ, CAPITAL FEDERAL

Ubicado sobre la calle Cuba en el barrio de Núñez, este PH de 123 m² de superficie total ofrece una experiencia de vida única, con renovaciones integrales que garantizan modernidad y funcionalidad.

El Ph NO es apto crédito 

La distribución optimizada se desarrolla en una única planta que maximiza el aprovechamiento de cada espacio.  Los ambientes resultan amplios y confortables, permitiendo una circulación fluida que integra perfectamente los 56 m² cubiertos con los 67 m² descubiertos disponibles.

Todos los ambientes se desarrollan en una sola planta y  alrededor de los diferentes patios.
 
La cocina integra materiales de alta calidad con diseño funcional, incluyendo elementos de guardado necesarios y amplio lavadero anexo. El dormitorio destaca por su capacidad de almacenamiento y comodidad, ideal para descanso y privacidad.

Un aspecto diferencial de esta propiedad es su luminosidad excepcional. La luz natural inunda cada uno de los espacios gracias a la estratégica distribución de aberturas, creando una atmósfera acogedora y cálida. El patio genera una entrada de luz que suma calidez a los ambientes interiores.

La terraza propia de 39 m² constituye un espacio privilegiado para disfrutar de momentos al aire libre, ampliando significativamente las posibilidades de uso y disfrute. El patio complementa esta oferta de espacios exteriores, proporcionando una conexión directa con el exterior que enriquece la experiencia de habitar la propiedad.

Todas las instalaciones se encuentran completamente renovadas, incluyendo electricidad, agua y gas que garantizan eficiencia y durabilidad. 
La construcción de alta calidad utiliza materiales nobles en cada detalle, reflejando un estándar superior en terminaciones y acabados que se evidencia en el estado excelente de la propiedad.

Ubicado en Núñez, uno de los barrios más cotizados de Capital Federal, esta propiedad se beneficia de una amplia oferta de comercios, restaurantes, parques y servicios. La zona se caracteriza por su tranquilidad, seguridad y accesibilidad, consolidándose como un sector muy demandado para residencia.

Sin expensas, esta propiedad representa una oportunidad única en un barrio de primera línea, combinando confort, estilo y una ubicación estratégica que difícilmente se repite en el mercado inmobiliario actual.

No te pierdas esta oportunidad, agenda ya tu visita !

",,86.0,False,Electricidad | Agua | Gas | Dormitorio | Comedor | Baño | Cocina | Living | Patio | Terraza | Living/Comedor,USD,215000.0,ARS,0.0,1750.81,3839.29,2,1,1,122.8,56.0,Cuba 4600,Nuñez,"Nuñez, Capital Federal",-34.540723689893,-58.471407853067,active,420511171-125,https://www.remax.com.ar/listings/venta-ph-2-5-ambs-a-nuevo-patio-y-terraza-propia
658004,5e6a0496-cb0a-4f31-8e7a-9c50d1d141e1,sale,departamento_estandar,DEPARTAMENTO 2 AMB. REFACC. A ESTRENAR C/PATIO PB,"DEPARTAMENTO 2 AMBIENTES CON PATIO TOTALMENTE A ESTRENAR!!! PALERMO NUEVO!!!

Presentamos este hermoso departamento de 2 ambientes totalmente a estrenar, recientemente refaccionado a nuevo y en estado impecable.

La renovación fue integral, incluyendo instalaciones de agua, electricidad y desagües realizadas a nuevo, logrando una propiedad moderna y lista para disfrutar desde el primer día.

La unidad posee patio propio, que aporta aire, luz natural y un agradable espacio exterior para disfrutar.

Ubicado en Ciudad de la Paz al 800, entre Palpa y Teodoro García, en una zona muy buscada y con excelente conectividad.

La planta se compone de los siguientes ambientes:

- Cocina-comedor integrada con salida al patio.
- Baño completo.
- Dormitorio con hermoso ventanal y salida al patio.

Características del departamento:

- Pisos de porcelanato.
- Cielorrasos de mampostería revocada y pintada, en impecable estado.
- Ventanal con puerta balcón de aluminio de primera calidad en dormitorio.
- Puerta de aluminio con vidrio de primera calidad en cocina-comedor.
- Paño fijo de vidrio en living.
- Ventana de aluminio en cocina.
- Placard de piso a techo en dormitorio, con buen espacio de guardado e interiores realizados a nuevo.
- Alacenas y muebles bajo mesada impecables, con excelente espacio de guardado y materiales de primera calidad.
- Mesada de granito.
- Isla con mesada de granito, bacha de acero inoxidable y monocomando de primera calidad.
- Vanitory con bacha y grifería moderna.
- Anafe eléctrico.
- Horno eléctrico empotrado.
- Agua caliente por calefón a gas.
- Losa sanitaria de primera calidad.
- Tapa de inodoro con cierre lento.
- Espejo de baño con luz.
- Pre intalación de aire acondicionado en living-comedor y dormitorio. Solo hay que colocarle la unidad.

La unidad se encuentra totalmente a estrenar y en óptimas condiciones para una habitabilidad inmediata, sin necesidad de realizar ningún tipo de obra o mejora.

Excelente ubicación y conectividad

La propiedad se encuentra sobre Ciudad de la Paz, a:

150 mts. de Av. Cabildo.
150 mts. de Av. Federico Lacroze.
650 mts. de Av. Luis María Campos.
250 mts. de la estación de Metrobús “Olleros”.
300 mts. de la estación de Ferrocarril Mitre “Colegiales”.
250 mts. de la estación de Subte Línea D “Olleros”.

Transportes cercanos

Colectivos: 41, 42, 57, 59, 60, 63, 67, 68, 152, 161, 168 y 194.
Metrobús: “Olleros”.
Subte: Línea D, estación “Olleros”.
Ferrocarril: Línea Mitre, estación “Colegiales”.

Atención: Las medidas son aproximadas. Las medidas reales surgirán de la escritura traslativa de dominio.

Contáctate para concertar una visita personalizada a la propiedad.

ALCANZÁ LO QUE SOÑÁS!!!
MUDATE A LA VIDA QUE QUERÉS!!!",,59.0,True,Electricidad | Agua | Gas | Desague Cloacal | Agua Corriente | Ascensor | Dormitorio | Baño | Patio | Placard | Desayunador | Cocina/Comedor | Living/Comedor,USD,140000.0,ARS,110000.0,3240.74,4065.04,2,1,1,43.2,34.44,Ciudad de la Paz 800,Palermo,"Palermo, Capital Federal",-34.5709516,-58.4471923,active,420511139-136,https://www.remax.com.ar/listings/departamento-2-amb-refacc-a-estrenar-c-patio-pb
655415,c52a3a2d-a6f5-4084-91b7-8e2330389e6c,sale,ph,Venta Palermo PH en Planta Alta con terraza propia,"PH en planta alta con entrada independiente y terraza propia, ubicado en la calle Salguero entre Córdoba y Cabrera. Primer piso por escalera.

La vivienda tiene las siguientes características: 
	Planta Principal: 
-hall; -living al frente con salida a un balcón de 3 metros.  - Dos dormitorios, uno al frente y otro al contrafrente. 
-Pasillo de distribución, -un baño completo, -cocina a gas con ventilación al contrafrente y - un lavadero cubierto con espacio de guardado en el bajo escalera. 

	Planta Superior: 
-Desde el lavadero, se accede por escalera a un segundo nivel (espacio cubierto con vidrio). En esta planta, hay un cuarto tipo escritorio o dependencia con un baño muy pequeño (toilette)
-Azotea: gran terraza propia de 50 m2 que abarca toda la superficie de la unidad la cual recibe sol todo el día. 

Detalles adicionales: Luz y Sol: La propiedad recibe una excelente luz natural y sol durante todo el día. 

Condición: Se encuentra habitable, pero requiere de refacciones como pintura e instalación eléctrica nueva. 

Servicios: Sin gastos de expensas. 

La calefacción es por picos de gas y el agua caliente se provee a través de un termotanque individual. 

Información del Lote: Son sólo dos unidades funcionales. 

Venta: La operación de venta está sujeta a la reubicación del propietario. 
",,81.0,False,Electricidad | Gas | Agua Corriente | Dormitorio | Baño | Cocina | Terraza | Lavadero | Disposición Frente | Balcón | Orientación Noroeste | Cocina/Comedor | Habitación de Servicio,USD,188000.0,ARS,0.0,1468.75,2410.26,3,2,1,128.0,78.0,Jerónimo Salguero 1100,Palermo,"Palermo, Capital Federal",-34.5975747,-58.4188111,active,420051095-308,https://www.remax.com.ar/listings/venta-palermo-ph-en-planta-alta-con-terraza-propia
568746,d552bf30-d215-4503-b739-be42e971c1b7,sale,departamento_estandar,Caballito 2 amb con balcón financiación directa,"Departamento de 2 ambientes en el corazón de caballito listo para habitar.
La propiedad se destaca por su excelente estado de conservación, ambientes luminosos y una distribución funcional. Cuenta con amplio balcón al contrafrente.
Posee living-comedor, cocina funcional, lavadero, amplio dormitorio con placard y baño completo.
Ubicado en una zona estratégica, con cercanía a múltiples medios de transporte, comercios y espacios verdes.
Ideal para vivienda o como inversión.",,53.0,False,Dormitorio | Comedor | Baño | Cocina | Living | Lavadero | Balcón,USD,87000.0,ARS,100000.0,1705.88,1891.3,2,1,1,51.0,46.0,Nicolas Repetto 200,Caballito,"Caballito, Capital Federal",-34.61818169874,-58.444004058838,active,420261309-5,https://www.remax.com.ar/listings/caballito-2-amb-con-balcon-financiacion-directa
640191,22193189-610a-45af-be37-a68aa8f4df00,sale,casa,Casa Venta 6 Ambientes Gran Terraza Luz Paternal,"Casa Venta 6 Ambientes Estilo Terraza Paternal

Ubicada en una calle muy tranquila a 50 metros de Avenida San Martín.


MIRA EL VIDEO DE LA PROPIEDAD!

https://youtu.be/GrU32oIowWk


Propiedad profesional ubicada estratégicamente en Nicolás Granada 1680, La Paternal, zona de excelente conectividad con acceso inmediato a Avenidas San Martín y Juan B. Justo, próximo al Metrobus.

Casa oficina desarrollada en lote propio de 8,66 x 17,32 metros, con una superficie total de 248 m² construidos, diseñada para uso profesional, administrativo o comercial. Edificación original de 1960 que conserva características arquitectónicas de época con terminaciones de alta calidad.

Distribución funcional en dos plantas completamente equipadas. Planta baja con amplio hall de recepción, sala de espera, despachos gerenciales, sala de reuniones y áreas de trabajo integradas. Planta alta con despachos privados, sector de archivo, cocina equipada y acceso directo a terraza.

Características diferenciales incluyen carpinterías y pisos de madera originales que aportan categoría institucional, techos altos, orientación norte, excelente ventilación natural y luminosidad en todos los ambientes. Cuenta con patio interno, terraza propia y espacio aéreo adicional.

Servicios completos: electricidad, gas, internet, telefonía, desagüe cloacal, sistema de alarma y aire acondicionado instalado. Al ser propiedad en lote propio, no abona expensas, representando una ventaja económica significativa.

Entorno residencial tranquilo con accesos rápidos a toda la Ciudad de Buenos Aires. Ideal para profesionales independientes, estudios o pequeñas empresas que requieran un espacio versátil, funcional y bien ubicado en Capital Federal.

Medidas;

Hall de acceso; 1,25 x 4,80; 6 M2
Recibidor; 4,09 x 3,47; 14,22 M2
Oficina Calle 1 secretaria; 1,86 x 4,18; 7,80 M2
Oficina Calle 2; 4,40 x 4,15; 18,31 M2
Baño suite; 1,02 x 1,60; 1,65 M2
Sala de Reunión, desde recibidor y desde oficina 2; 4,03 x 2,46 y 2,29 x 1,09; 12,43 M2
Oficina Calle 3, desde patio central; 4,02 x 3,89; 15,65 M2
Oficina Calle 4 desde patio central; 4,19 x 4,02; 16,86 M2
Oficina 3 y 4 están comunicadas.
Patio central descubierto; 5,93 x 3,86; 22,93 M2
Cocina PB; 2,45 x 1,27; 3,12 M2
Baño Cocina; 1,16 x 2,04; 2,39 M2
Lavadero y pasillo; 0,80 x 1,42; 1,14 M2
Baño 2; 1,66 x 1,15; 1,92 M2

Entrepiso, oficina; 2,52 x 4,02; 10, 17 M2

Piso 1;

Cocina desde terraza; 2,70 x 4,10; 11,11 M2
Terraza; 4, 14 x 12,82; 53,11 M2 Y 4,34 x 6,27; 27,29 M2
Oficina terraza; 3,69 x 3,64; 13,45 M2
Deposito Frente; 3,69 x 8,53; 31, 54 M2

Propiedad en estado de conservación excelente, con mantenimiento continuo en pisos, carpinterías restauradas, baños nuevos, que preservan sus condiciones originales e institucionales.
",,60.0,False,Electricidad | Agua | Gas | Internet | Televisión por Cable | Alarma | Agua Corriente | Aire Acondicionado | Dormitorio | Comedor | Cocina | Patio | Terraza | Estudio | Lavadero | Altillo | Playroom | Quincho | Sala de reuniones | Amoblado | Deck | Toilet | Habitación de Servicio | Living/Comedor,USD,234000.0,ARS,0.0,863.18,1394.85,6,5,3,271.09,167.76,Nicolás Granada 1600,La Paternal,"La Paternal, Capital Federal",-34.6030087,-58.4623234,active,420211216-80,https://www.remax.com.ar/listings/casa-venta-6-ambientes-gran-terraza-luz-paternal
538816,53dba4a7-2677-406c-a546-9d1e77ac5d3b,sale,departamento_estandar,DEPARTAMENTO 1 AMBIENTE VENTA PALERMO AMENITIES,"DEPARTAMENTO 1  AMBIENTE EN VENTA EN PALERMO
ESTADO DE OBRA: EN CONSTRUCCIÓN
FECHA DE ENTREGA: DICIEMBRE 2026

Monoambiente con balcón
- Ubicado en el 7mo piso al contrafrente.
– Unidad divisible, donde el dormitorio queda con salida al balcón y
el living conectado con la cocina.
– Al ingreso se encuentra un baño completo y placard con conexión a lavarropas.
– Gran espacio monoambiente con cocina incorporada y balcón de casi 5 mts2.
Ubicado en el corazón del nuevo polo gastronómico porteño, sobre la calle más canchera de Palermo Hollywood.
PROYECTO
Unidades de 1, 2, 3 y 4 ambientes
Unidades con terraza privada
Casa en Altura con 3 dormitorios en suite
200 M2 de amenities:
- Gimnasio cubierto y descubierto
- Pileta
- Solarium
- Terraza verde
- SUM abierto  rooftops para eventos al aire libre
- Parrillas, con cómodos espacios de living
- Seguridad


En la terraza se encuentra el área de amenities, a la que se puede acceder tanto por ascensor como por escalera: pileta, solarium, terraza verde, SUM abierto y parrilla. Además, cuenta con cabanas privadas, de uso exclusivo de sus propietarios.

Cocheras en subsuelos y Bauleras disponibles.

El metraje de las unidades incluye el proporcional de Amenities.

SI TENÉS QUE VENDER PARA COMPRAR, PODEMOS AYUDARTE, Y REALIZAR LAS OPERACIONES EN FORMA SIMULTÁNEA.

NOTA: Se deja constancia que los metros parciales, así como el monto de las expensas e impuestos son aproximados a título orientativo sujetos a verificación y/o ajustes.",,0.0,False,,USD,150880.0,ARS,0.0,3725.43,4572.12,1,1,1,40.5,33.0,Arévalo 1400,Palermo,"Palermo, Capital Federal",-34.5827898,-58.4426881,active,420801089-73,https://www.remax.com.ar/listings/departamento-1-ambiente-venta-palermo-amenities-4
636275,bbc3ab6d-3424-4cda-995c-b366f299a081,sale,departamento_estandar,Venta depto 2 ambientes refaccionado patio Palermo,"DEPARTAMENTO 2 AMBIENTES EN VENTA PALERMO CAPITAL FEDERAL - APTO CRÉDITO

Departamento a estrenar ubicado en la codiciada zona de Palermo, sobre la avenida Juan Francisco Seguí. Se trata de una propiedad 100% refaccionada, finalizada en 2026, que combina funcionalidad y diseño contemporáneo en un espacio de 42 m² totales, distribuidos estratégicamente para optimizar cada rincón.

El inmueble se compone de dormitorio con dimensiones generosas, baño completo con instalaciones modernas, cocina, living y un patio cubierto que amplía las posibilidades de uso y disfrute. 

Ubicado en el primer piso de un edificio de 10 niveles, la propiedad cuenta con acceso directo y facilita la entrada y salida sin necesidad de ascensor. La zona de Palermo ofrece una propuesta inmobiliaria consolidada con excelente conectividad, proximidad a comercios, gastronomía y servicios.

El departamento incluye todas las instalaciones esenciales: electricidad, agua y gas. Su estado a estrenar y refaccionado garantiza que el nuevo propietario acceda a una vivienda lista para ocupar sin necesidad de inversión adicional en mejoras.

Esta propiedad resulta ideal tanto para quienes buscan una primera vivienda en una zona de alto valor como para inversores interesados en un activo inmobiliario en un barrio de demanda sostenida. Su clasificación como apto crédito facilita el acceso a financiamiento bancario.

Valeria A González CSI 6952 CPI 9470. En cumplimiento de la Ley  2340 CUCICBA, Ley 10.973 de la Prov de Bs As, Ley Nacional 25.028, Ley 22.802 de Lealtad Comercial, Ley 24.240 de Defensa del Consumidor, las normas del Código Civil y Comercial de la Nación y Constitucionales, los agentes NO ejercen el corretaje inmobiliario. Todas las operaciones inmobiliarias son objeto de intermediación y conclusión por parte de los martilleros y corredores colegiados, cuyos datos se exigen debajo del nombre de la inmobiliaria.",,0.0,True,Electricidad | Agua | Gas | Agua Corriente | Dormitorio | Baño | Cocina | Living | Patio,USD,90000.0,ARS,120000.0,2142.86,2571.43,2,1,1,42.0,35.0,Juan Francisco Seguí 3500,Palermo,"Palermo, Capital Federal",-34.579285,-58.408762,active,422071034-54,https://www.remax.com.ar/listings/venta-depto-2-ambientes-refaccionado-patio-palermo
631342,db9a9d96-2bec-40dd-b41e-ac3ae3a410f1,sale,departamento_estandar,2 ambientes Recoleta exc Ubicacion,"Departamento 2 ambientes interno, funcional y bien distribuido

Se ofrece a la venta departamento de 2 ambientes, de disposición interna, con una distribución práctica y funcional.

El ingreso se realiza mediante palier privado y el edificio cuenta con ascensor principal y ascensor de servicio. Además, la propiedad dispone de entrada de servicio independiente desde la cocina, un detalle que aporta comodidad y funcionalidad.

El living presenta buenas dimensiones, permitiendo organizar cómodamente un sector de estar y comedor.

La cocina es independiente y cuenta con espacio separado para lavarropas.

El dormitorio es cómodo, con un amplio placard y espacio de guardado. El baño completo se encuentra ubicado junto al dormitorio.

Al tratarse de una unidad interna, ofrece un entorno más tranquilo y resguardado del movimiento de la calle.

Una propiedad funcional y bien distribuida, ideal tanto para vivienda como para inversión.

Excelente conectividad

* Colectivos: 12, 29, 39, 41, 57, 140, 152, 194, entre otros.
* Subte Línea D: estaciones Agüero y Pueyrredón.
* Subte Línea H: estación Santa Fe.


para más información o coordinar una visita, contáctenos.

Los metros aquí publicados son aproximados. Los reales surgen de la escritura. Esta publicidad respeta lo establecido en el art. 4 y 8 de la ley 24.240 . En cumplimiento de las leyes provinciales vigentes que regulan el corretaje inmobiliario, Ley Nacional 25.028, Ley 22.802 de Lealtad Comercial, Ley 24.240 de Defensa al Consumidor, las normas del Código Civil y Comercial de la Nación y Constitucionales, los agentes NO ejercen el corretaje inmobiliario. Todas las operaciones inmobiliarias son objeto de intermediación y conclusión por parte de los martilleros y corredores colegiados, cuyos datos se exhiben debajo del nombre de la inmobiliaria.

Ley 5115: el inmueble es accesible para personas con movilidad reducida.

Las imagenes con IA son a modo de referencia
Andrea Verónica Maddonne
CPI 8232 / CMCPSM 2773

La fotos principales tienen amoblamiento virtual

Aviso Legal:
Los agentes NO ejercen el corretaje inmobiliario.
Todas las operaciones inmobiliarias son supervisadas, acompañadas y concluidas por corredores matriculados responsables en cada oficina.
Corredora Responsable Matriculada Andrea Maddonne CUCICBA 8232 – CMCPS",,46.0,True,Electricidad | Agua | Gas | Agua Corriente | Dormitorio | Comedor | Baño | Cocina | Lavadero | Placard | Disposición Lateral | Living/Comedor,USD,89000.0,ARS,118000.0,2239.56,2239.56,2,1,1,39.74,39.74,Juncal 2800,Recoleta,"Recoleta, Capital Federal",-34.5882147,-58.4059576,reserved,421811055-19,https://www.remax.com.ar/listings/2-ambientes-recoleta-exc-ubicacion
551113,f922015e-342b-4617-907c-5141b875bd7a,sale,departamento_estandar,VENTA MONOAMBIENTE  CON COCHERA EN SAN NICOLAS,"El equipo Remax Home vende monoambiente a estrenar, con cohera, en el barrio de San Nicolás. La unidad se encuentra situada en el tercer piso de un sólido edificio al frente, disposición Oeste. 
      Cuenta con Amplio ambiente divisible, baño completo, cocina y termo eléctricos, aire acondicionado, y puerta de entrada blindada, Su ubicación estratégica, a media cuadra de la Av. corrientes y una de Nueve de Julio, hace que la propiedad sea ideal para inversores, alquiler temporal, estudiantes o primera vivienda. La unidad es Apto Profesional



No deje de verlo!!!!!!",,57.0,False,Electricidad | Agua | Internet | Aire Acondicionado | Ascensor | Orientación Oeste | Disposición Frente,USD,67000.0,ARS,180000.0,1970.59,1970.59,1,1,1,34.0,34.0,Libertad 300,San Nicolás,"San Nicolás, Capital Federal",-34.6044002,-58.3835553,active,421241019-75,https://www.remax.com.ar/listings/venta-monoambiente-con-cochera-en-san-nicolas
596216,f9551846-a976-445d-b2b8-02c830c99738,sale,ph,VENTA- PH -TERRAZA-BALCON- 5 AMBIENTES- PERMUTA,"VENTA PH 5  Ambientes con Terraza, Quincho, Balcón y todo lo que necesitas para vivir en un espacio distinto!!!!. Acepta permuta por un Departamento de 3 Ambientes. Consultar Zona

""En el corazón del Barrio de Boedo, se encuentra este Hermoso PH de 5 Ambientes, ideal para aquellos que buscan un espacio acogedor y lleno de luz. 

Con entrada independiente por la calle 24 de Noviembre  subiendo la escalera nos encontramos  con un amplio recibidor.  Dentro de la galería de fotos encontramos el plano general de la unidad .

Características  por Piso:

1er Piso:
-  Hall de distribución 
-Cocina Completa 
- Baño Completo 
-Living  con ventanas al exterior 
- Habitación  con grandes dimensiones  con aire acondicionado y espacio de guardado
-Comedor con entrepiso , ideal como espacio de biblioteca  o Habitación. 
- Hermoso Balcón corrido de 15 mtros
- Puertas y Ventanas de Madera  de calidad y en excelente estado .

Entrepiso:
-   2da Habitación / taller o deposito. 
-   3era Habitación  
- Baño completo

Planta Alta: 
- Hermoso y cómodo Quincho con cocina , lavadero independiente  y toilette
- Terraza con Deck y Parrilla 
- Gran Espacio aéreo

# Los Metros por Escritura son de 184 Metros con 84 decímetros cuadrados

No dejes pasar la oportunidad de vivir en este hermoso PH ubicado en uno de los barrios más lindos de la ciudad.""
",,46.0,False,Dormitorio | Baño | Cocina | Terraza | Lavadero | Balcón,USD,170000.0,ARS,0.0,919.71,1700.0,5,3,2,184.84,100.0,24 de Noviembre 600,San Cristobal,"San Cristobal, Capital Federal",-34.6189254,-58.4110962,active,421071147-251,https://www.remax.com.ar/listings/venta-ph-terraza-balcon-5-ambientes-permuta
659123,67c319a2-05b5-467e-bb8f-0d7209141841,sale,terrenos_y_lotes,Venta Lote exc ubicacion 1925 M2 vendibles y coch,"LOTE EN VENTA SOBRE AVENIDA BELGRANO, BALVANERA, CAPITAL FEDERAL

Se aceptan m2 en mismo desarrollo o en otro terminado o no.

MEDIDAS DEL LOTE 

8.71 metros de ancho 
42,50 metros de largo
Superficie total 370 m2

PREFACTIBILIDAD Y POTENCIAL CONSTRUCTIVO

M2 vendibles 1925 (pb local comercial) 
Cocheras subsuelo
 
Análisis de Prefactibilidad a disposición


COMPOSICIÓN ACTUAL

La propiedad integra un local comercial y PH en planta baja a remodelar, complementado con otro PH en planta alta. Esta configuración permite múltiples opciones de aprovechamiento: desarrollo de PH, local comercial, proyecto hotelero, operación de flipping o cualquier otra alternativa comercial o habitacional que se considere conveniente.

UBICACIÓN ESTRATÉGICA Y CONECTIVIDAD

Posicionado en Balvanera, el terreno se encuentra a metro de Avenida Jujuy con acceso inmediato a Subte, tren y múltiples líneas de colectivos. Próximo a Plaza Manzana 66, Plaza Miserere, Estación Once y Abasto Shopping. Una zona con excelente conectividad y gran potencial para desarrollo inmobiliario de alto rendimiento.

DOCUMENTACIÓN

Análisis de prefactibilidad a disposición del interesado para evaluación técnica y comercial.
",,,False,,USD,698000.0,ARS,,1886.49,,0,0,0,370.0,0.0,Avenida Belgrano 2900,Balvanera,"Balvanera, Capital Federal",-34.6147042,-58.4065075,active,420611193-280,https://www.remax.com.ar/listings/venta-lote-exc-ubicacion-1925-m2-vendibles-y-coch
658765,0e7c255f-1306-4700-a12c-29303184a776,sale,ph,VENTA CASA  6 AMBIENTES  CON COCHERA FLORES CABA,"VENTA PH 6 AMBIENTES CON ENTRADA INDEPENDIENTE, COCHERA, QUINCHO Y TERRAZA EN FLORES, CAPITAL FEDERAL

UN OASIS DE TRANQUILIDAD EN EL CORAZÓN DE FLORES

Este acogedor PH al frente ofrece una entrada totalmente independiente y una distribución en dos plantas que brinda amplitud y privacidad. Ubicado en buena zona residencial de Flores, a pasos de transporte público, comercios y servicios, este hogar es el refugio perfecto para disfrutar de una vida plena y equilibrada.

ESPACIOS AMPLIOS Y LUMINOSOS
• Planta baja con un amplio hall de recepción, living-comedor con entrepiso que puede funcionar como escritorio, dos dormitorios y un baño completo
• Planta alta con una pequeña habitación, un espacioso playroom y un luminoso quincho con salida a una gran terraza con parrilla

DETALLES QUE MARCAN LA DIFERENCIA
• Superficie total  de 189 m² (129 m² cubiertos, 14 m² semicubiertos, 46 m² descubiertos, 95 m² terreno) Medidas Aproximadas 
• 4 ambientes, incluyendo 3 dormitorios y 1 baño completo
• 1 cochera
• Estado general: bueno
• Año de construcción: 1989
• Incluye: cochera, dormitorios, living/comedor, baño, cocina, patio, terraza, lavadero, quincho

BARRIO MUY TRANQUILO EN FLORES SUR
Disfruta de la comodidad de vivir en un barrio consolidado, con fácil acceso a transporte público, comercios y servicios. Este PH es el refugio perfecto para quienes buscan  privacidad que solo una propiedad con entrada independiente puede ofrecer.",,37.0,False,Dormitorio | Comedor | Baño | Cocina | Patio | Terraza | Lavadero | Quincho | Living/Comedor,USD,120000.0,ARS,0.0,634.92,930.23,6,3,1,189.0,129.0,Avelino Díaz 2400,Flores,"Flores, Capital Federal",-34.6437697,-58.4510293,active,421081076-25,https://www.remax.com.ar/listings/venta-casa-6-ambientes-con-cochera-flores-caba
599986,bb627896-cd0c-460c-9f4e-67697e290337,sale,departamento_estandar,DEPARTAMENTO VENTA ALMAGRO 2 AMB 40 M2 PB FRTE,"ALMAGRO - DEPARTAMENTO 2 AMB PB FRENTE ENTRADA INDEPENDIENTE

OPORTUNIDAD !!!!!!

DEPARTAMENTO 2 AMB APTO PROFESIONAL

LIVING COMEDOR
DORMITORIO CON PLACARD
COCINA AMPLIA
PATIO 7 m2

EXCELENTE UBICACION EN EL BARRIO DE ALMAGRO

Cercano a numerosas Avenidas.....
Av Rivadavia
Av Belgrano
Av Independencia
Av San Juan
Av Boedo
Av La Plata

Acceso cercano a la Autopista 25 de Mayo

Cercano a lineas de subte y numerosas lines de colectivos

Se deja constancia que las medidas, superficies, m2 y proporciones consignadas son aproximados, al igual que las medidas parciales y/o de los ambientes está sujeto a verificación y/o ajuste. El valor indicado de expensas está sujeto a variación. El precio del inmueble puede ser modificado sin previo aviso. Fotos de carácter no contractual.
 
La venta queda sujeta al cumplimiento por parte del propietario de lo establecido por la Resolución General Nº 2371 de AFIP (COTI)
BENEFICIO PARA CLIENTES.

Si te falta hasta un 30% del valor de esta propiedad, te ofrecemos solicitar un préstamo a través de Lendar, servicio exclusivo para clientes RE/MAX. Hace la simulación de tu cuota aquí:
 https://www.lendar.com.ar/quiero-un-prestamo/#simulador 



",,36.0,False,,USD,69000.0,ARS,80000.0,1468.09,1746.84,2,1,1,47.0,39.5,Yapeyú 400,Almagro,"Almagro, Capital Federal",-34.6174986,-58.4216606,negotiation,421061056-93,https://www.remax.com.ar/listings/departamento-venta-almagro-2-amb-40-m2-pb-frte
612105,e05d8128-d5d6-4241-8edc-8586f3acebb4,sale,departamento_monoambiente,POZO comprar MONSERRAT 1 2 3 ambientes UADE,,,,,,USD,66500.0,ARS,0.0,1900.0,2125.96,1,0,1,35.0,31.28,"Chile 1228 (C1098), Comuna Nro. 1, Capital Federal, Argentina",Monserrat,"Monserrat, Capital Federal",-34.6167216,-58.3833919,active,420561094-324,https://www.remax.com.ar/listings/pozo-comprar-monserrat-1-2-3-ambientes-uade
526080,3fb61aff-9db9-4f64-91e6-87fdf41219b0,sale,departamento_estandar,VENTA DEPTO 3 AMB REFACCIONADO C/COCHERA PALERMO,"Excelente departamento de 3 ambientes refaccionado con cochera, ubicado en el corazón de Palermo, sobre Fray Justo Santa María de Oro.

La unidad se encuentra en noveno piso al frente con orientación norte, lo que garantiza gran luminosidad y sol durante todo el día. Cuenta con living comedor con salida a balcón, cocina semi integrada, dos dormitorios cómodos y baño completo. La propiedad fue refaccionada, encontrándose en excelente estado y lista para mudarse.

Cochera incluida (valor integrado en las expensas) y losa radiante cuyo mantenimiento y consumo también corren por cuenta de las expensas.

Te invitamos a ver a recorrer la propiedad en el video adjunto.

Edificio con encargado permanente y vigilancia mediante tótem de seguridad 24 hs, lo que garantiza mantenimiento, cuidado diario y seguridad de los espacios comunes.

Ubicación estratégica, a pocas cuadras de Plaza Italia, La Rural y los Bosques de Palermo, con excelente acceso a medios de transporte como la Subte Línea D. Ideal para vivienda o inversión.


""SI TENES QUE VENDER PARA COMPRAR, PODEMOS AYUDARTE Y REALIZAR LA OPERACIÓN SIMULTÁNEA""

BENEFICIO PARA CLIENTES
Si te falta hasta un 30% del valor de esta propiedad, te ofrecemos solicitar un préstamo a través de Lendar, servicio exclusivo para clientes RE/MAX. Hace la simulación de tu cuota a través del simulador que se encuentra en la web Lendar.",,50.0,False,Electricidad | Agua | Gas | Dormitorio | Comedor | Baño | Cocina | Living | Desayunador | Orientación Norte | Balcón | Living/Comedor,USD,175000.0,ARS,300000.0,3467.41,3682.66,3,2,1,50.47,47.52,Fray Justo Santa María de Oro 2400,Palermo,"Palermo, Capital Federal",-34.5802895,-58.4250876,reserved,420261224-35,https://www.remax.com.ar/listings/venta-depto-3-amb-refaccionado-c-cochera-palermo
645606,8c20bb66-ed16-4fd4-acd4-af0b6bbde306,sale,departamento_estandar,VENTA DEPARTAMENTO FLORESTA 3 AMB CON BALCON,"Departamento 3 ambientes en venta en Floresta – Al frente, luminoso y refaccionado
Departamento 3 ambientes en venta en Floresta, ubicado sobre Joaquín B. González y Av. Rivadavia, Ciudad de Buenos Aires, en un quinto piso al frente, con excelente luminosidad y muy buena vista.
La propiedad cuenta con una distribución cómoda y funcional, ideal para quienes buscan un departamento listo para mudarse en uno de los barrios tradicionales de CABA.
Al ingresar encontramos un ambiente agradable y luminoso. La unidad dispone de dos dormitorios, ambos con buena iluminación natural y placar, baño completo con bañadera y cocina independiente con conexión para lavarropas.
El departamento se encuentra refaccionado y en muy buen estado de conservación, ofreciendo un espacio cálido, moderno y confortable para disfrutar desde el primer día.
Su ubicación en piso alto y al frente permite aprovechar una excelente entrada de luz natural durante el día, generando ambientes luminosos y agradables. Orientación Oeste, recibe hermoso sol.
Agua caliente por termotanque eléctrico.

Una excelente oportunidad para comprar un departamento de 3 ambientes en Floresta, tanto para vivienda como para inversión.

No dudes en coordinar tu visita",,46.0,False,Dormitorio | Baño | Cocina | Living | Balcón,USD,108000.0,ARS,196000.0,1636.36,1963.64,3,2,1,66.0,55.0,Joaquín V. González 0,Floresta,"Floresta, Capital Federal",-34.6322961,-58.4791976,active,151174-258,https://www.remax.com.ar/listings/venta-departamento-floresta-3-amb-con-balcon
575907,62df6a4b-5e5d-4ac7-8273-efefef08cfbc,sale,departamento_estandar,DEPARTAMENTO 2 AMBIENTES VENTA CABALLITO,"DEPARTAMENTO 2 AMBIENTES EN VENTA - CABALLITO - CAPITAL FEDERAL

Oportunidad en una de las zonas más consolidadas de Caballito, sobre Av. Doctor Honorio Pueyrredón al 700.

Departamento de 34 m² cubiertos, ubicado en el tercer piso. Propiedad en muy buen estado, diseñada con distribución práctica y funcional.

La unidad cuenta con living-comedor integrado, cocina independiente, dormitorio con amplio placard y baño completo. Su diseño optimiza el espacio y ofrece comodidad para primera vivienda o inversión.

Ubicación estratégica con excelente conectividad. Próximo a Parque Centenario, cuenta con acceso inmediato a múltiples medios de transporte, comercios, espacios verdes y propuestas gastronomicas.

Excelente oportunidad en uno de los barrios más dinámicos de Capital Federal.

Contacte para coordinar visita y obtener información detallada.",,51.0,True,,USD,75000.0,ARS,130000.0,2176.44,2176.44,2,1,1,34.46,34.46,Avenida Doctor Honorio Pueyrredón 700,Caballito,"Caballito, Capital Federal",-34.6120361,-58.4423742,active,420801205-4,https://www.remax.com.ar/listings/departamento-2-ambientes-venta-caballito
544744,fda36a25-8faf-4eaf-9050-cfbd9002efdd,sale,ph,Venta PH 2 Ambientes con Patio En Villa Crespo,"PH en excelentes condiciones en planta baja, con patio propio.

Destino de la unidad funcional según Reglamento: residencial y/o  profesional.

La propiedad tiene una superficie total de 50,91 m² (40,01 m² cubiertos + 10,90 m² descubiertos) y cuenta con baulera fuera del departamento asignada por reglamento de copropiedad.

Cuenta con cocina completa con horno a gas y espacio para lavarropas. Posee aire acondicionado en el living y calefacción por tiro balanceado.

Se encuentra frente al Mercat Villa Crespo, en zona de outlets, a 10 minutos caminando de Plaza Serrano y de los principales puntos de interés de Palermo, rodeado de una amplia oferta gastronómica.

Ubicado a 5 cuadras del Subte B (estación Malabia), a 2 cuadras del Metrobus de Av. Juan B. Justo y a 6 cuadras del Movistar Arena. 

Agenda tu visita a este hermoso Ph, por su estadío y ubicación.",,13.0,False,Electricidad | Agua | Gas | Dormitorio | Baño | Cocina | Living | Patio | Baulera,USD,124900.0,ARS,111000.0,2453.35,3121.72,2,1,1,50.91,40.01,Thames 700,Villa Crespo,"Villa Crespo, Capital Federal",-34.5933924,-58.4405061,negotiation,421121035-180,https://www.remax.com.ar/listings/venta-ph-2-ambientes-con-patio-en-villa-crespo
497649,9bb0d895-13c3-49ff-bb98-f6663fcc9c50,sale,departamento_monoambiente,VENTA DEPTO MONOAMBIENTE MONSERRAT   APTO CREDITO,"MONOAMBIENTE EN VENTA MONSERRAT 22M² AVENIDA BELGRANO CAPITAL FEDERAL - 
APTO CREDITO HIPOTECARIO.  APTO CREDITO LENDAR

Un refugio urbano que resume la esencia de la vida porteña, este monoambiente de 22 m² se erige como un tesoro arquitectónico en el corazón de Monserrat, uno de los barrios más emblemáticos de Buenos Aires.

CARACTERÍSTICAS PRINCIPALES

• Ubicación estratégica sobre Avenida Belgrano, en el piso 9 de un edificio histórico de 9 niveles

• Superficie total de 22 m² completamente aprovechados con diseño inteligente

• Construcción original de 1954 con refacciones y mantenimiento impecable

• Estado general excelente, ideal para inversores y compradores primerizos

DISTRIBUCIÓN Y DISEÑO

Un gran ventanal frontal inunda el espacio de luz natural, creando una sensación de amplitud que desafía sus metros cuadrados.

DETALLES DE CONFORT

• Cocina integrada con muebles funcionales y equipamiento a gas natural

• Baño moderno y completo, diseñado para máximo confort

• Pisos en excelente estado y pintura reciente que realzan la luminosidad

INVERSIÓN INTELIGENTE

Actualmente con potencial de renta temporaria, este monoambiente representa una oportunidad única para quienes buscan iniciar su patrimonio inmobiliario en una zona premium de Buenos Aires.

Ideal para inversores, profesionales jóvenes o estudiantes que valoran la ubicación y funcionalidad por sobre los metros.

",,72.0,True,,USD,49000.0,ARS,170000.0,2227.27,2227.27,1,0,1,22.0,22.0,Avenida Belgrano 1300,Monserrat,"Monserrat, Capital Federal",-34.6131931,-58.385044,active,420501223-30,https://www.remax.com.ar/listings/venta-depto-monoambiente-monserrat-apto-credito
624177,eb61ad40-589b-45f6-8ef2-b4c7c054ef93,sale,local,VENTA LOCAL COMERCIAL EN BOEDO,"*Inversión Estratégica en Boedo! Local / Apto Profesional • U$S 39.000
*Excelente local en venta de 21 m² en muy buen estado, ubicado en Estados Unidos 4050, a metros de Av. Boedo y Av. Independencia.
* Cuenta con entrada independiente directa desde la calle, baño propio, persiana eléctrica y todos los servicios instalados. 
*Su conectividad es inmejorable: accesos rápidos a la Autopista 25 de Mayo, cercanía con la Línea E de Subte (Estación Boedo) y múltiples líneas de colectivo.
*Por Reglamento de Copropiedad, es la única Unidad Funcional del edificio autorizada para uso comercial, de negocio o estudio profesional. 
*Mientras el resto del edificio es de uso residencial familiar, aquí podés habilitar tu oficina, consultorio o comercio con total seguridad jurídica y alto tránsito. ¡Ideal inversores por su bajo costo y potencial de renta! Consultanos para coordinar una visita.",,56.0,False,Electricidad | Agua | Gas | Desague Cloacal | Baño,USD,36000.0,ARS,95000.0,1727.45,1727.45,0,0,1,20.84,20.84,Estados Unidos 4000,Boedo,"Boedo, Capital Federal",-34.6231263,-58.4228186,active,61350-34,https://www.remax.com.ar/listings/venta-local-comercial-en-boedo
653272,2d76d4e3-f7a5-4dbd-afe9-c2ff1681943d,sale,casa,Venta Casa 6 amb con pieta Devoto,"Venta casa 6 amb con pileta en Devoto.
Excelente calidad constructiva.
Ambientes luminosos.
Estrategica uicacion.

Casa desarrollada en tres plantas.
Buena distribución, diseño funcional y espacios amplios.

Planta baja: 

Distribución interior estratégicamente planificada con 5 habitaciones, 3 baños completos y 2 toilettes que garantizan comodidad y privacidad. 
Ingresamos a la propiedad donde nos encontramos con dos amplios garage descubiertos, mas una cochera cubierta.
Living comedor de amplias medidas, buena ventilación y luminosidad, puerta ventana con salida al jardín.
Cocina independiente con salida al jardín.
Lugar de guardado.
Toilette.
Jardín de 86 metros, parrilla, pileta con sistema automatizado, lugar de guardado amplio.

Primer piso:

Habitación principal, con vestidor y baño completo.
Dos habitaciones secundarias con buena luz y de amplias medidas, con placard.
Baño completo.
Terraza con lavadero.

Segundo Piso:

En el play room nos encontramos con un amplio espacio y un sauna en funcionamiento, mas una habitación para usos múltiples.

No dudes en consultarnos!!!!",,26.0,False,,USD,610000.0,ARS,,1794.12,1906.25,6,5,3,340.0,320.0,Mercedes 4800,Villa Devoto,"Villa Devoto, Capital Federal",-34.5939364,-58.5182282,active,420251321-350,https://www.remax.com.ar/listings/venta-casa-6-amb-con-pieta-devoto
578257,00562e98-e7fd-4ce7-8270-94c4c790bffe,sale,departamento_estandar,VENTA DEPTO 3 FULL AMBIENTES MONSERRAT,"DEPARTAMENTO 3 AMBIENTES EN VENTA EN MONSERRAT, CAPITAL FEDERAL

Descubrí el estilo de vida que te espera en este exclusivo departamento en el corazón de Monserrat. 

 Un moderno edificio de 13 pisos,  combina diseño de vanguardia y amenities de primer nivel.
Entrega en principios de 2026

LA UNIDAD:
El departamento 3 ambientes, cuenta con cocina semi-integrada al living comedor, lavadero independiente; balcon, 2 dormitorios y baño completo 

La unidad esta equipada con materiales de primera calidad, con pisos de porcelanato,  sanitarios y griferías de primera marca.

EL EDIFICIO:
Amenities del edificio: 
- Amplio salón de usos múltiples, 
- Piscina con solárium de madera
- Gimnasio
- Sector parrillero
- Laundry
- Sector de juegos para niños 

Disponibilidad de cocheras y bauleras cómodas en el edificio (no incluidas en el precio)

CERCANIAS A AV. ENTRE RIOS, AV. INDEPENDENCIA 
MUCHAS LINEAS DE COLECTIVOS Y SUBTE
CERCANIA A LA UADE (Universidad Argentina de la Empresa)

Este departamento es la oportunidad perfecta para quienes buscan un hogar moderno, funcional y con todos los beneficios de un edificio de categoría. ¡Visitalo y descubrí el estilo de vida que te espera!

NO DUDE EN CONSULTAR!!",,0.0,False,Electricidad | Agua | Gas | Internet | Desague Cloacal | Televisión por Cable | Alarma | Agua Corriente | Aire Acondicionado | Portón Automático | Gimnasio | Losa Radiante | Seguridad | Pileta | Caldera | Laundry | Ascensor | Salón de usos múltiples - SUM | Área de juegos infantiles | Recepción | Áreas Verdes | Dormitorio | Comedor | Vestidor | Baño | Cocina | Living | Lavadero | Placard | Parrilla | Disposición Lateral | Balcón | Orientación Suroeste | Cocina/Comedor | Solarium | Pileta Climatizada | Habitación de Servicio | Permite Mascotas | ComYAmenCalefacción | Living/Comedor | Apto Turístico,USD,115000.0,ARS,0.0,1854.84,1916.67,2,2,1,62.0,60.0,Estados Unidos 1700,Monserrat,"Monserrat, Capital Federal",-34.6191941,-58.3912453,active,181559-80,https://www.remax.com.ar/listings/venta-depto-3-full-ambientes-monserrat
636995,2300db0a-06ec-46c2-93fb-878b8aa17c1a,sale,casa,Casa 6 ambientes de categoria,"CASA EN VENTA 6 AMBIENTES VILLA PUEYRREDÓN CAPITAL FEDERAL

Propiedad de excelente estado ubicada en Villa Pueyrredón sobre la calle Campana, que combina amplitud, funcionalidad y confort en una distribución horizontal pensada para familias que valoran la calidad de vida. Construida en 2008, la casa se desarrolla en seis ambientes principales con cinco habitaciones, dos de ellas son master suite tres baños completos y dos toilettes, garantizando privacidad y comodidad para todos los residentes.

El acceso de cochera facilita el ingreso directo a las cuatro plazas de estacionamiento, un valor diferencial en la zona. El interior se organiza alrededor de espacios versátiles: living comedor de generosas dimensiones, estudio independiente ideal para trabajo remoto, cocina equipada, lavadero de servicio y vestidor. La circulación fluida conecta con áreas de esparcimiento que incluyen patio, terraza, balcón y quincho con parrilla, perfectos para disfrutar del aire libre y recibir.

La propiedad cuenta con amenities de primera categoría: aire acondicionado con losa radiante, pileta con hidromasaje, gimnasio privado, business center, salón de usos múltiples, área de juegos infantiles, laundry, ascensor y seguridad perimetral con portón automático. Estos servicios transforman la experiencia residencial en un estándar de lujo accesible.

La disposición frente y la orientación estratégica maximizan la entrada de luz natural. El estado general excelente de la construcción y sus instalaciones garantiza una inversión segura, tanto para residencia permanente como para inversores que buscan rentabilidad en una zona consolidada y de alto valor inmobiliario.",,18.0,False,"Aire Acondicionado | Portón Automático | Gimnasio | Losa Radiante | Hidromasaje | Seguridad | Pileta | Business Center | Laundry | Ascensor | Salón de usos múltiples - SUM | Área de juegos infantiles | Vestidor | Baño | Living | Patio | Terraza | Estudio | Lavadero | Playroom | Quincho | Parrilla | Acceso de cochera, Horizontal | Disposición Frente | Balcón | Pileta | Cocina/Comedor | Toilet | Habitación de Servicio | Living/Comedor",USD,1100000.0,ARS,0.0,1903.11,2007.3,6,4,3,578.0,548.0,Campana 4200,Villa Pueyrredón,"Villa Pueyrredón, Capital Federal",-34.5929461,-58.5042827,negotiation,420621196-20,https://www.remax.com.ar/listings/casa-6-ambientes-de-categoria
616939,5cd9ef78-b66c-4b87-8b4c-5e1d3832608e,sale,local,Venta LOCAL COMERCIAL 28 m2 Nueva Pompeya,"POLO TECNOLÓGICO!!    Impecable Local Comercial en Pompeya – 27,83 m² – A 2 cuadras de Av. Sáenz – Con Persiana y Baño
Posibilidad de hacer un ENTREPISO.

Descripción:

Excelente oportunidad comercial e inversión en una ubicación estratégica de Nueva Pompeya, a sólo dos cuadras de la Av. Sáenz. Zona de constante tránsito peatonal y vehicular con inmejorable conectividad y accesos.

Ideal para comercio de cercanía, oficina de atención al público, showroom, estudio profesional o punto de retiro/pick-up point.

Características Principales:
Superficie total por escritura: 27,83 m² (espacio muy bien distribuido y aprovechable).
Ambiente de 4,50 x 5,80 m aproximadamente (sin contabilizar el espacio del baño)

Frente: Excelente presencia sobre calle en zona comercial con persiana metálica de seguridad.

Sanitarios: 1 BAÑO.

No tiene gas

Estado: Listo para ingresar y adaptar a múltiples rubros.

Un local compacto, seguro, con bajos costos de mantenimiento y ubicado en una zona de altísima demanda comercial.

¡Consultanos para coordinar una visita!

MEDIOS de TRANSPORTE:
Colectivos:	6, 9, 15, 28, 31, 32, 42, 44, 46, 70, 75, 76, 85, 91, 115, 119, 128, 135, 150, 158, 160, 164, 177, 178, 179, 188, 193
Trenes:	Dr. Antonio Sáenz (Belgrano Sur)
",,46.0,False,Electricidad | Agua | Agua Corriente | Estacionamiento para visitas | Baño | Disposición Frente | Permite Mascotas | Agua Potable,USD,40000.0,ARS,0.0,1437.3,1437.3,0,0,1,27.83,27.83,Lynch 3800,Nueva Pompeya,"Nueva Pompeya, Capital Federal",-34.652975607702,-58.41425657185,active,421051005-251,https://www.remax.com.ar/listings/venta-local-comercial-28-m2-nueva-pompeya
636988,1e0afb61-9fcb-4134-8644-8cc05f4cb0de,sale,departamento_monoambiente,Departamento Monoambiente Venta Balvanera.,"DEPARTAMENTO MONOAMBIENTE CON ENTREPISO DE 42m2 TOTALES EN VENTA EN BALVANERA CAPITAL FEDERAL

Departamento ubicado en planta baja de edificio sólido y bien conservado en el corazón de Balvanera, sobre calle Adolfo Alsina. Construido en 1960, ofrece una distribución funcional y luminosa que maximiza cada espacio disponible.

El inmueble presenta un estar de 7 m x 3,92 m con amplia luminosidad y vista al jardín del edificio. 

Cocina integrada de 1,85 m x 2,26 m permite una circulación fluida y aprovechamiento del espacio. 

Dormitorio en entrepiso de 3,21 m x 3,31 m cuenta con placard espacioso para óptimo almacenamiento.

Baño completo de 1,65 m x 1,97 m con terminaciones funcionales completa la distribución interior. La propiedad mantiene características originales en excelente estado de conservación.

Ubicación estratégica con múltiples medios de transporte cercanos. 

Acceso directo a colectivos de las líneas 2, 5, 7, 8, 19, 31, 32, 41, 56, 57, 61, 62, 64, 68, 71, 75, 84, 86, 88, 90, 95, 96, 98, 101, 103, 104, 105, 115, 118, 129, 132, 151, 164, 168, 188 y 194. Conexión con estaciones de subte Alberti, Pasco, Plaza de Miserere y Venezuela.

Ideal para inversores o primeros compradores que buscan una propiedad funcional en zona céntrica de Buenos Aires.

NO DEJES DE CONSULTARNOS",,66.0,True,,USD,59900.0,ARS,80000.0,1426.19,1426.19,1,0,1,42.0,42.0,Adolfo Alsina 2500,Balvanera,"Balvanera, Capital Federal",-34.6120075,-58.4020838,active,61133-228,https://www.remax.com.ar/listings/departamento-monoambiente-venta-balvanera
602190,f9ae8ad0-0b92-466a-9c61-7141bf6b4004,sale,departamento_estandar,2 amb. REFACCIONADO A NUEVO - OP. AMOBLADO,"2 AMBIENTES TOTALMENTE REFACCIONADO A NUEVO | COCINA INDEPENDIENTE | LAVADERO | OPCIONAL AMOBLADO | EXCELENTE UBICACIÓN

Si buscás una propiedad lista para mudarte, con una renovación de excelente calidad y un diseño moderno, este departamento es una oportunidad que combina confort, funcionalidad y una ubicación estratégica.

Características destacadas:

-Departamento de 2 ambientes totalmente refaccionado a nuevo.
-Terminaciones de primer nivel.
-Cocina independiente.
-Lavadero independiente.
-Baño completo de diseño moderno.
-Instalación completamente eléctrica.
-Se vende **opcional amoblado** (tal como se observa en las fotografías).
-Excelente distribución y óptimo aprovechamiento de los espacios.
-Ideal para primera vivienda o inversión.

Al ingresar nos recibe un cómodo living-comedor, un ambiente cálido y funcional que ofrece múltiples posibilidades de distribución para generar un espacio de estar confortable y moderno.

La cocina, completamente independiente, fue diseñada priorizando la practicidad y el confort cotidiano. Sus muebles de excelente calidad, las terminaciones contemporáneas y su excelente estado permiten disfrutar de un ambiente cómodo y funcional.

A continuación encontramos un lavadero independiente, un diferencial muy valorado que brinda mayor comodidad y organización para el uso diario.

El dormitorio cuenta con excelentes dimensiones, ofreciendo un ambiente tranquilo y confortable para el descanso.

El baño completo fue íntegramente renovado con materiales de calidad, griferías modernas y un diseño elegante que acompaña la estética de toda la propiedad.

Cada rincón del departamento fue pensado con atención al detalle. La remodelación integral incorpora materiales actuales, terminaciones de categoría y una estética moderna que permite mudarse sin necesidad de realizar ninguna mejora.

Además, existe la posibilidad de adquirir la unidad **amoblada**, una excelente alternativa para quienes buscan ingresar de manera inmediata o realizar una inversión destinada a renta tradicional o temporaria.

Ubicación privilegiada

Ubicado sobre **Carabobo al 80**, en una de las zonas con mayor conectividad de la Ciudad de Buenos Aires, el departamento permite acceder rápidamente a múltiples puntos de la ciudad.

A pocos metros de **Av. Rivadavia**, con cercanía a **Av. Juan Bautista Alberdi**, **Av. Directorio** y **Av. Pedro Goyena**, una de las áreas gastronómicas y comerciales más destacadas de la zona.

Excelente conectividad

* Subte **Línea A** (Estación Carabobo).
* Numerosas líneas de colectivo: **1, 2, 5, 8, 25, 26, 42, 49, 53, 55, 56, 76, 85, 86, 88, 96, 97, 103, 104, 132, 136, 141, 163, 180**, entre otras.
* Rápido acceso hacia el centro porteño y los principales corredores de la ciudad.

La ubicación ofrece una amplia oferta de comercios, supermercados, cafeterías, bancos, centros de salud, espacios verdes y todos los servicios necesarios para disfrutar de una excelente calidad de vida.

Una propiedad ideal para quienes priorizan una reforma de categoría, una excelente ubicación y la comodidad de mudarse sin realizar ningún tipo de inversión adicional.

¡¡¡¡¡¡Contactame para coordinar una visita y conocer personalmente esta oportunidad!!!!!!!

Marina Errecalde
Agente Inmobiliario | RE/MAX Harmony
",,53.0,True,Electricidad | Agua | Internet | Aire Acondicionado | Ascensor | Dormitorio | Baño | Cocina | Lavadero | Placard | Disposición Interno | Amoblado | Permite Mascotas | Living/Comedor,USD,85000.0,ARS,135000.0,2340.95,2436.23,2,1,1,36.31,34.89,Avenida Carabobo 0,Caballito,"Caballito, Capital Federal",-34.6279089,-58.4563048,active,422291011-17,https://www.remax.com.ar/listings/2-amb-refaccionado-a-nuevo-op-amoblado
604249,c3b9049d-cdd0-487b-be9a-9b493d602b0a,sale,ph,PH 3 amb. en venta en Caball. Norte c/terraza,"Venta de PH a estrenar en duplex muy luminoso con patio y terraza independiente. Ubicado en la mejor zona de Caballito Norte.

Planta Baja : Se ingresa al living comedor con cocina incorporada, tiene ventanal con vista  al patio aportando luz y ventilación natural.
La cocina tiene artefacto de cocina  y calefón a gas . Alacenas y bajo mesada.
Toilette
Lugar y conexión para lavarropas

Planta alta se accede por escalera caracol: 

Dormitorio principal con placard de piso a techo
2* Dormitorio con mueble multifunción, (lugar de guardado y cama)
Baño completo.
Terraza

NO ES APTO CREDITO

La propiedad se encuentra actualmente desarrollada como un PH de tres ambientes. La superficie indicada corresponde al estado actual del inmueble y es aproximada. La escritura y demás documentación reflejan una superficie menor, correspondiente al estado original de la unidad.  
Metros por escritura UF 24,56 m2 y  U.C.II 41,02 m2

MEDIDAS APROXIMADAS
4,60 x 3 cocina/comedor 
2 x 1,70 dormitorio 
(2 x 2,60 )sin mueblé
2,50 x 3,70 dormitorio 
Baño 1,93 x 1,40
Toilette 2 x 1 

Excelente ubicación! 1 cuadra de Neuquén,  2 cuadra de Plaza Irlanda , 2 de Av Gaona. 
Lineas de colectivos : 106, 76, 181, 84, 92 -
Supermercados Coto, Carrefour, Dia, comercios de cercania.
Colegios : Santa Brigida, Instituto Monseñor Dillon, Instituto Orsino, Jardín Maternal "" Habia una vez "". San Pedro Nolasco.

Listo para mudarte!! LLamanos y agendamos una visita!


",,56.0,False,Dormitorio | Baño | Terraza | Cocina/Comedor | Toilet,USD,120000.0,ARS,0.0,1791.04,2181.82,3,2,1,67.0,55.0,General Lorenzo Vintter 800,Caballito,"Caballito, Capital Federal",-34.6147518,-58.4545417,active,421001043-66,https://www.remax.com.ar/listings/ph-3-amb-en-venta-en-caball-norte-c-terraza
480923,e9704cc1-1920-490e-8906-2b86d492a1bb,sale,departamento_estandar,2 AMBIENTES CON BALCON-SAAVEDRA,"DEPARTAMENTO 2 AMBIENTES EN VENTA SAAVEDRA CAPITAL FEDERAL - APTO CRÉDITO

Excelente departamento de dos ambientes ubicado en Saavedra, sobre la calle Ruiz Huidobro, en edificio de tres pisos con diecisiete unidades. Propiedad en estado muy bueno, construida en el año 2000, con orientación noreste que garantiza excelente iluminación natural durante todo el día.

La unidad se distribuye en cuarenta y tres metros cuadrados de superficie total, con cuarenta metros cuadrados cubiertos y tres metros cuadrados de balcón descubierto. Cuenta con dormitorio luminoso equipado con amplios placares y excelente ventilación, baño completo con bañera, living comedor con aire acondicionado y tiro balanceado, y cocina funcional con alacenas y calefón que dispone de óptima ventilación natural.

El amplio balcón conecta directamente con el living a través de puertas ventanas con persianas, brindando un espacio adicional ideal para disfrutar del ambiente. La ubicación privilegiada se encuentra a pocas cuadras del DOT y a metros de los reconocidos parques Saavedra y Sarmiento, con rápido acceso a Avenida General Paz y acceso Norte. Diversas opciones de transporte público disponibles en la zona, incluyendo líneas 71, 76, 110 y 130.

Expensas mensuales de ciento cuarenta y cinco mil pesos. La propiedad se encuentra con renta opcional disponible.

Ubicación estratégica en Comuna 12, Distrito Escolar X, código postal 1430. Zona de servicios completos con proximidad al Hospital Dr. Pirovano y comisarías comunal y vecinal 12 y 12A respectivamente.

Clasificada como apto crédito. Posibilidad de calificar a préstamo en solo siete días. Si requiere financiamiento de hasta el treinta por ciento del valor de la propiedad, contamos con servicio exclusivo a través de Lendar para realizar la simulación de cuota en su plataforma web.

Las superficies, medidas y expensas citadas son aproximadas al solo efecto informativo y no resultan vinculantes. Las medidas reales serán las que surjan del título de propiedad, a ser suministrado por el propietario.",,26.0,True,Electricidad | Agua | Gas | Internet | Agua Corriente | Aire Acondicionado | Ascensor | Dormitorio | Baño | Living | Terraza | Placard | Disposición Frente | Balcón | Orientación Noreste | Living/Comedor,USD,85000.0,ARS,146500.0,1981.35,2145.92,2,1,1,42.9,39.61,Ruiz Huidobro 3600,Saavedra,"Saavedra, Capital Federal",-34.549992012222,-58.484692825991,active,421681009-57,https://www.remax.com.ar/listings/2-ambientes-con-balcon-saavedra
607736,e51a04c8-c467-4009-8f04-81002f6e6c43,sale,departamento_estandar,VENTA DEPARTAMENTO 3 AMBIENTES C/ DEP RECOLETA,"Venta | Departamento de 3 ambientes con dependencia de servicio en Recoleta

Excelente departamento ubicado sobre la calle Sánchez de Bustamante al 2200, entre Peña y French, a pasos del Parque Las Heras y de la Av. Santa Fe. Una ubicación privilegiada, en una de las zonas más buscadas del barrio de Recoleta, con una amplia oferta gastronómica, comercial y excelentes conexiones de transporte.

La unidad se encuentra en un primer piso al frente.

Al ingresar, un amplio hall de recepción distribuye los distintos ambientes de la propiedad. Hacia la derecha se accede al luminoso living-comedor, con ventana al frente y cálidos pisos de madera.

La cocina es independiente y cuenta con excelente capacidad de guardado gracias a sus muebles bajo mesada y alacenas, además de cocina a gas. Desde allí se accede a la dependencia de servicio, que también puede utilizarse como comedor diario o espacio de trabajo, y al lavadero independiente.

El departamento dispone de dos amplios y cómodos dormitorios. El principal ventila hacia el frente y posee placard empotrado, mientras que el segundo tiene vista al pulmón del edificio, lo que le brinda tranquilidad y buena ventilación.

Completa la propiedad un baño completo con bañera.

Características del edificio:

Edificio con ascensor.
5 pisos.
13 departamentos en total.
Servicio de limpieza.
Expensas (junio 2026): aproximadamente $298.000.

Una propiedad con excelente distribución, ambientes amplios y una ubicación inmejorable, ideal tanto para vivienda como para inversión.

¡No dejes de visitarla! Contactanos para coordinar una visita.",,66.0,False,Electricidad | Agua | Gas | Agua Corriente | Dormitorio | Baño | Cocina | Living | Placard | Disposición Frente | Cocina/Comedor | Habitación de Servicio | Living/Comedor,USD,149000.0,ARS,298000.0,2257.58,2257.58,3,2,1,66.0,66.0,Sánchez de Bustamante 2200,Recoleta,"Recoleta, Capital Federal",-34.5863856,-58.4048145,active,420251156-565,https://www.remax.com.ar/listings/venta-departamento-3-ambientes-c-dep-recoleta-1
655693,b4f79f3c-d38e-438c-98b9-54ca661caec7,sale,departamento_estandar,Departamento en Venta 2 ambientes en Villa Crespo,"¡Tu nuevo hogar te espera en Villa Crespo! 

Exclusivo 2 ambientes súper luminoso con amenities de categoría


Ubicado en la estratégica esquina de Lerma y Av. Estado de Israel, este departamento de 43 m² totales (construido en 2010) combina confort, luz natural y una ubicación privilegiada con conectividad excelente a toda la Ciudad de Buenos Aires.

Características principales de la unidad:

Ambientes hiper luminosos: Orientación Oeste y un ventanal de piso a techo en el living que integra el interior con el balcón, garantizando luz natural durante todo el tarde.

Climatización y confort: Losa radiante centralizada, agua caliente por caldera central y 2 equipos de aire acondicionado frío/calor instalados.

Cocina independiente: Espaciosa, con excelente ventilación y espacio dedicado para lavarropas.

Dormitorio: Cómodo y con placard completo de piso a techo para maximizar el guardado.

Almacenamiento: Cuenta con baulera propia en subsuelo de 0.94 metros cuadrados.

Cochera: Opción de alquilar cochera dentro del mismo edificio.

Servicios: Dispone de agua, electricidad y gas. 



Amenities y servicios del edificio:


Seguridad 24 h

Pileta de 7 metros de largo con amplio solárium.

Jardín parquizado.

2 Parrillas de uso común.

Salón de Usos Múltiples (SUM) equipado con baño. 

Gimnasio con baño.



Ubicación y conectividad:

A pasos de Palermo y Almagro, con una oferta gastronómica, comercial y cultural imbatible.

Subte: Cercanía a la Línea B (Estaciones Malabia - Osvaldo Pugliese y Ángel Gallardo).

Colectivos: Múltiples líneas a metros (19, 24, 36, 71, 90, 92, 99, 106, 109, 124, 127, 141, 168, entre otras).

Avenidas principales: Conexión inmediata con Av. Corrientes, Av. Córdoba y Av. Scalabrini Ortiz.


Apto crédito (según entidad bancaria)

Sujeto a Reubicación

Expensas Ordinarias ( Agosto 2026)  Ars 307.497


¡Ideal para primera vivienda o inversión rentable! Coordiná tu visita hoy mismo con nosotros!",,16.0,True,"Electricidad | Agua | Gas | Desague Cloacal | Agua Corriente | Aire Acondicionado | Gimnasio | Losa Radiante | Seguridad | Pileta | Caldera | Ascensor | Salón de usos múltiples - SUM | Recepción | Dormitorio | Baño | Cocina | Living | Placard | Parrilla | Orientación Oeste | Acceso de cochera, Ascensor | Disposición Lateral | Balcón | Sótano | Baulera | Permite Mascotas | ComYAmenCalefacción | Living/Comedor | Agua Potable",USD,149000.0,ARS,310000.0,3439.52,3746.54,2,1,1,43.32,39.77,Lerma 0,Villa Crespo,"Villa Crespo, Capital Federal",-34.5978002,-58.4287277,active,421101148-54,https://www.remax.com.ar/listings/departamento-en-venta-2-ambientes-en-villa-crespo
653456,683d97ae-7d49-4a2b-9051-ffd1e3cf3546,sale,departamento_estandar,VENTA DEPTO 3 AMB ALTO PALERMO CON COCHERA,"DEPARTAMENTO 3 AMBIENTES EN VENTA BARRIO NORTE AVENIDA CORONEL DÍAZ

A metros de Alto Palermo Shopping, en una de las zonas más codiciadas de Palermo, se encuentra este departamento de 2 ambientes que combina la amplitud característica de los inmuebles clásicos con una ubicación estratégica inmejorable. Ubicado en el piso 6 de un edificio de época bien conservado, la propiedad ofrece 107 m² de superficie total, distribuidos en espacios generosos y luminosos que invitan a vivir con comodidad.

El acceso se realiza a través de un hall privado que introduce a los ambientes principales. El living comedor es amplio y se abre hacia un balcón aterrazado orientado al oeste, un espacio exterior ideal para disfrutar de la vida en la ciudad. Las aberturas cuentan con persianas motorizadas que brindan practicidad y control de la luz natural que inunda toda la propiedad.

Complementando los espacios de uso común, existe una sala de estar versátil que permite crear un rincón adicional para relax, lectura o trabajo. La cocina comedor es funcional y cómoda, pensada para la vida cotidiana, mientras que el dormitorio cuenta con placard empotrado que garantiza excelente capacidad de guardado.

La propiedad dispone de 2 baños completos y 1 toilette, además de una entrada de servicio independiente y una habitación de servicio. Incluye calefacción central del edificio y acceso a cochera, facilitando la vida urbana sin renuncias.

Construida en 1967, la propiedad mantiene un estado muy bueno con posibilidades de refacción según preferencias personales. Su orientación oeste y ubicación al frente garantizan excelente iluminación durante gran parte del día.

Situado en Barrio Norte, sobre Avenida Coronel Díaz, el departamento goza de conectividad excepcional, proximidad a comercios, gastronomía, transporte público y todos los servicios. Una oportunidad para habitar en el corazón de Palermo con la amplitud y distribución que caracterizan a los departamentos de época.",,59.0,False,"Electricidad | Agua | Gas | Agua Corriente | Dormitorio | Comedor | Baño | Living | Lavadero | Placard | Orientación Oeste | Acceso de cochera, Ascensor | Balcón | Cocina/Comedor | Toilet | Habitación de Servicio | ComYAmenCalefacción | Living/Comedor",USD,247000.0,ARS,705000.0,2308.41,2546.39,2,1,2,107.0,97.0,Avenida Coronel Díaz 1800,Barrio Norte,"Barrio Norte, Capital Federal",-34.5901467,-58.410828,active,422371019-24,https://www.remax.com.ar/listings/venta-depto-3-amb-alto-palermo-con-cochera
616077,f2077c80-a10f-4077-912c-68999f8b847e,sale,departamento_estandar,VENTA DEPTO 2 AMB A ESTRENAR EN NUÑEZ AMENITIES,"OPORTUNIDAD DEPARTAMENTO 2 AMBIENTES EN VENTA EN NUÑEZ

Un refugio urbano donde el diseño y la funcionalidad se fusionan en un espacio de 52 m² moderno y de excelente calidad. 

UBICACIÓN ESTRATÉGICA

• Emplazado sobre calle Deheza en Nuñez, un barrio residencial de Capital Federal
• Edificio de 12 pisos con excelente orientación y distribución arquitectónica
• Piso 3 con vista despejada y luminosidad natural

DISTRIBUCIÓN INTELIGENTE

• Departamento de 2 ambientes con diseño contemporáneo
• Superficie total de 52 m² (44 m² cubiertos y 8 m² semicubiertos)
• Disposición de contrafrente que garantiza privacidad y confort

CARACTERÍSTICAS PREMIUM

• Dormitorio con placard
• Cocina integrada al living/comedor
• Balcón funcional
• Baño completo
• Acceso de cochera con rampa fija

AMENITIES DE PRIMER NIVEL

• Gimnasio equipado
• Pileta
• Solarium
• Salón de usos múltiples
• Áreas verdes
• Seguridad las 24 horas
• Portón automático

DETALLES TÉCNICOS

• Construcción a estrenar (año 2025)
• Apto profesional
• Servicios completos: electricidad, agua, gas, desagüe cloacal
• Aire acondicionado
• Caldera individual

Una inversión inteligente que combina confort, diseño y funcionalidad en uno de los barrios más dinámicos de Buenos Aires.",,1.0,False,"Electricidad | Agua | Gas | Desague Cloacal | Aire Acondicionado | Portón Automático | Gimnasio | Seguridad | Pileta | Caldera | Salón de usos múltiples - SUM | Áreas Verdes | Dormitorio | Baño | Cocina | Placard | Acceso de cochera, Rampa fija | Disposición Contrafrente | Balcón | Solarium | Living/Comedor",USD,192000.0,ARS,0.0,3692.31,4363.64,2,1,1,52.0,44.0,Deheza 2300,Nuñez,"Nuñez, Capital Federal",-34.5409002,-58.4725816,active,421381155-323,https://www.remax.com.ar/listings/venta-depto-2-amb-a-estrenar-en-nunez-amenities
538407,1e05edb6-bcb0-4797-b4a0-1ac96023eebc,sale,departamento_estandar,VENTA DOS AMBIENTES SAAVEDRA,"EN VENTA AMPLIO DEPARTAMENTO DOS AMBIENTES A ESTRENAR EN SAAVEDRA
Excelente ubicación a metros de Av. General Paz, rápidos accesos a Zona Norte, barrio tranquilo con cercanía a grandes centros comerciales Shopping DOT, Av Cabildo, Parque Saavedra.
Edificio moderno de buen gusto , tiene dos cuerpos. Esta unidad funcional se encuentra en el Primer piso del segundo cuerpo al contrafrente.
Departamento con balcón.
Cocina con muebles bajo mesada y alacenas con mucho lugar de guardado. Conexión para lavarropas o lavavajillas
Dormitorio con placard. De amplias medidas.
Hay opcion de cochera a la venta en el edificio PRECIO APARTE NO INCLUIDO EN ESTA PUBLICACION


En el ultimo piso tiene un espectacular Sum con parrilla, vistas abiertas y balcón aterrazado. Sala de reuniones o trabajo. Laundry en subsuelo.
Dos cuerpos de 6 pisos y doble frente, separados por un vació de 9 x 17 metros. Planta baja libre, de acceso peatonal y cocheras. Núcleos de circulación independientes para las 20 unidades de cada bloque. 38 departamentos de dos ambientes y dos penthouses con terraza de 3 ambientes.

Las medidas y superficies aportadas en esta publicación son aproximadas, las medidas exactas surgirán de los respectivos planos y/o escritura del inmueble. El importe de expensas e impuestos es a título orientativo ya que, al igual que las imágenes, renders y memorias descriptivas, pudieron haber sufrido alguna modificación a la hora de la visualización del presente aviso, debiendo realizar las verificaciones respectivas en forma previa a la realización de cualquier operación",,4.0,True,Portón Automático | Losa Radiante | Seguridad | Laundry | Ascensor | Recepción | Dormitorio | Comedor | Baño | Cocina | Living | Lavadero | Lobby | Sala de reuniones | Parrilla | Disposición Contrafrente | Balcón | Cocina/Comedor | Solarium | ComYAmenCalefacción | Living/Comedor,USD,139000.0,ARS,180000.0,2673.08,2895.83,2,1,1,52.0,48.0,Pinto 4700,Saavedra,"Saavedra, Capital Federal",-34.5436444,-58.4818062,active,420491206-35,https://www.remax.com.ar/listings/venta-dos-ambientes-saavedra
592956,fb0df5a7-5fd9-47c3-90c2-a78cda476fff,sale,departamento_semipiso,Venta Dpto. 4 amb. Balcón/Bau. Apto Cred. Recoleta,"Venta Dpto. 4 amb. con Balcón /Baulera en Recoleta. APTO CRÉDITO!

Oportunidad Única: Departamento 4 Ambientes con Balcón y Vista Abierta en Recoleta.

Ubicación Premium: Excelente departamento en el corazón de Recoleta, en una zona privilegiada y con todos los servicios a su alcance.

Tipo de Unidad: 4 ambientes con dependencia de servicio (actualmente escritorio) y balcón corrido.

Disposición: Contrafrente.

Luz y Vista: Destacada por su vista abierta y gran luminosidad natural en todos sus ambientes.

Distribución y Características:
Ambientes: 4

Dormitorios: 3 cómodos dormitorios.

Living Comedor: Amplio y luminoso, con salida directa al balcón.

Balcón: Corrido, accesible desde el living hasta el dormitorio principal.

Cocina: Completa, con muebles de alacena y bajo mesada de calidad, y un funcional comedor diario.

Baños: 1 Baño completo y 1 Toilette de recepción.

Dependencia: Espacio de servicio con su propio baño, actualmente acondicionado y utilizado como escritorio (ideal para home office).

Pisos: Impecables pisos de parquet en excelente estado de conservación.

Comodidades y Servicios del Edificio:
Servicios Centrales: Calefacción y agua caliente central.

Seguridad: Vigilancia 24 hs. para su tranquilidad.

Incluye Baulera privada.

¡No pierda la oportunidad de vivir en una de las zonas más elegantes de Buenos Aires, en un departamento con gran potencial y luminosidad!

Consulte para coordinar su visita.",,55.0,True,Electricidad | Agua | Gas | Agua Corriente | Losa Radiante | Seguridad | Caldera | Ascensor | Recepción | Dormitorio | Baño | Cocina | Lavadero | Orientación Este | Disposición Contrafrente | Balcón | Cocina/Comedor | Toilet | Habitación de Servicio | Baulera | ComYAmenCalefacción | Living/Comedor,USD,270000.0,ARS,0.0,2576.83,2795.32,4,3,2,104.78,96.59,Vicente López 1700,Recoleta,"Recoleta, Capital Federal",-34.59136,-58.390247,active,421101006-404,https://www.remax.com.ar/listings/venta-dpto-4-amb-balcon-bau-apto-cred-recoleta
39225,ba1960a2-4154-45b6-86a1-4b749ce1e180,sale,departamento_estandar,Departamento monoambiente a estr. full amenities,"Excelente edificio en construccion entrega PROGRAMADA MAYO 2025. Piso  al c/ frente en el OCTAVO UF 805, con  34,5m2. 
NO INCLUYE PRECIO PUBLICADO (cochera) Valor cochera U$40.000 fija en 1 SSEs. 
Es un edificio de categoría en construccion, emplazado sobre un lote de 32 metros de frente en el corazón de Belgrano R con buen diseñado. Proyecto del Estudio Aisenson, cuenta con amplias unidades de 1, 2, 3 ambientes y 3 ambientes + dependencia.  
Departamento de 1 ambiente contrafrente. Living comedor con cocina integrada y baño. El edificio cuenta con:
Seguridad 24 hs.
Pileta climatizada
Solarium
Sauna
Sala de masajes
Gimnasio
Salón de usos múltiples
Parrillero
Laundry
Vestuario para personal
Grupo electrógeno
Bicicletero
WiFi en áreas comunes
Cocheras fijas OPCIONAL

Todas las imágenes, planos, descripciones, y características indicadas son meramente referenciales e ilustrativas y podrán ser modificadas sin previo aviso. Las superficies indicadas son estimadas. Las superficies y medidas definitivas surgirán del plano de mensura final aprobado oportunamente por el GCBA. Las fechas de posesión son estimadas, podrán ser reprogramadas por la Dirección de obra y dependerán a su vez de un proceso de aprobaciones municipales u otros organismos intervinientes. Los precios indicados podrán modificarse sin previo aviso. El interesado deberá realizar las verificaciones respectivas previamente a la realización de cualquier operación, requiriendo por sí o sus profesionales las copias necesarias de la documentación que corresponda.

Esta publicación contiene imágenas generadas con IA
",,1.0,False,Dormitorio | Baño | Cocina | Living | Balcón,USD,132000.0,ARS,150000.0,3882.35,3882.35,1,1,1,34.0,34.0,La Pampa 2900,Belgrano,"Belgrano, Capital Federal",-34.5678111,-58.4595602,active,420281155-1148,https://www.remax.com.ar/listings/departamento-monoambiente-a-estr-full-amenities
487156,6d6a2e01-3bdc-4cfe-ae72-f257e1598bce,sale,departamento_estandar,Departamento 2 amb Retiro - OPORTUNIDAD INVERSOR,"Venta – Hermoso departamento 2 ambientes reciclado a nuevo con renta vigente (Suipacha al 900, entre Córdoba y Carlos Pellegrini).

Excelente oportunidad en pleno centro porteño.
A pasos de Av. Córdoba y Av. 9 de Julio, rodeado de universidades, comercios, medios de transporte y puntos turísticos.
Ubicación ideal para inversores: actualmente la propiedad se encuentra alquilada con contrato vigente hasta febrero de 2027, garantizando renta inmediata y segura.

El departamento está ubicado en un 2° piso al contrafrente y cuenta con una distribución funcional.

Amplio living comedor con salida balcón actualmente hecho lavadero.

Cocina independiente completa.

Habitación espaciosa con placard empotrado en pasillo, optimizando el espacio.

Baño completo con bañera.

Lavadero y balcón integrados, con acceso tanto desde el living como desde la cocina.

Propiedad reciclada a nuevo, manteniendo detalles originales de baño y cocina, con terminaciones modernas y confortables.
Cuenta con totem de seguridad Prosegur e ingreso con cerradura electrónica.

Estado general: muy bueno.
Una propiedad pensada para vivir con confort o para generar una renta sólida y sostenida desde el primer día.

Las medidas exactas surgirán del título de propiedad.

Posibilidad de financiación a través de Lendar – solicitá hasta el 35% del valor del inmueble y simulá tu cuota fácilmente.

Coordiná tu visita y asegurá tu inversión en una de las zonas más buscadas de Buenos Aires.",,46.0,False,Dormitorio | Cocina | Lavadero | Living/Comedor,USD,71900.0,ARS,74500.0,1634.09,1634.09,2,1,1,44.0,44.0,Suipacha 900,Retiro,"Retiro, Capital Federal",-34.5973581,-58.3798567,active,420261122-175,https://www.remax.com.ar/listings/departamento-2-amb-retiro-oportunidad-inversor
636043,9c60b78b-af27-4304-88ff-df239f34c6ed,sale,departamento_estandar,DEPARTAMENTO EN VENTA 3 AMBIENTES BALVANERA,"DEPARTAMENTO 3 AMBIENTES EN VENTA

ORIENTACIÓN SUDOESTE
PISO 8 
------------------OPCIÓN DE FINANCIACIÓN EN HASTA 84 CUOTAS------------------------


DETALLES QUE MARCAN LA DIFERENCIA

• Placard integrado en los dormitorios para optimizar el almacenamiento
• Parrilla en el balcón, invitando a disfrutar de encuentros al aire libre
• Cocina funcional conectada con los espacios de convivencia
• Acceso directo a cochera con rampa móvil para mayor practicidad
• Disposición contrafrente que asegura ventilación cruzada y luminosidad

AMENITIES Y SERVICIOS COMPLETOS

El edificio pone a disposición un conjunto de amenities pensados para potenciar la calidad de vida. Ascensor de acceso directo, salón de usos múltiples ideal para reuniones, áreas verdes que respiran tranquilidad y solarium para disfrutar de momentos de descanso. Portón automático y laundry completan la propuesta de comodidad moderna.

Todos los servicios esenciales están disponibles: electricidad, agua, gas, internet, teléfono, desagüe cloacal, televisión por cable y satelital, asegurando conectividad sin interrupciones.

UBICACIÓN ESTRATÉGICA

Sobre Avenida Jujuy, en una zona con acceso inmediato a comercios, transporte público y servicios. Balvanera ofrece la energía de la ciudad sin renunciar a la tranquilidad de un barrio consolidado.

Una inversión en presente y futuro, lista para habitar desde el primer día.",,0.0,False,Electricidad | Agua | Gas | Internet | Teléfono | Desague Cloacal | Televisión por Cable | Televisión Satelital | Agua Corriente | Portón Automático | Laundry | Ascensor | Salón de usos múltiples - SUM | Áreas Verdes | Dormitorio | Comedor | Baño | Cocina | Living | Sala de reuniones | Placard | Parrilla | Orientación Oeste | Disposición Contrafrente | Balcón | Toilet | Solarium | Permite Mascotas | ComYAmenCalefacción | Living/Comedor,USD,149900.0,ARS,0.0,2254.14,2549.32,3,2,2,66.5,58.8,Avenida Jujuy 500,Balvanera,"Balvanera, Capital Federal",-34.616558,-58.4047832,active,420711221-206,https://www.remax.com.ar/listings/departamento-en-venta-3-ambientes-balvanera
633657,9203cbc8-d45e-43b7-a679-2648feb912dc,sale,departamento_monoambiente,Venta Villa Pueyrredon Monoambiente con balcon,"Monoambiente en construcción en Av. Constituyentes 5978, Villa Pueyrredón.

Entrega estimada: marzo de 2027.

Unidad al contrafrente con orientación Oeste.

Superficie total: 35,65 m²
Superficie cubierta: 31,90 m²
Balcón: 3,75 m²

El proyecto se desarrolla en planta baja y 9 pisos y contará con un total de 33 departamentos: 15 monoambientes, 17 unidades de 2 ambientes y 1 unidad de 3 ambientes. Todos los departamentos poseen balcón.

Desarrollador con amplia experiencia y trayectoria, con múltiples proyectos realizados en la zona.

La unidad es totalmente eléctrica y fue proyectada buscando funcionalidad y un buen aprovechamiento del espacio.

El ambiente integra los sectores de estar, comedor y cocina, con piso de porcelanato y salida al balcón.

La cocina se entrega equipada con muebles bajo mesada y alacenas, mesada de granito Negro Boreal y mesada divisoria también realizada en granito Negro Boreal.

Incluye cocina eléctrica marca Kanji, bacha negra Häusar con dispenser para jabón líquido y secaplatos, y grifería Häusar.

El baño es completo, con bañera, sanitarios Häusar, bidet, grifería Häusar y espejo cuadrado táctil con iluminación LED.

El balcón está realizado en hormigón armado revestido con base coat, piso de porcelanato y baranda de hierro negra.

La unidad cuenta con portero eléctrico con visor.

Características constructivas del edificio:

Estructura de hormigón armado.
Aberturas Potenza con marco de chapa calibre 16 y hojas de aluminio negro anodizado.
Puerta de ingreso Potenza FR30 antillama, bajo norma IRAM vigente, realizada en chapa calibre 16, con interior de material ignífugo y terminación pintada en color negro.
Puertas interiores Potenza de 80 cm de ancho, enchapadas en cedro.
Pisos de porcelanato en cocina, comedor y ambiente.
Paredes medianeras de ladrillo hueco revocadas con Premecol 3 en 1 y terminación de yeso proyectable.
Paredes interiores de ladrillo hueco portante con revestimiento de yeso proyectado.
Cielorrasos terminados en yeso proyectado.
Fachadas del edificio con revestimiento texturado azul marino con mica de granulometría gruesa.
Ascensor Magnus íntegramente revestido en acero inoxidable.
Escaleras con piso terminado en pintura epoxi y paredes pintadas con látex en color claro.
Paliers con pisos de porcelanato y paredes pintadas con látex en color claro.
Balcones de hormigón armado revestidos con base coat, piso de porcelanato y baranda de hierro negra.
Bicicletero.
Portero eléctrico con visor.

Una excelente alternativa tanto para vivienda como para inversión, en un edificio en construcción sobre Av. Constituyentes, Villa Pueyrredón.


Acepta financiación.
Consultanos por otras unidades disponibles en distintos pisos al frente y  contrafrente",,0.0,False,,USD,79900.0,ARS,0.0,2241.23,2504.7,1,0,1,35.65,31.9,Avenida de los Constituyentes 5900,Villa Pueyrredón,"Villa Pueyrredón, Capital Federal",-34.5724137,-58.5051684,active,421061075-104,https://www.remax.com.ar/listings/venta-villa-pueyrredon-monoambiente-con-balcon
549355,c595d494-9a62-47f8-9dda-0e79fb05372c,sale,departamento_loft,VENTA MONSERRAT DEPARTAMENTO LOFT OFICINA 7 AMB,"VENTA | Departamento tipo casa con ascensor propio, terrazas y múltiples espacios – Local de negocio/oficinas con vivienda anexa - UF 2 – Alsina 1774/76, CABA 

- R E C O M E N D A M O S   LE E R   T O D A   L A   D E S C R I P C I Ó N - 

- VER TAMBIEN EL VIDEO


SOBRE EL DEPARTAMENTO

•	Unidad funcional n.º 2 distribuida en planta baja, primer y segundo piso, con terraza común de uso exclusivo
•	Superficie total: 416,30 m² según escritura y reglamento de copropiedad
•	Acceso al fondo del edificio a través de pasillo común; entrada privada
•	Ascensor propio dentro de la unidad, con paradas en primer y segundo piso y posible parada en entrepiso. Certificado y con llaves por nivel que permite ingresos independientes y seguros
•	Escalera interna con acceso independiente y de evacuación
•	Sistema de cámaras en toda la unidad
•	No requiere reubicación
•	APTO CRÉDITO 

DETALLES ADICIONALES DE INSTALACIONES Y SERVICIOS

•	Las instalaciones de cañerías, electricidad y gas fueron renovadas a nuevo hace aproximadamente 8 años, brindando mayor seguridad y eficiencia
•	Cuenta con un único medidor de gas que abastece a los tres departamentos: el monoambiente del entrepiso y los lofts del 1.º y 2.º piso
•	La planta baja no posee conexión de gas, pero está preparada para realizar la instalación en caso de requerirse
•	Servicio de electricidad con medidor general (una sola boleta), subdividido en cuatro medidores internos que permiten diferenciar el consumo de cada espacio de manera organizada
•	El suministro de agua es general, con consumo fijo para toda la unidad funcional y abastecido por un único tanque de agua
•	Portero eléctrico funcional para planta baja, primer y segundo piso, con posibilidad de agregar uno en el monoambiente, ya que desde la calle se accede mediante cuatro timbres independientes
•	Consultar por mobiliario y equipamiento presente en los distintos pisos, que podría incluirse en la negociación o estar disponible para la venta

PLANTA BAJA:

•	Amplia sala de espera con estructura de cemento y asientos incorporados
•	Hall distribuidor con acceso a:
  - Cocina tipo office
  - Baño con antebaño
  - Monoambiente de 28 m² aprox., con cocina integrada y baño completo, accesible por escalera o posible parada con ascensor (entrepiso). Agua caliente por termotanque. Aire acondicionado frío
•	Gran espacio abierto vidriado de aprox. 60 m² (6 x 10 m) actualmente usado como estudio de abogados
•	Oficina de reuniones independiente
•	Ambiente adicional utilizado como depósito/archivo

PRIMER PISO: 

•	Acceso directo desde el ascensor al ambiente tipo LOFT
•	Muy luminoso, con gran personalidad y estilo cálido
•	Refaccionado: pisos de madera viraró en área principal y porcelanato en cocina
•	Cocina integrada con isla
•	Baño, antebaño y ducha en espacios separados
•	Grandes ventanales que brindan muy buena ventilación y luminosidad 
•	Patio común de uso exclusivo
•	Calefacción por estufas a gas y agua caliente por termotanque
•	Aire acondicionado frío/calor (un equipo)
•	Superficie estimada: 100 m²

SEGUNDO PISO:

•	Palier privado
•	LOFT en dos niveles, completamente refaccionado
•	Aire acondicionado frío/calor (dos equipos)
•	Superficie estimada: 100 m²

Primer nivel:

•	Ambiente amplio y acogedor
•	Sector habitación con puerta ciega y estufa
•	Espacio tipo bodega, ideal para conservación de vinos
•	Pisos de madera viraró en excelente estado
•	Grandes ventanales que brindan muy buena ventilación y luminosidad 
•	Salamandra funcional de 27.000 calorías y ventilador de techo
•	Cocina aislada y baño completo en desnivel
•	Entrepiso de 35 m² aprox. con espacio para escritorio y lectura/descanso

Segundo nivel:

•	Superficie estimada de 28 m2
•	Acceso por escalera desde el primer nivel
•	Área de distribución que conduce a:
  - Dormitorio con placard
  - Baño completo con espacio para lavarropas
•	Agua caliente por termotanque
•	Acceso a escaleras exteriores de emergencia
•	Acceso a terraza común de uso exclusivo (60 m² aprox.)
•	Cuarto de máquinas de ascensor

DESTINO DE LA UNIDAD FUNCIONAL N.º 2

Destinos permitidos:

•	Vivienda familiar
•	Oficinas comerciales y de administración
•	Estudios profesionales
•	Profesores particulares (manteniendo destino de vivienda familiar)
•	Todo otro destino lícito no prohibido expresamente
•	Puede contar con local con vivienda anexa

Destinos prohibidos:

•	Conservatorios musicales
•	Escuelas, institutos o academias de danza
•	Gimnasios (todas sus variantes)
•	Hoteles, pensiones o albergues
•	Remates
•	Instituciones de enseñanza en general
•	Institutos de belleza
•	Peluquerías
•	Salones de pedicuría o manicura
•	Consultorios médicos
•	Actividades funerarias

SOBRE EL EDIFICIO

•	Edificio sólido y bien mantenido
•	Antigüedad aproximada: 40 años
•	Compuesto por PB + 9 pisos
•	3 unidades por piso: total de 29 unidades funcionales
•	Encargada con vivienda
•	Clima tranquilo y residencial
•	Apto Mascotas

UBICACIÓN Y CONECTIVIDAD

•	Dirección: Alsina 1774/76, entre Solís y Virrey Cevallos, barrio de Monserrat – CABA
•	Excelente conectividad y cercanía a centros administrativos, judiciales y comerciales
•	A pocos metros de Av. Entre Ríos y Av. Belgrano
•	Rápido acceso a múltiples medios de transporte:
•	Subte línea A (estaciones Congreso y Pasco)
•	Colectivos cercanos: 2, 5, 6, 7, 8, 12, 23, 37, 56, 50, 60, 64, 84, 86, 90, 98, 102, 103, 105, 150, 151, 168 entre otros
•	Cercano al Palacio Barolo, Congreso Nacional, Facultad de Ciencias Sociales (UBA) y múltiples organismos públicos

________________________________________

¡CONTACTANOS POR WHATSAPP PARA UNA RESPUESTA MÁS RÁPIDA! ¡Coordiná tu visita hoy mismo! 


¿Tenés que vender para comprar? ¡Te acompañamos en todo el proceso!

Además, si te falta hasta un 30% del valor de esta propiedad, podés solicitar un préstamo exclusivo a través de Lendar, solo para clientes RE/MAX. https://www.lendar.com.ar/quiero-un-prestamo/#simulador


•	Las medidas y superficies son aproximadas y sujetas a verificación.
•	El valor de expensas puede variar.
•	Fotos de carácter ilustrativo.

",,41.0,True,Electricidad | Agua | Gas | Internet | Televisión por Cable | Aire Acondicionado | Ascensor | Recepción | Dormitorio | Cocina | Living | Patio | Terraza | Estudio | Lavadero | Sala de reuniones | Placard | Disposición Contrafrente | Disposición Interno | Bodegas | Toilet | Baulera | ComYAmenCalefacción | Living/Comedor,USD,470000.0,ARS,450000.0,1128.99,1319.11,7,4,4,416.3,356.3,Adolfo Alsina 1700,Monserrat,"Monserrat, Capital Federal",-34.611515,-58.3912858,active,421061014-97,https://www.remax.com.ar/listings/venta-monserrat-departamento-loft-oficina-7-amb
600457,e2df4a18-e17f-4773-a67d-76e315bd2d64,sale,cochera,VENTA COCHERA CUBIERTA Y FIJA  ALMAGRO,"VENTA COCHERA CUBIERTA EN  ALMAGRO

Cochera cubierta y fija, en 1° subsuelo en ALMAGRO

Entrada independiente 
Expensas $ 55.000


Transportes Cercanos
Colectivos:	19, 24, 26, 36, 71, 90, 92, 99, 106, 109, 124, 127, 128, 140, 151, 160, 168
Subtes (Metro):	MEDRANO (Línea B)
Datos útiles
Barrio:	Almagro
Comuna:	Comuna 5
Área Hospitalaria:	HTAL. DR. C.G. DURAND
Comisaría Comunal:	5",,36.0,True,,USD,18000.0,ARS,55000.0,1500.0,1500.0,0,0,0,12.0,12.0,Guardia Vieja 4200,Almagro,"Almagro, Capital Federal",-34.600505,-58.4244495,active,421001074-327,https://www.remax.com.ar/listings/venta-cochera-cubierta-y-fija-almagro
536662,5dc4690d-f0bc-4468-9fc4-e88b23520f3a,sale,departamento_monoambiente,VENTA MONOAMBIENTE FULL AMENITIES SAN CRISTÓBAL,"VENTA MONOAMBIENTE FULL AMENITIES SAN CRISTÓBAL

Monoambiente a estrenar en BAH Independencia, torre finalizada y lista para habitar, con full amenities, excelente conectividad y distintas tipologías disponibles dentro del mismo desarrollo. APTO PROFESIONAL.

Una excelente alternativa tanto para primera vivienda como para inversión, dentro de un proyecto que propone un nuevo estándar de arquitectura, diseño y servicios en San Cristóbal.

LA UNIDAD

Monoambiente moderno y funcional, diseñado para aprovechar al máximo cada metro y generar un espacio cómodo, luminoso y versátil.

* Ambiente amplio y de fácil sectorización.
* Cocina integrada con muebles bajo mesada y alacenas.
* Baño completo.
* Excelente entrada de luz natural.
* Pisos símil madera de primera calidad.
* Carpinterías de aluminio.
* Equipo de aire acondicionado instalado.
* Apto profesional.

Su planta permite organizar cómodamente un sector de descanso, área social y espacio de trabajo, convirtiéndolo en una opción especialmente atractiva para quienes buscan practicidad o una propiedad con buen potencial de renta.

BAH INDEPENDENCIA

Torre de 15 pisos, completamente finalizada y entregada, con unidades de distintas superficies y tipologías, locales comerciales y parking distribuido en tres niveles.

Su arquitectura contemporánea y su característica fachada, diseñada por Joaquín Oleastro, junto con la calidad de sus terminaciones y servicios, hacen de BAH Independencia una propuesta diferencial dentro del barrio.

FULL AMENITIES

* Pileta cubierta y descubierta
*Sauna
*Espacio gourmet
* Gimnasio
* SUM con parrilla
* Área de juegos para niños.
*Seguridad 24h


Una propuesta integral para disfrutar del edificio durante todo el año.

UBICACIÓN

Sobre Av. Independencia, con acceso por Sáenz Peña y a solo cuatro cuadras de Av. 9 de Julio.

Excelente conectividad hacia distintos puntos de CABA, con cercanía a universidades, centros de salud, comercios, gastronomía y múltiples medios de transporte.

MÁS OPCIONES DENTRO DEL DESARROLLO

Contamos con varias unidades disponibles dentro de BAH Independencia, en diferentes pisos, orientaciones, superficies y tipologías:

Monoambientes | Ambiente y medio | 2 ambientes | 3 ambientes | 4 ambientes

Consultanos por disponibilidad actual, distintas plantas y alternativas dentro del edificio. Podemos ayudarte a encontrar la unidad que mejor se adapte a tu búsqueda, tanto para vivienda como para inversión.

Cochera opcional, no incluida en el valor de publicación.

Medidas y superficies aproximadas, sujetas a verificación.",,1.0,False,"Electricidad | Agua | Gas | Internet | Desague Cloacal | Agua Corriente | Aire Acondicionado | Portón Automático | Gimnasio | Seguridad | Pileta | Ascensor | Salón de usos múltiples - SUM | Área de juegos infantiles | Recepción | Dormitorio | Vestidor | Baño | Cocina | Lavadero | Placard | Parrilla | Acceso de cochera, Rampa fija | Disposición Contrafrente | Disposición Frente | Disposición Lateral | Balcón | Solarium | Pileta Cubierta | Pileta Climatizada | Sauna | Baulera | Permite Mascotas | ComYAmenCalefacción | Living/Comedor | Apto Turístico",USD,110000.0,ARS,200000.0,2816.18,3163.65,1,0,1,39.06,34.77,Av. Independencia 1500,San Cristobal,"San Cristobal, Capital Federal",-34.617855011724,-58.387913703918,active,181397-218,https://www.remax.com.ar/listings/venta-monoambiente-full-amenities-san-cristobal
575255,53de7436-a608-4ba5-972e-d05825498b44,sale,cochera,en VENTA COCHERAS FIJAS Y CUBIERTAS EN FLORES,"Juan B. Alberdi 2356, CABA (entre Membrillar y Rivera Indarte)

En edificio exclusivo de cocheras con ascensor para autos.
Dos unidades de cocheras fijas  y cubiertas en el piso 5* (12,33 m2)  y en el piso 6* (12,39 m2)
Zona de alta demanda de estacionamiento.",,45.0,False,,USD,20000.0,ARS,63700.0,1622.06,1622.06,0,0,0,12.33,12.33,Avenida Juan Bautista Alberdi 2300,Flores,"Flores, Capital Federal",-34.6311297,-58.460847,active,421661020-4,https://www.remax.com.ar/listings/en-venta-cocheras-fijas-y-cubiertas-en-flores
633756,d680ccfa-67f3-4298-b798-304ade56a1bd,sale,ph,OPORTUNIDAD INVERSOR VENTA PH PARQUE CHACABUCO,"PH con local al frente y gran potencial de transformación – Ideal inversor flipping.

Oportunidad para inversores  que buscan una propiedad con potencial de transformación y múltiples posibilidades de uso.

Se trata de un PH con local al frente, desarrollado en diferentes niveles y con una distribución que permite proyectar una renovación integral y adaptar los espacios a distintos destinos.

El ingreso principal se encuentra a través del local al frente con persiana que puede ser utilizado como espacio guardacoche, mientras que por un acceso independiente se ingresa al sector que actualmente funciona como vivienda, con toilette y visual hacia el local.

Desde este ambiente se accede a dos espacios adicionales, que pueden reconvertirse en dormitorios, oficinas, estudios, consultorios o ambientes de uso flexible, según el proyecto.

A través de una escalera se llega a un nivel superior donde encontramos otro ambiente con salida a balcón, sumando superficie y posibilidades al PH.

La propiedad presenta una distribución amplia y con gran potencial de reciclaje, ideal para quienes buscan comprar, renovar y poner en valor una propiedad para luego obtener una mayor rentabilidad.

Por sus características, resulta especialmente atractiva para flipping, inversores, desarrolladores o compradores que busquen un PH para reciclar y transformar a medida.

Una propiedad para pensar en proyecto, aprovechar sus metros y potenciar todo su valor.",,65.0,False,Dormitorio | Comedor | Vestidor | Baño | Cocina | Living | Patio | Balcón | Cocina/Comedor | Galpón | Otro,USD,155000.0,ARS,0.0,332.07,439.22,4,3,2,466.77,352.9,Viel 1400,Parque Chacabuco,"Parque Chacabuco, Capital Federal",-34.6333372,-58.4294716,active,421821033-50,https://www.remax.com.ar/listings/oportunidad-inversor-venta-ph-parque-chacabuco-1
615888,e733fc30-9953-47ac-9973-cd380ae7e3d3,sale,fondo_de_comercio,VENTA FONDO DE COMERCIO DIETETICA VILLA URQUIZA,"EXCELENTE OPORTUNIDAD: FONDO DE COMERCIO DE DIETÉTICA EN VILLA URQUIZA
¡En pleno funcionamiento y listo para continuar facturando desde el primer día! Se vende fondo de comercio de dietética con importante trayectoria y excelente rentabilidad.

 Aspectos Destacados
Superficie cubierta: 59,50 m² distribuidos para máxima funcionalidad.

Rentabilidad estimativa: Entre 50% y 60%.

Stock incluido: Se entrega con stock completo de mercadería listo para trabajar.

Espacio extra: Amplio altillo utilizable como depósito/almacén o cómodo espacio para oficina administrativa.

 Equipamiento e Instalaciones Incluidas
Refrigeración: 4 heladeras vitrina + 1 mostrador con heladera vitrina + 2 freezers.

Mobiliario y Exhibición: Muebles organizadores con contenedores para cereales, semillas y frutos secos, exhibidores, estanterías y diversos dispensers plásticos.

Tecnología y Operativa: Computadora, sistema de facturación integrado, balanza electrónica y cafetera express.

Iluminación: Instalación lumínica completa.

 Habilitación y Normativa Urbana
Habilitación amplia: Apta para venta de productos alimenticios y bebidas, mercado/autoservicio, alimentos envasados, gastronomía general y comercialización de helados (sin elaboración).

Zonificación: Mixtura U38-UP (gran flexibilidad comercial).

 ¡No dejes pasar esta oportunidad de inversión con retorno inmediato! Contáctanos para más detalles o para coordinar una visita.",,4.0,False,Electricidad | Agua | Internet | Alarma | Agua Corriente | Aire Acondicionado | Baño | Disposición Frente,USD,53900.0,ARS,,905.88,905.88,0,0,1,59.5,59.5,Donado 1900,Villa Urquiza,"Villa Urquiza, Capital Federal",-34.574438352665,-58.473712205887,active,420971230-74,https://www.remax.com.ar/listings/venta-fondo-de-comercio-dietetica-villa-urquiza
649274,c1bbf340-92fe-49d8-b120-87b578783cdc,sale,cochera,Cochera en Venta Once Edificio Escriturada,"Una oportunidad real en el corazón de Buenos Aires.

Se venden cocheras individuales escrituradas en un edificio residencial de los años 60, diseñado con la arquitectura y los materiales de gran categoría que caracterizan a esa época. El edificio se encuentra en excelente estado de conservación y cuenta con acceso por sistema de token, garantizando seguridad y control permanente.

 Se venden por separado o en conjunto (10 unidades disponibles)
 Cada cochera con escritura propia
 Edificio bien mantenido y de construcción sólida
 Su ingreso puede ser por dos portones del edificio con control remoto. 
 Seguridad del edificio por token
 Ubicación estratégica en Once — alta demanda de estacionamiento

Ideal para quien busca una inversión de bajo mantenimiento con renta asegurada, y vigente en todas ellas.  ampliar su cartera con activos escriturados en zona de alta rotación.
",,57.0,False,,USD,15000.0,ARS,79000.0,937.5,937.5,0,0,0,16.0,16.0,Viamonte 2500,Balvanera,"Balvanera, Capital Federal",-34.6011497,-58.4022541,active,421781081-161,https://www.remax.com.ar/listings/cochera-en-venta-once-edificio-escriturada
549953,f3b86bb1-02a8-4b97-ad50-f01aac39f765,sale,casa,VENTA CASA 4 AMB TERRAZA COCHERA MONTE CASTR0,"
NO ES APTO CREDITO!

Casa sobre lote propio en el corazon de Monte Castro 

Desarrollada en dos plantas sobre 177 m2 cubiertos. 

En planta baja:
Garage con portón automático y conexión interna a la vivienda. 
Living comedor con ventana a la calle y hogar a gas.
Toilette de recepción.
Escritorio o dormitorio con ventana al patio
Cocina comedor integrada con salida al patio interno. 
Espacio lavadero.
Escalera de acceso a la terraza.
Gran terraza con cuarto de guardado.

En planta alta:
Dormitorio principal con placard y balcón cubierto con ventanal al frente.
Segundo dormitorio.
Baño completo.



",,11.0,False,"Electricidad | Agua | Desague Cloacal | Agua Corriente | Aire Acondicionado | Dormitorio | Comedor | Baño | Cocina | Terraza | Estudio | Lavadero | Placard | Desayunador | Acceso de cochera, Horizontal | Orientación Noreste | Toilet | ComYAmenCalefacción | Agua Potable",USD,243000.0,ARS,,1070.48,1372.88,4,3,1,227.0,177.0,Benito Juárez 2200,Monte Castro,"Monte Castro, Capital Federal",-34.6184107,-58.505347,active,420051208-182,https://www.remax.com.ar/listings/venta-casa-4-amb-terraza-cochera-monte-castr0
616747,70291555-6241-4fa5-b858-c7f5d5df1603,sale,casa_triplex,4 AMBIENTES PILETA JARDIN COCHERA QUINCHO,"Excelente Casa tipo Triplex con Pileta, Jardin y Quincho en Floresta

Medidas 4.33 x 38,34 de fondo

Ubicada en una de las zonas más tranquilas y bien conectadas de la Ciudad Autónoma de Buenos Aires, esta propiedad tipo dúplex ofrece una excelente oportunidad tanto para vivir como para invertir. Con 217 metros cuadrados cubiertos y 90 metros cuadrados descubiertos, cuenta con un patio/jardín ideal para disfrutar al aire libre, y un quincho de 15 m², perfecto para reuniones y parrilladas. Cochera para 3 autos 

La propiedad se distribuye en tres plantas:

3 habitaciones amplias y luminosas
1 baño en Suite
1 baño completo
1 toilette para mayor comodidad
Espacioso patio/jardín
Quincho independiente de 15 m², con espacio para parrilla

En cuanto a la ubicación, se encuentra a solo unos pasos del Parque Avellaneda, y con excelente acceso al Metrobus, lo que facilita el desplazamiento a otras zonas de la ciudad. Además, la zona cuenta con múltiples servicios, como colegios, supermercados y comercios cercanos, lo que la convierte en un lugar cómodo y accesible.

¡Una oportunidad única por el valor y las comodidades que ofrece! Con un espacioso patio, jardín y quincho, esta propiedad es perfecta para quienes buscan amplitud, comodidad y una excelente ubicación en la Ciudad.",,26.0,True,"Electricidad | Agua | Gas | Internet | Teléfono | Desague Cloacal | Televisión por Cable | Agua Corriente | Dormitorio | Comedor | Vestidor | Jardín | Baño | Cocina | Living | Estudio | Lavadero | Altillo | Quincho | Placard | Parrilla | Desayunador | Orientación Norte | Acceso de cochera, Rampa fija | Disposición Frente | Balcón | Pileta | Cocina/Comedor | Toilet | Permite Mascotas | Living/Comedor | Agua Potable",USD,239000.0,ARS,1.0,777.24,1099.56,4,3,2,307.5,217.36,Calle Jose E. Rodo 3800,Floresta,"Floresta, Capital Federal",-34.6395578,-58.478866,reserved,421031037-145,https://www.remax.com.ar/listings/4-ambientes-pileta-jardin-cochera-quincho
615629,f3363c7b-5b3a-4d5c-87f1-8206b6634f5e,sale,departamento_monoambiente,Venta Monoambiente Apto Prof Caballito Financia,"MONOAMBIENTE EN VENTA EN CONSTRUCCIÓN – ZUVIRÍA 740, CABALLITO

Descubrí una excelente alternativa para vivir o invertir en uno de los barrios con mayor crecimiento de la Ciudad de Buenos Aires. Esta unidad monoambiente se ubica en el 7° piso al contrafrente (vista a la Autopista), dentro del emprendimiento Zuviría 740, un proyecto que combina diseño contemporáneo, funcionalidad y materiales de primera calidad.

Desarrollado por 3Z Desarrollos, con proyecto arquitectónico de Estudio Abramzon Arquitectos y construcción a cargo de Cortes y Sistemas, el edificio fue concebido para ofrecer espacios versátiles, aptos tanto para vivienda como para uso profesional o alquiler temporario.

LA UNIDAD
Monoambiente 22 m2.
Cocina integrada con muebles de diseño y anafe eléctrico de dos hornallas.
Mesada de granito.
Carpinterías de aluminio con doble vidriado hermético (DVH).
Pisos de porcelanato o piso flotante de primera calidad.
Revestimientos en porcelanato y cerámica.
Preinstalación para equipos de aire acondicionado tipo Split (equipos no incluidos).
Agua caliente central.
Sanitarios y griferías de primeras marcas (FV, Ferrum, Roca o similares).
Muros con terminación en yeso, listos para pintar.

EL DESARROLLO
Pensado para quienes valoran el confort y los espacios comunes de calidad, Zuviría 740 ofrece:
Hall de acceso en doble altura.
Piscina con solárium y piso atérmico de travertilit.
Terraza.
SUM.
Parrillas de uso común.
Gimnasio equipado.
Laundry.
Espacio guarda bicicletas.
Bauleras.
Local comercial en planta baja.
Seguridad 24 horas.
Cuatro ascensores automáticos de última generación, incluyendo uno apto para mudanzas, bicicletas y mascotas.
Grupo electrógeno a gas natural.
Cocheras disponibles únicamente para alquiler.

FINANCIACIÓN
Entrega estimada: primer semestre de 2027.
Posibilidad de financiación con anticipo y saldo en cuotas fijas en USD. Consultanos para conocer las alternativas disponibles.

Una propuesta ideal para quienes buscan su primera vivienda, un espacio apto profesional o una inversión con excelente potencial de renta, tanto tradicional como temporaria, en una ubicación estratégica de Caballito con excelente conectividad y servicios.",,0.0,False,Electricidad | Desague Cloacal | Agua Corriente | Portón Automático | Gimnasio | Seguridad | Pileta | Business Center | Laundry | Ascensor | Salón de usos múltiples - SUM | Recepción | Baño | Cocina | Estudio | Sala de reuniones | Parrilla | Pileta | Bar | Permite Mascotas | Apto Turístico,USD,54000.0,ARS,0.0,2454.55,2454.55,1,0,1,22.0,22.0,Zuviría 700,Parque Chacabuco,"Parque Chacabuco, Capital Federal",-34.6297913,-58.4359849,active,341279-147,https://www.remax.com.ar/listings/venta-monoambiente-apto-prof-caballito-financia
553961,b063c770-e1e1-4eb4-8fd9-56aa5da1641d,sale,departamento_monoambiente,Monoambiente divisible full amenities Palermo,"Te presentamos este hermoso monoambiente divisible, súper luminoso y con excelente distribución, ubicado sobre calle Salguero, en una de las zonas más buscadas de la ciudad. Ideal para quienes buscan su primer hogar o una inversión segura.

Este departamento se destaca por su luz natural, su funcionalidad y su balcón, perfecto para disfrutar el aire libre.

DISTRIBUCIÓN

Amplio ambiente integrado con gran entrada de luz
Cocina funcional y bien resuelta
Baño completo
Balcón con salida desde el ambiente principal

DETALLES QUE MARCAN LA DIFERENCIA

Edificio moderno (2015)
Apto mascotas
Excelente estado, listo para mudarse
Posibilidad de venta amoblada

AMENITIES PARA DISFRUTAR TODO EL AÑO

Pileta con solárium
SUM
Terraza con parrilla
Laundry
Ascensor de gran capacidad

UBICACIÓN PRIVILEGIADA
A solo 1 cuadra de Av. Santa Fe y a 3 cuadras del Shopping Alto Palermo, con acceso inmediato a subte, múltiples líneas de colectivo, comercios, bares y todos los servicios.

Una propiedad que combina ubicación, confort y potencial de renta en uno de los barrios con mayor demanda de CABA.

Ideal para vivir o invertir.

Coordiná tu visita y vení a conocerlo",,11.0,False,Aire Acondicionado | Gimnasio | Pileta | Laundry | Dormitorio | Baño | Living | Terraza | Lobby | Pileta | Cocina/Comedor,USD,115000.0,ARS,390000.0,2674.42,2674.42,1,0,1,43.0,43.0,Jeronimo Salguero 1900,Palermo,"Palermo, Capital Federal",-34.587661817121,-58.413941860199,active,181606-21,https://www.remax.com.ar/listings/monoambiente-divisible-full-amenities-palermo
623497,77e692ee-170e-429b-96ed-2c9ceb5d5563,sale,departamento_estandar,VENTA 2 AMBIENTES A ESTRENAR C/BALCON SAAVEDRA,"EMPRENDIMIENTO RAMALLO 2600 – SAAVEDRA CABA

Calidad, diseño y ubicación estratégica

ENTREGA: Abril 2026
OFRECE FINANCIACIÓN (consultar condiciones)

Desarrollo ubicado en el barrio de Saavedra, sobre la calle Ramallo entre Moldes y Vidal, frente al Centro Médico San Rafael. A solo una cuadra de Av. San Isidro Labrador y a dos cuadras de Av. Cabildo, con acceso directo a Av. General Paz.

Zona residencial y tranquila, con excelente conectividad y cercanía a supermercados, espacios gastronómicos y comercios de todo tipo.

EDIFICIO:
Emprendimiento de 8 pisos desarrollado sobre un lote de 8,66 x 17,67 metros, con un total de 20 unidades funcionales.

- Unidades de 2 ambientes en todos los pisos.
- Planta baja unidad de 3 ambientes con cochera.
- Todas las unidades cuentan con espacio exterior propio.

AMENITIES:
- Terraza con parrilla
- Solárium
- Wi-Fi para todas las unidades

LAS UNIDADES SE ENTREGAN CON:
- Dos aires acondicionados frío-calor Hisense
- Artefactos de iluminación colocados en todos los ambientes
- Puertas e interiores de placard 
- Mampara en baño
- Instalación para lavarropas en todas las unidades

DETALLES Y TERMINACIONES:
- Zócalos de corte interno
- Vidrios laminados 4+4
- Cerramientos de aluminio negro
- Ventanas piel de vidrio
- Cerradura eléctrica en cada unidad (huella digital, código y llave)
- Mesadas de Silestone en cocina
- Grifería marca Hidromet
- Cocina y anafe eléctrico marca CANDY
- Portero eléctrico con acceso a cámaras de seguridad
- Pisos de porcelanato español en unidades
- PIsos de mármol travertino en espacios comunes

Proyecto pensado para quienes buscan diseño moderno, confort y excelente ubicación, tanto para vivienda como para inversión.

CONSULTAR POR UNIDADES DISPONIBLES Y LISTADO DE PRECIOS!!!

¡Mudate a la vida que querés!",,0.0,False,Electricidad | Agua | Desague Cloacal | Agua Corriente | Ascensor | Dormitorio | Vestidor | Baño | Terraza | Placard | Parrilla | Disposición Frente | Balcón | Orientación Sureste | Cocina/Comedor | Living/Comedor,USD,144000.0,ARS,0.0,3428.57,4000.0,2,1,1,42.0,36.0,Ramallo 2600,Saavedra,"Saavedra, Capital Federal",-34.5437161,-58.475091,reserved,151362-25,https://www.remax.com.ar/listings/venta-2-ambientes-a-estrenar-c-balcon-saavedra-3
589271,20b56912-30fb-40f5-b9a3-7df96c2ca999,sale,departamento_estandar,VENTA DEPARTAMENTO PALERMO CON PATIO,"Departamento piso de 4 ambientes en Palermo, ubicado en primer piso con hermoso patio propio. Se encuentra en una excelente ubicación, con muy buena conectividad y cercanía a espacios verdes.

La propiedad cuenta con living-comedor, cocina- comedor y lavadero separado. Además, dispone de balcón corrido que aporta ventilación y luminosidad a los ambientes.

Posee toilette de recepción,  baño completo y baño de servicio. Los dormitorios cuentan con placard y buen espacio de guardado.

Incluye baulera cochera indivisa.

Ubicado a pocos metros de Parque Las Heras y de Plaza Italia, a tan solo 200 metros de Avenida Santa Fe y próximo a Avenida Las Heras. En la esquina se encuentra Scalabrini Ortiz, con acceso inmediato a múltiples medios de transporte.

Muy cercano a la Línea D del Subte de Buenos Aires, rodeado de centros comerciales, polo gastronómico y amplia oferta de servicios.

Una excelente oportunidad en una ubicación estratégica, con el valor agregado de un hermoso patio propio.",,41.0,False,Electricidad | Agua | Gas | Dormitorio | Baño | Patio | Placard | Disposición Frente | Balcón | Cocina/Comedor | Toilet | Baulera | Living/Comedor,USD,340000.0,ARS,600000.0,2392.68,2974.89,4,3,2,142.1,114.29,Beruti 3800,Palermo,"Palermo, Capital Federal",-34.5839016,-58.4147549,active,420491223-30,https://www.remax.com.ar/listings/venta-departamento-palermo-con-patio
618735,246fec8b-fb52-4659-8880-1422a3fc24f8,sale,departamento_monoambiente,VENTA MONOAMB LIMITE CABALLITO APTO PROF PATIO,"Ubicación estratégica – Av. La Plata al 300. 

CARACTERISTICAS: 
-	Departamento monoambiente ubicado en un 1er piso de un edificio de 9 pisos.
-	Piso de cerámico símil madera
-	Cocina tipo kitchenette con cocina a gas
-	Baño completo
-	Agua caliente por termotanque individual eléctrico
-	Equipo de aire acondicionado Split frío/calor y ventilador de techo
-	APTO PROFESIONAL
-	Excelente oportunidad de inversión o primera vivienda con una ubicación estratégica.
-	Edificio con 2 ascensores y encargado con vivienda permanente

Ubicado en una de las zonas más buscadas de Almagro límite Caballito, este monoambiente ofrece una excelente combinación de conectividad, servicios y calidad de vida. 

Cercanías:
A metros de Av. Juan B. Alberdi, Av. Rivadavia y la reconocida Av. Pedro Goyena, con su destacado polo gastronómico.
A pocas cuadras de la estación Rio de Janeiro de la Línea A de Subte.
Múltiples líneas de colectivos sobre Av. Rivadavia. 
Cercano al Parque Rivadavia, ideal para disfrutar de espacios verdes, actividades recreativas y ferias.
Rodeado de supermercados, bancos, farmacias, cafeterías, gimnasios y una amplia oferta comercial y gastronómica.
Próximo a colegios, centros educativos y universidades, lo que lo convierte en una excelente opción para estudiantes y profesionales.
Ubicación privilegiada con rápido acceso a centros de salud públicos y privados de la zona.

Consultame y coordinamos una visita!

*SI TIENES QUE VENDER PARA COMPRAR, PODEMOS AYUDARTE Y REALIZAR LA OPERACIÓN SIMULTÁNEA
Las visitas son exclusivas con personal de la firma y se coordinan con anticipación. Por normas de seguridad solicitamos nombre completo, DNI, teléfono y mail de contacto.

Si te falta hasta un 30% del valor de esta propiedad, te ofrecemos solicitar un préstamo a través de LENDAR, servicio exclusivo para clientes.
Los agentes/gestores NO ejercen el corretaje inmobiliario. Todas las operaciones inmobiliarias son objeto de intermediación y conclusión por parte del corredor público inmobiliario colegiado a cargo de la publicación, cuyos datos se exhiben en la presente. Silvia Vincenzini  CPI 8405 | CDMCPDJLM 1052

",,47.0,False,Electricidad | Gas | Agua Corriente | Aire Acondicionado | Baño | Cocina | Patio,USD,40000.0,ARS,80000.0,2033.55,2214.84,1,0,1,19.67,18.06,Avenida la Plata 300,Almagro,"Almagro, Capital Federal",-34.6189453,-58.4280589,active,421351107-8,https://www.remax.com.ar/listings/venta-monoamb-limite-caballito-apto-prof-patio
647579,1b544069-ace6-44c5-8fdf-ebecbe23eb5a,sale,departamento_estandar,VENTA DEPARTAMENTO 3 AMB CON BALCÓN VILLA CRESPO,"3 AMBIENTES CON BALCÓN Y VISTA ABIERTA – VILLA CRESPO
TERCER PISO POR ESCALERA

Luminosidad, vista abierta y una ubicación estratégica a metros de PALERMO.

Ubicado en Lavalleja 1138, en pleno Villa Crespo y a tan solo 20 metros de Av. Córdoba, donde comienza el límite con Palermo, encontramos este departamento de 3 ambientes con una excelente entrada de luz natural.

La propiedad se encuentra en un TERCER piso por escalera y se destaca por tener sus principales ambientes orientados hacia un balcón de 9 m² con vista abierta. Tanto el living comedor como las dos habitaciones reciben muy buena luz natural, generando ambientes agradables y ventilados.

DISTRIBUCIÓN

- Living comedor con salida directa al balcón.
- Balcón de 9 m² con vista abierta.
- Habitación principal con ventana al balcón y placar empotrado.
- Segunda habitación también orientada hacia el balcón y con placar empotrado.
- Cocina independiente.
- Sector de lavadero.
- Baño completo.
- Apto profesional según Reglamento de Copropiedad. 

UBICACIÓN

Uno de los grandes diferenciales de esta propiedad es su ubicación: Villa Crespo a pasos de Palermo, a metros de Av. Córdoba y con excelente conexión hacia distintos puntos de la Ciudad.

Se encuentra a aproximadamente 8 cuadras del Subte Línea B, con acceso además a numerosas líneas de colectivo, comercios, servicios y una amplia propuesta gastronómica en los alrededores.

Una excelente opción para quienes buscan la tranquilidad de una calle de Villa Crespo, pero con Palermo prácticamente a la vuelta de la esquina.

",,55.0,True,Electricidad | Agua | Gas | Internet | Desague Cloacal | Televisión por Cable | Dormitorio | Baño | Cocina | Lavadero | Placard | Disposición Frente | Balcón | Living/Comedor | Agua Potable,USD,110000.0,ARS,209800.0,1692.57,2041.2,3,2,1,64.99,53.89,Lavalleja 1100,Villa Crespo,"Villa Crespo, Capital Federal",-34.596381,-58.4278314,active,421211185-44,https://www.remax.com.ar/listings/venta-departamento-3-amb-con-balcon-villa-crespo
624245,71c18510-7005-49ee-8ffc-31345b7cfe12,sale,cochera,COCHERA EN VENTA CABALLITO RENTA DEL  8% ANUAL,"VENTA DE COCHERA EN BLOQUE

MEDIDA DE 1.038 M2 CUBIERTOS MAS 175M2 DESCUBIERTOS

RENTA APROXIMADA DEL 8% ANUAL


Excelente oportunidad de inversión con renta inmediata.

Se ofrece a la venta este  estacionamiento, ubicado en una estratégica zona de Caballito, sobre Emilio Mitre 445.

La propiedad cuenta con 35 cocheras actualmente alquiladas y espacios destinados al estacionamiento de motos, generando una atractiva renta mensual y diversificando las fuentes de ingresos.

Su distribución ofrece amplios sectores de circulación y maniobra, acceso vehicular cómodo y una estructura sólida, ideal para continuar con la explotación comercial del estacionamiento.

Gracias a la alta demanda de cocheras en el barrio, esta propiedad representa una excelente alternativa para quienes buscan una inversión inmobiliaria con ingresos desde el primer día y gran potencial de valorización.

Además de su funcionamiento actual, el inmueble ofrece un excelente potencial para distintos destinos comerciales o logísticos, como depósito, centro de distribución, taller, espacio de guardado u otros emprendimientos.

Ubicación:
Sobre Emilio Mitre 445, en el barrio de Caballito, a pocos metros de Av. Juan Bautista Alberdi y con rápida conexión a Av. Pedro Goyena, Av. Directorio y Av. La Plata. Se trata de un sector de intensa actividad residencial y comercial, con edificios, locales y oficinas que generan una demanda permanente de espacios de estacionamiento.

NO PIERDAS LA OPORTUNIDAD Y VENI A CONOCERLO!!",,50.0,False,,USD,649000.0,ARS,0.0,625.24,625.24,0,0,1,1038.0,1038.0,Emilio Mitre 400,Caballito,"Caballito, Capital Federal",-34.627531735422,-58.443047045876,active,420801099-257,https://www.remax.com.ar/listings/cochera-en-venta-caballito-renta-del-8-anual
642191,8f904d46-2552-43a6-86d7-bdf1ef45326e,sale,departamento_semipiso,Venta Semipiso 3 Amb Dependencia Cochera Balcón,"Venta Semipiso 3 Ambientes con dependencia o Tercer dormitorio, o cocina comedor Balcón
APTO CRÉDITO.


Departamento semipiso en venta ubicado sobre Ramón Falcón en el barrio de Flores, Capital Federal. 
2 baños completos,

En un edificio de nueve niveles, esta propiedad ofrece una distribución funcional y moderna en un edificio de inmejorable ubicación y categoría.

Cochera fija techada con baulera en el edificio.
Con portón automático.

Estado general excelente. 

DISTRIBUCIÓN INTERIOR
La propiedad ofrece una distribución versátil con dormitorio principal, en suite
habitaciones secundarias, amplias
living/comedor independiente y separado de áreas de cuarto
cocina equipada, lavadero y baño completo de recepción.

Dependencia que puede ser usada como un tercer cuarto, comedor diario. Hoy está adaptada a un tercer cuarto.

Los placares incorporados maximizan el aprovechamiento del espacio interior, ya que son Enormes.

ORIENTACIÓN Y CARACTERÍSTICAS
Con orientación sur-sureste, el departamento garantiza una iluminación natural óptima, balcón con vista abierta 
permite tenencia de mascotas, aspectos altamente valorados en el mercado inmobiliario actual.


SERVICIOS
Propiedad ideal para inversores o familias que buscan un inmueble funcional en una ubicación estratégica de Capital Federal.
Movilidad
a 120 metros. Av. Rivadavia LINEA  A Estación de Subte Carabobo
a 500 metros. Av. Rivadavia LINEA  A Estación de Subte Puán
a 100 metros. Av. Rivadavia 18 líneas de colectivos
a 100 metros. Av. Pedro Goyena J.B. Alberdi 3 líneas de colectivos
a 500 metros. Av. Avellaneda J.B. Alberdi 4 líneas de colectivos
a 300 metros Av. Donato Álvarez
Gastronomía
Rapanui: Chocolatería y heladería (Av. Pedro Goyena).
Burger King: Comida rápida (Av. Rivadavia y Carabobo).
McDonald's: Comida rápida (Av. Rivadavia y Av. Boyacá).
Otaku Sushi Libre: Sushi (Cerca de la intersección de Av. Carabobo y Av. Juan Bautista Alberdi).
Lucciano's: Heladería artesanal (Av. Pedro Goyena).
Izakaya by Sushi Pop: Sushi y bar (Av. Pedro Goyena).
Cerveza Patagonia - Refugio Caballito: Cervecería (Av. Pedro Goyena).
Sandoval: Bar/Restaurante (Av. Pedro Goyena).
Patio de los Lecheros ( Av Donato Álvarez )
Educación y Deporte
Facultad de Filosofía y Letras (UBA): Sede universitaria (Puán 480).
Libreria Yenny
Aeropark: Centro de escalada indoor (Av. Rivadavia).
GYM Sport Club - Fitter 
Servicios y Compras
COTO: Hipermercado",,25.0,True,Aire Acondicionado | Portón Automático | Ascensor | Dormitorio | Comedor | Baño | Cocina | Living | Lavadero | Placard | Orientación Sur | Orientación Suroeste | Cocina/Comedor | Toilet | Habitación de Servicio | Baulera | Permite Mascotas | Living/Comedor,USD,189900.0,ARS,316000.0,2601.37,2712.86,3,3,2,73.0,70.0,Ramon FalcÓn 1800,Flores,"Flores, Capital Federal",-34.627989619066,-58.45565289259,active,420491253-82,https://www.remax.com.ar/listings/venta-semipiso-3-amb-dependencia-cochera-balcon
650097,ab243113-30b1-4f14-909c-1a2237fd754d,sale,departamento_estandar,VENTA DEPARTAMENTO 3 AMB PALERMO REFACCIONADO,"Departamento de 3 ambientes en Recoleta, límite con Palermo – Billinghurst

Departamento de 90 m² ubicado en una zona premium de Recoleta, casi Palermo, sobre calle Billinghurst. Emplazado en el cuarto piso, ofrece una distribución funcional y luminosa, con ambientes amplios y cómodos pensados para aprovechar al máximo cada espacio.

El inmueble cuenta con 90 m² cubiertos y 1 m² semicubierto. Dispone de dos habitaciones amplias, un baño completo y un toilette adicional, además de un espacioso living comedor y una cocina de excelentes proporciones.

Su estado general es muy bueno, conservando la solidez y el carácter propio de un edificio de mayor antigüedad. Como diferencial importante, el sistema de cañerías del departamento fue completamente renovado, encontrándose actualmente nuevo, brindando mayor tranquilidad y seguridad respecto de las instalaciones.

La distribución de los ambientes permite una circulación cómoda y un excelente aprovechamiento de la superficie, convirtiéndolo en una propiedad ideal tanto para vivienda permanente como para quienes buscan una inversión en una ubicación consolidada.

La ubicación es uno de sus principales atributos, con excelente conectividad, amplia variedad de comercios, servicios, propuestas gastronómicas y todo lo necesario para disfrutar de la vida urbana en uno de los sectores más buscados de Capital Federal.

Características destacadas:

Superficie total: 90 m²
Superficie cubierta: 90 m²
Superficie semicubierta: 1 m²
Ambientes: 3
2 habitaciones amplias
1 baño completo + 1 toilette
Living comedor espacioso
Cocina amplia
Balcón francés
Cañerías renovadas y nuevas
Estado general: Muy bueno
Apto crédito según entidad bancaria
",,62.0,True,Dormitorio | Baño | Cocina | Living | Placard | Disposición Frente | Balcón | Cocina/Comedor | Toilet | Permite Mascotas | Living/Comedor,USD,219500.0,ARS,0.0,2426.22,2453.34,3,2,1,90.47,89.47,Billinghurst 1600,Barrio Norte,"Barrio Norte, Capital Federal",-34.5919202,-58.411539,active,421101144-33,https://www.remax.com.ar/listings/venta-departamento-3-amb-palermo-refaccionado
568661,d4032e87-f775-431f-8eb7-684bbaefe10b,sale,ph,VENTA PH 3 AMB-PARQUE AVELLANEDA- PATIO -PILETA,"VENTA DE PH 3 AMBIENTES EN PARQUE AVELLANEDA  CON PATIO, PARRILLA Y PILETA ""APTO CREDITO"". SIN EXPENSAS!!!!!

Este cálido PH de 3 ambientes combina comodidad, luminosidad y espacios ideales para disfrutar en familia, o generar una buena inversión.

La propiedad se encuentra en buen estado de conservación, con algunos detalles de acondicionamiento general. Ofrece una distribución funcional, con ambientes cómodos y excelente entrada de luz natural durante todo el día.

Cuenta con: Living comedor confortable, Cocina comedor integrada, Lavadero independiente, 2 dormitorios y un baño completo.
La propiedad tiene un patio privado con parrilla y una pileta descubierta ideal para disfrutar los días de verano

El patio se convierte en uno de los grandes protagonistas de la propiedad, generando un espacio perfecto para reuniones, momentos de descanso y vida al aire libre.

Ubicado en Parque Avellaneda, en un entorno residencial con buena conectividad y cercanía a espacios verdes.

Esta unidad es  Apta crédito hipotecario, con los planos actualizados. 

""ESTA PROPIEDAD ESTA LISTA PARA HABITAR, CON EQUILIBRIO IDEAL ENTRE FUNCIONALIDAD, LUZ NATURAL Y ESPACIOS PARA DISFRUTAR TODOS LOS DIAS""

Existe la posibilidad de COMPRA EN  BLOCK junto a otros 2 ph en el mismo condominio. Si estas interesado comunicate y te pasamos las características de dicha venta.",,31.0,True,Pileta | Dormitorio | Baño | Lavadero | Parrilla | Disposición Lateral | Pileta | Cocina/Comedor | Living/Comedor,USD,90000.0,ARS,0.0,615.51,1167.62,3,2,1,146.22,77.08,Avenida San Juan Bautista de la Salle 2300,Parque Avellaneda,"Parque Avellaneda, Capital Federal",-34.65554563981,-58.472410797876,active,421071172-14,https://www.remax.com.ar/listings/venta-ph-3-amb-parque-avellaneda-patio-pileta
606662,63de2a10-d64a-43c5-83ed-8742b66d83fb,sale,departamento_estandar,Dto 2 ambientes con balcon terraza en Floresta,"Departamento de 2 ambientes con balcón terraza en piso exclusivo – Floresta

Excelente departamento de 2 ambientes ubicado al frente, en el noveno y último piso de un edificio de tan solo un año de antigüedad. Una de sus principales características es su exclusividad: es la única unidad ubicada en el noveno piso, brindando mayor privacidad y tranquilidad al no compartir el nivel con otros departamentos.

La propiedad cuenta con una superficie total de 50 m², de los cuales 37 m² son cubiertos y 13 m² corresponden a un amplio balcón terraza de uso exclusivo, ideal para disfrutar del aire libre, crear un espacio de relax o reuniones. Además, incluye baulera.

El departamento se encuentra en excelentes condiciones, prácticamente a estrenar, y ya cuenta con primera escritura, permitiendo una operación inmediata.

El edificio posee ascensor y una terraza de uso común con parrilla, disponible mediante reserva previa para reuniones y encuentros.

Uno de los grandes diferenciales de la propiedad es su cerradura inteligente con cámara de seguridad integrada, que permite visualizar desde el celular quién se encuentra en la puerta, abrir el acceso de forma remota, generar códigos temporales para invitados o personal de servicio con días y horarios determinados, además de otras funciones que aportan comodidad, seguridad y tecnología al hogar.

La unidad es totalmente eléctrica

Las expensas son de $190.000 (Julio 2026) e incluyen:

* Agua caliente central.
* Agua.
* ABL.
* Gastos generales del edificio.

El único servicio que se abona por separado es el consumo eléctrico del departamento.

Ubicación

Ubicado sobre Ramón Falcón al 3300, en el barrio de Floresta, una zona residencial con excelente conectividad y una amplia oferta de servicios.

Se encuentra a pocas cuadras de importantes avenidas como Av. Juan B. Alberdi, Av. Directorio, Av. Rivadavia y Av. Mariano Acosta, que permiten un rápido acceso tanto hacia el centro de la ciudad como hacia distintos barrios de CABA.

La zona ofrece múltiples alternativas de transporte público:

* Línea A de Subte (estaciones San Pedrito y Plaza de los Virreyes, a pocos minutos).
* Estación Floresta del Ferrocarril Sarmiento.
* Numerosas líneas de colectivos que conectan con toda la Ciudad y el Gran Buenos Aires.

En sus alrededores se encuentran supermercados, bancos, comercios, gimnasios, cafés, espacios verdes y una amplia oferta gastronómica.

También cuenta con cercanía a reconocidas instituciones educativas de nivel inicial, primario y secundario, tanto públicas como privadas, además de importantes centros de salud como el Hospital General de Agudos Dr. Teodoro Álvarez, el Hospital General de Agudos Parmenio Piñero y diversos sanatorios y centros médicos de la zona.

Una excelente oportunidad para quienes buscan una propiedad moderna, con tecnología, espacios al aire libre y la privacidad de vivir en un último piso exclusivo.
",,1.0,True,Electricidad | Agua | Desague Cloacal | Agua Corriente | Aire Acondicionado | Ascensor | Dormitorio | Comedor | Baño | Cocina | Terraza | Lavadero | Placard | Parrilla | Orientación Norte | Disposición Frente | Balcón | Permite Mascotas | Agua Potable,USD,95000.0,ARS,189000.0,1919.97,2653.63,2,1,1,49.48,35.8,Coronel Ramón Lorenzo Falcón 3300,Floresta,"Floresta, Capital Federal",-34.633722,-58.4746929,reserved,421571055-58,https://www.remax.com.ar/listings/dto-2-ambientes-con-balcon-terraza-en-floresta
634162,c4ca10c8-1bad-4063-a806-25ffdc1bf42f,sale,deposito,"DEPOSITO, GALPON O  TALLER DE 230 M - CONSTITUCION","EXCELENTE PROPIEDAD DE USO COMERCIAL IDEAL PARA DEPOSITO O TALLER. 

Se encuentra ubicado en el barrio de Constitución, Capital Federal. Con una superficie total construida de 233 m² (182 m² cubiertos y 51 m² descubiertos). 

- AMPLIO TALLER DE TECHO DE HORMIGON, 
- PORTON PARA ACCESO DE VEHICULOS
- AMPLIA OFICINA EN PRIMER PISO CON ACCESO POR ESCALERA
- COCIAN Y BAÑO A REFACCIONAR
- JARDIN TRASERO DE GRANDES DIMENSIONES

UBICACIÓN PRIVILEGIADA
• Situado sobre la calle Pedro Echagüe, en el corazón de Constitución
• Cercano a estaciones de transporte público, comercios, escuelas y centros médicos
• Fácil acceso a principales avenidas y autopistas

CARACTERÍSTICAS DESTACADAS
•  Solida Construcción en buen estado general
• Apto crédito y apto profesional
",,71.0,True,,USD,95000.0,ARS,22000.0,407.73,521.98,0,0,0,233.0,182.0,Pedro Echagüe 1500,Constitución,"Constitución, Capital Federal",-34.630161,-58.3873503,active,421251096-4,https://www.remax.com.ar/listings/deposito-galpon-o-taller-de-230-m-constitucion
607682,f56304c9-c4ff-4434-b552-1963de6868a3,sale,local,LOCAL COMERCIAL EN VENTA EN RECOLETA 67m2 TOTALES,"LOCAL COMERCIAL EN VENTA  EN RECOLETA PB Y SOTANO

LOCAL COMERCIAL EN VENTA EN  RECOLETA PB Y SOTANO

Excelente oportunidad de inversión o para desarrollar una actividad comercial en ubicación estratégica en Recoleta, sobre la calle Billinghurst entre Soler y Gorriti,  en una zona de permanente crecimiento rodeada de comercios, locales gastronómicos, oficinas y edificios residenciales, con excelente conectividad y alto tránsito peatonal y vehicular.

Características:
 67m2 totales
Planta baja con amplio salón de atención
Sótano ideal para depósito, oficina o área de apoyo
Baño y espacio con ducha
Frente vidriado, con rejas

Gran potencial para diferentes usos.
Ideal para estudios profesionales, estética, diseño, servicios, comercio minorista y otros emprendimientos.

* Expensas aprox $238.000


Ubicación privilegiada
A metros de:
• Av. Córdoba
• Avenida Santa Fe
• Alto Palermo Shopping
• Parque Las Heras
• Hospital de Niños Ricardo Gutiérrez
• Hospital General de Agudos Bernardino Rivadavia

Conectividad
Múltiples opciones de transporte público:
• Líneas de colectivo: 29, 39, 92, 109, 111, 128, 140, 188 entre otras
• Cercanía a las líneas D y H  de subte, que facilita el acceso desde distintos puntos de la ciudad.

Llamanos y agenda tu visita !!!!

DISCLAIMER LEGAL ""Las medidas son orientativas y las definitivas son las que surgen de la escritura"". ""La descripción del inmueble, servicios y medidas pueden no ajustarse a sus características y medidas reales y/o actuales. Los datos pueden no estar actualizados a la hora de la visualización del aviso. Pueden existir inexactitudes, producto del paso del tiempo. Previo a cualquier operación, el interesado deberá verificar la veracidad de la información, requiriendo las copias necesarias de la documentación"".
",,44.0,False,,USD,81900.0,ARS,238000.0,1222.39,1222.39,0,0,1,67.0,67.0,Billinghurst 1200,Recoleta,"Recoleta, Capital Federal",-34.5954102,-58.4139943,active,420571116-26,https://www.remax.com.ar/listings/local-comercial-en-venta-en-recoleta-67m2-totales
651515,5c66c594-30b8-4f50-90ec-7da988304249,sale,departamento_estandar,2 amb en PB con patio y lavadero – Apto crédito,"DEPARTAMENTO 2 AMBIENTES VENTA PARQUE PATRICIOS CAPITAL FEDERAL - APTO CRÉDITO

MIRA EL VIDEO EN ESTA MISMA PUBLICACION!

Oportunidad de inversión en Parque Patricios con excelente ubicación sobre Avenida Caseros. Departamento de 53 m² distribuido en planta baja de edificio consolidado, ideal para primera vivienda o rentabilidad inmediata.

CARACTERÍSTICAS DEL INMUEBLE

Superficie total de 53 m² con 46 m² cubiertos, 1 m² semicubiertos y 6 m² descubiertos. Dos ambientes funcionales que optimizan el espacio disponible. Planta baja con acceso directo, ventaja operativa para familias y comerciantes.

DISTRIBUCIÓN Y ESPACIOS

• Un dormitorio con placard integrado
• Baño completo con instalaciones modernas
• Cocina independiente con acceso a servicios
• Comedor diferenciado
• Patio privado de 6 m²
• Lavadero independiente

ESTADO Y CONSTRUCCIÓN

Edificio de 7 pisos construido en 1975, mantenido en muy buen estado. Estructura sólida con servicios básicos completos. Orientación sur que garantiza iluminación natural controlada durante todo el año.

SERVICIOS E INFRAESTRUCTURA

• Electricidad de red
• Agua corriente
• Gas natural
• Desagüe cloacal

UBICACIÓN ESTRATÉGICA

Avenida Caseros posiciona la propiedad en zona de alto flujo comercial y residencial. Acceso directo a transporte público, comercios, servicios y equipamiento urbano. Barrio consolidado con potencial de revalorización.

Apto crédito. Disponible para financiación bancaria.

UBICACIÓN CON DEMANDA REAL DE ALQUILER

La ubicación convierte a esta unidad en una pieza estratégica para renta, tanto temporaria amoblada como tradicional. La propiedad está dentro del Distrito Tecnológico de la Ciudad, el polo al que viajan a diario miles de profesionales de empresas de tecnología radicadas en la zona, un flujo constante de gente que busca vivir cerca del trabajo y sostiene la demanda de alquiler durante todo el año. A esto se suma la cercanía a los principales centros de salud de la Comuna 4, que genera movimiento permanente de profesionales, residentes y familias de pacientes que necesitan estadías cortas y medianas. El acceso al subte Línea H está a menos de 20 metros de la puerta, con conexión directa al centro y a todas las líneas de la red. Por Av. Caseros y Av. Jujuy circulan numerosas líneas de colectivo que conectan con toda la Ciudad y con gran parte del Gran Buenos Aires. El entorno se completa con el Parque Florentino Ameghino a pocos metros y el Parque Patricios a cuatro cuadras, dos pulmones verdes que suman calidad de vida a una zona en plena revalorización.",,51.0,True,Electricidad | Agua | Gas | Desague Cloacal | Dormitorio | Comedor | Baño | Cocina | Patio | Lavadero | Placard | Orientación Sur | Disposición Interno,USD,72000.0,ARS,109000.0,1361.57,1553.06,3,2,1,52.88,46.36,Avenida Caseros 2500,Parque Patricios,"Parque Patricios, Capital Federal",-34.6346914,-58.3936745,active,151363-44,https://www.remax.com.ar/listings/2-amb-en-pb-con-patio-y-lavadero-apto-credito
583193,f19e30fa-4243-49d6-ad17-9e559077b98d,sale,ph,PH 3 AMB PB COCHERA PATIO LAV BARRACAS FINANCIA,"VENTA PH 3 AMBIENTES BARRACAS - APTO CRÉDITO CAPITAL FEDERAL

Exclusivo ph ubicado en el tradicional barrio de Barracas, sobre calle Anibal Ponce, con una distribución inteligente y funcional de 111 m² totales. Construido en 2010, este inmueble representa una oportunidad única para profesionales e inversores que buscan un espacio versátil y bien conservado.

La propiedad ofrece una distribución moderna con 86 m² cubiertos, distribuidos estratégicamente en 3 ambientes que incluyen dos dormitorios amplios, uno con entrpiso bien conformado que tranquilamente podria ser un tercer dormitorio o un escritorio, y en el segundo cuarto hay un altillo que suma un monton de espacio de guardado, living-comedor integrado y cocina funcional con doble circulacion. El diseño aprovecha los 22 m² descubiertos y los 3 m² semicubiertos, generando una sensación de amplitud y luminosidad con orientación noreste y disposición frente.

Entre sus principales características destacan el placard, lavadero independiente y un patio que expande las posibilidades de uso. La cochera incluida agrega un valor diferencial al inmueble, facilitando el estacionamiento en una zona céntrica de la ciudad. Cuenta con un altillo que aumenta las opciones de aprovechamiento del espacio.

Servicios completos de electricidad, agua, gas, desagüe cloacal y televisión por cable. La cisterna garantiza autonomía en el suministro de agua. Su excelente estado de conservación lo convierte en una inversión segura con potencial de revalorización.

Ideal para profesionales, pequeñas familias o como inversión de renta en uno de los barrios más dinámicos de Capital Federal, con todas las condiciones para ser calificado como apto crédito y apto para profesionales.

Este PH podes comprarlo en Cuotas Directamente con el propietario.
Con un Anticipo y cuotas hechas a tu medida.
Tomo vehiculo en parte de pago.
Tomo otra Propiedad en parte de pago.

Remax Argentina S.R.L. no ejerce el corretaje inmobiliario. El presente sitio web es una plataforma en donde cada oficina inmobiliaria independiente que contrata los servicios RE/MAX puede publicar las propiedades a su cargo. Cada oficina es de propiedad y gestión independiente, por lo que Remax Argentina S.R.L no interviene en los datos de la publicación, en la operación inmobiliaria, ni en la confección y/o firma del boleto de compraventa y/o escritura y/o contrato de alquiler. En cumplimiento de las leyes vigentes que regulan el corretaje inmobiliario, Ley Nacional 25.028, Ley 22.802 de Lealtad Comercial, Ley 24.240 de Defensa al Consumidor, las normas del Código Civil y Comercial de la Nación y Constitucionales, los agentes/gestores NO ejercen el corretaje inmobiliario. Todas las operaciones inmobiliarias son objeto de intermediación y conclusión por parte del corredor público inmobiliario colegiado a cargo de la publicación, cuyos datos se exhiben en la presente. La presente publicación describe las características esenciales del inmueble, debiéndose consultar al corredor público inmobiliario responsable de la operación por la eventual actualización de las medidas, descripciones arquitectónicas y funcionales, valores de expensas, servicios, impuestos, precios y demás información, cuyos valores son aproximados.
El inmueble no es accesible para personas con discapacidades físicas.
Comprá la casa que querés! No la que podés. Accedé a un préstamo por hasta el 30% del valor de esta propiedad. Simulá tu cuota en Lendar.

Manuel Gastón Martin CPI 9662",,16.0,True,"Electricidad | Agua | Gas | Desague Cloacal | Televisión por Cable | Agua Corriente | Portón Automático | Cisterna | Dormitorio | Comedor | Baño | Cocina | Living | Patio | Lavadero | Altillo | Placard | Parrilla | Desayunador | Acceso de cochera, Horizontal | Disposición Frente | Orientación Noreste | Cocina/Comedor | Permite Mascotas | Living/Comedor | Agua Potable",USD,80000.0,ARS,40000.0,720.72,930.23,3,2,1,111.0,86.0,"Ponce, Anibal 1600",Barracas,"Barracas, Capital Federal",-34.6529856,-58.3936996,active,421181054-165,https://www.remax.com.ar/listings/ph-3-amb-pb-cochera-patio-lav-barracas-financia
610046,5b41fcdd-e160-4db5-84d5-40d3816d2b32,sale,ph,Venta PH 4 ambientes Pompeya,"Venta PH 4 ambientes Pompeya
PH 4 AMBIENTES EN VENTA EN POMPEYA, CAPITAL FEDERAL


Un refugio urbano que combina funcionalidad y estilo.

Ubicado en planta baja, el inmueble ofrece una terraza privilegiada y una distribución pensada para quienes valoran cada metro cuadrado.

En la entrada nos encontramos:

Al frente, el living comedor de grandes medidas.

A nuestra izquierda, la cocina resuelta con muebles de melamina blanca y mesada de granito en inmejorable estado. Cuenta con instalaciones completas para gas y calefón , facilitando las tareas cotidianas. 

a nuestra derecha, nos encontramos con un pequeño espacio de comedor diario ventilado.

continuamos con el baño con bañera muy cómodo.

Luego la habitación principal, amplia, incluye placard.

subiendo por escalera en un entrepiso, un pequeño lavadero, cuenta con instalacion para lavarropas.

y por otro lado tenemos la segunda habitación muy amplia con luz natural y ventana a la avenida.

y por ultimo, la terraza de amplias medidas que cuenta con un pequeño quincho.



Estratégicamente situado en el limite de Pompeya y Parque Chacabuco, sobre Avenida Daract y Avenida Cobo, zona comercial, el ph garantiza una conectividad excepcional, con acceso inmediato a transporte público a múltiples líneas de colectivos.


Características destacadas:
- Superficie total: 122 m²
- Superficie cubierta 74 m²
- Superficie descubierta 48 m²
- 4 ambientes
- 2 habitaciones
- Baño completo
- Cocina equipada
- Living comedor
- lavadero
- Quincho
- Terraza
- Excelente ubicación

Una oportunidad única para quienes buscan vivir con estilo en uno de los barrios más dinámicos de Capital Federal.

Los metros reales podrian diferir de la escritura traslativa de dominio.",,36.0,False,Electricidad | Agua | Gas | Desague Cloacal | Dormitorio | Comedor | Baño | Cocina | Living | Terraza | Lavadero | Quincho | Living/Comedor,USD,85000.0,ARS,0.0,696.72,1148.65,4,2,1,122.0,74.0,Avenida Daract 2000,Nueva Pompeya,"Nueva Pompeya, Capital Federal",-34.64184,-58.4309479,active,420691192-3,https://www.remax.com.ar/listings/venta-ph-4-ambientes-pompeya
611894,ebd50a19-fd38-4d91-8720-f518feed3156,sale,departamento_semipiso,DEPARTAMENTO 3 AMB CABALLITO APTO CREDITO PERMUTA,"DEPARTAMENTO 3 AMBIENTES EN CABALLITO NORTE, FRENTE A PLAZA IRLANDA. APTO CRÉDITO!!

Excelente ubicación. A 50 mts de Av. Tte General Donato Alvarez. A 350 mts de Bocayá. A 200 mts de Gaona.

Cocina y Living Comedor integrados con Balcón Terraza al frente.
Habitación principal con Baño en Suite.
Baño completo.
Balcón de 10 M2.
Terraza común con Parrilla, con vista abierta al frente.

IMPECABLE!!!

EDIFICIO CON ACCESIBILIDAD PARA PERSONAS CON MOVILIDAD REDUCIDA.
SEGURIDAD.

Bauleras Opcionales disponibles.

PERMUTA POR CASA EN BARRIO CERRADO ZONA NORTE


",,6.0,True,Dormitorio | Baño | Placard | Balcón | Cocina/Comedor | Living/Comedor,USD,179000.0,ARS,190000.0,2373.72,2740.52,3,2,2,75.409,65.316,Neuquen 1800,Caballito Norte,"Caballito Norte, Caballito, Capital Federal",-34.616022891795,-58.458942175021,active,421251023-187,https://www.remax.com.ar/listings/departamento-3-amb-caballito-apto-credito-permuta
603074,f7c48298-e318-427a-b3a0-383827ccefa4,sale,terrenos_y_lotes,VENTA LOTE GRAN POTENCIAL EN VILLA DEL PARQUE,"VENTA LOTE EN VILLA DEL PARQUE CON GRAN POTENCIAL DE DESARROLLO

Lote ubicado sobre San Nicolás al 1900, en el barrio de Villa del Parque, a pasos de Villa Devoto. Se destaca por su excelente ubicación y el gran potencial que ofrece para proyectos de desarrollo, inversión o construcción.

Actualmente, el terreno cuenta con una casa multifamiliar y dos departamentos al fondo, presentando una excelente oportunidad para quienes buscan un lote en una de las zonas de mayor crecimiento y demanda de la Ciudad.

Su versatilidad permite evaluar distintos tipos de emprendimientos, aprovechando una ubicación estratégica con excelente conectividad y cercanía a importantes avenidas.

Superficies:
* 250 m² cubiertos
* 50 m² semicubiertos
* 50 m² descubiertos
* 350 m² totales

Excelente ubicación en Villa del Parque, a pasos de Villa Devoto, con rápido acceso a Av. San Martín y Av. Beiró, cercana a comercios, espacios verdes y múltiples líneas de colectivo.

Ideal para desarrolladores, inversores o quienes buscan un lote con gran potencial en una ubicación estratégica.

*Las medidas son aproximadas y las definitivas surgirán del título de propiedad correspondiente.*
",,56.0,True,Dormitorio | Comedor | Jardín | Baño | Cocina | Living | Patio | Terraza | Lavadero | Cocina/Comedor,USD,335000.0,ARS,0.0,957.14,1340.0,8,5,4,350.0,250.0,San Nicolás 1900,Villa Santa Rita,"Villa Santa Rita, Capital Federal",-34.6152465,-58.4929792,active,421581078-120,https://www.remax.com.ar/listings/venta-lote-gran-potencial-en-villa-del-parque-1
621505,45888eeb-019e-4564-b5e6-5d6750b6ffee,sale,ph,VENTA PH 4 AMB APTO CREDITO ALMAGRO PATIO COCHERA,"VENTA PH 4 AMBIENTES CON COCHERA EN ALMAGRO, CAPITAL FEDERAL

Propiedad única en Almagro, ubicada sobre calle Venezuela, con una superficie total de 150 m² que combina diseño moderno y funcionalidad. Construido en 2018, este PH de tres niveles representa una inversión inmobiliaria de alto valor.

La distribución incluye 4 ambientes con 3 dormitorios, 2 baños completos, optimizando cada espacio con una distribución inteligente. La propiedad cuenta con 124 m² cubiertos, 6 m² semicubiertos y 20 m² descubiertos.

Equipamiento de primer nivel con carpinterías de PVC con doble vidrio hermético, pisos de madera natural y electrodomésticos de alta gama. La cocina el lavadero y el patio presentan detalles premium como parrilla y horno a leña en acero inoxidable. Todos los ambientes disponen de aire acondicionado y calefacción por caldera dual de última generación.

Espacios diferenciales incluyen un atelier, altillo, patio integrado al living, terraza exclusiva con jacuzzi y cochera propia cubierta. La luminosidad y el silencio son características distintivas del inmueble.

Ideal para quienes valoran diseño, confort y ubicación estratégica en uno de los barrios más tradicionales de Buenos Aires.",,8.0,False,,USD,300000.0,ARS,60000.0,2005.08,2426.4,4,3,2,149.62,123.64,Venezuela 4200,Almagro,"Almagro, Capital Federal",-34.6177838,-58.4246992,reserved,420141050-300,https://www.remax.com.ar/listings/venta-ph-4-amb-apto-credito-almagro-patio-cochera
659296,6a59d9c8-1714-4ee3-a4dd-e008e4fcbce4,sale,departamento_estandar,Venta 2 amb con Patio,"2 ambientes en planta baja con Patio

Cómodo y funcional departamento de 2 ambientes en planta baja, con el gran plus de contar con patio propio, ideal para disfrutar de un espacio al aire libre.

La propiedad ofrece un living, cocina integrada, dormitorio y baño completo. 
El patio aporta luminosidad y ventilación, además de un espacio versátil para armar un sector verde.

Una excelente oportunidad para quienes buscan la comodidad de una planta baja y el diferencial de contar con espacio exterior propio.

¡Consultanos para conocerlo!


-----------------NO NECESITA RE-UBICACION-------------------


EXCLUSIVO CLIENTES REMAX FINANCIACIÓN 30%
INGRESÁ A LENDAR Y SIMULÁ TU CRÉDITO.

Los metros aqui publicados son aproximados. Los reales surgen de la escritura. Esta publicidad respeta lo establecido en el art. 4 y 8 de la ley 24.240



En cumplimiento de las leyes provinciales vigentes que regulan el corretaje inmobiliario, Ley Nacional 25.028, Ley 22.802 de Lealtad Comercial, Ley 24.240 de Defensa al Consumidor, las normas del Código Civil y Comercial de la Nación y Constitucionales, los agentes NO ejercen el corretaje inmobiliario. Todas las operaciones inmobiliarias son objeto de intermediación y conclusión por parte de los martilleros y corredores colegiados, cuyos datos se exhiben debajo del nombre de la inmobiliaria.",,46.0,True,Electricidad | Agua | Gas | Internet | Teléfono | Desague Cloacal | Televisión por Cable | Televisión Satelital | Agua Corriente | Ascensor | Dormitorio | Baño | Cocina | Living | Patio | Lavadero | Placard | Cocina/Comedor,USD,68000.0,ARS,130000.0,1511.11,1511.11,2,1,1,45.0,45.0,Avenida de los Corrales 6700,Mataderos,"Mataderos, Capital Federal",-34.6642292,-58.5019723,active,420251309-267,https://www.remax.com.ar/listings/venta-2-amb-con-patio
604231,484ee5de-8fc2-4833-a129-79bc3ad0e664,sale,departamento_estandar,VTA depto 3 amb Villa Luro balcón frente APTO CRED,"VENTA departamento 3 ambientes en Villa Luro con balcón al frente APTO CREDITO

Te presentamos esta unidad de 3 ambientes, ubicado en un tercer piso por escalera.
Con 60,63 m² totales, la propiedad se destaca por su excelente distribución, su gran luminosidad y una vista abierta al frente sobre un entorno de chalets de baja altura, que garantiza sol, aire y una visual despejada.

La cocina y el baño fueron reciclados y se encuentran en muy buen estado.

El living-comedor, amplio y luminoso, se conecta al  balcón al frente, ideal para disfrutar del cielo abierto y del entorno residencial.

Uno de los grandes diferenciales de esta propiedad es ser la única unidad del piso. 

Características

APTO CREDITO

 -3 ambientes
 -2 dormitorios
 -Living-comedor con salida al balcón
 -Cocina independiente
 -Baño completo reciclado
 -Balcón al frente
 -Terraza de uso común
 -Vista abierta
 -Muy luminoso

 Expensas bajas. Sin encargado.
 Edificio de excelente calidad constructiva.

Ubicación

Ubicado sobre Basualdo 100, en una de las zonas con mayor crecimiento de Villa Luro, a media cuadra del Boulevard Ramón Falcón y una cuadra y media de Av. Rivadavia, zona reconocida por su amplia propuesta gastronómica, cafeterías y comercios. Excelente conectividad mediante numerosas líneas de colectivo, cercanía a la estación Villa Luro del Ferrocarril Sarmiento y rápido acceso a las principales avenidas de la ciudad.
Transportes Cercanos
Colectivos:	1, 2, 8, 46, 47, 53, 57, 86, 88, 96, 104, 136, 163, 182, 195
Datos útiles
Barrio:	Villa Luro
Comuna:	Comuna 10
Área Hospitalaria:	HTAL. DR. F. SANTOJANNI

Tu próximo hogar te espera. Descubre el potencial de vivir en Villa Luro.

Las medidas son estimativas, los datos definitivos se establecerán en la escritura traslativa de dominio. Propiedad con potencial de inversión y excelente ubicación.

Asesoramiento inmobiliario disponible. Consulté por opciones de financiamiento y créditos hipotecarios.

Ahora Es buen momento de Vender y comprar.
¿Querés asesoramiento inmobiliario? CONSULTANOS

Contamos con una línea de créditos Lendar exclusiva para nuestros clientes Remax,
Podés contar con esa pequeña diferencia de dinero que te falta
Accedé a un préstamo por el 30% del valor de esta propiedad.
Asesorate y calculá la cuota ON LINE


Una propiedad ideal para quienes buscan vivir con privacidad, excelente luminosidad, una vista que no perderán con el paso del tiempo y la comodidad de estar en una de las zonas más buscadas de Villa Luro.

¡Escribinos y coordinemos una visita!",,51.0,True,Electricidad | Agua | Gas | Desague Cloacal | Agua Corriente | Dormitorio | Baño | Cocina | Living | Terraza | Placard | Orientación Oeste | Disposición Frente | Balcón | Permite Mascotas,USD,103000.0,ARS,90000.0,1698.83,1907.76,3,2,1,60.63,53.99,Basualdo 100,Villa Luro,"Villa Luro, Capital Federal",-34.6397104,-58.5050017,active,420621053-163,https://www.remax.com.ar/listings/vta-depto-3-amb-villa-luro-balcon-frente-apto-cred
641803,3e764c05-f45f-4b94-a35c-3a544ed6aed9,sale,departamento_estandar,"VENTA 3 AMB CON DEPENDENCIA, JARDIN Y QUINCHO","Departamento 3 ambientes con dependencia, jardín y quincho con parrilla en Caballito.

Descubrí una propiedad verdaderamente única en el corazón de Caballito. Un departamento que combina la comodidad y seguridad de un edificio con el encanto y los espacios verdes de una casa.
Desarrollado íntegramente en una sola planta, ofrece ambientes amplios, excelente calidad constructiva y detalles que marcan la diferencia.

Al ingresar, un pasillo distribuidor conduce hacia los distintos espacios. A la derecha se encuentra una cocina amplia y luminosa, con espacio para comedor diario y vista al patio. Cuenta con alacenas y bajo mesadas de generosa capacidad de guardado, anafe y horno empotrado en altura. 

Los ambientes de cocina y baño principal fueron reciclados a nuevo en 2009, y la propiedad ha sido mantenida y actualizada progresivamente desde entonces.

El living es cómodo y luminoso, con grandes ventanales que se abren hacia el jardín, pisos de mármol y luminarias embutidas en cielorraso, generando un ambiente elegante y acogedor.

Dispone de:
• 2 dormitorios con placares de piso a techo y pisos de madera parquet.
• 1 baño completo con ducha y mampara de vidrio.
• 1 toilette de recepción.
• Dependencia de servicio con placard y baño privado con ducha.
• Patio con lavadero semicubierto.

El gran diferencial de esta propiedad es su espectacular jardín privado: un verdadero oasis verde en plena ciudad. El quincho con parrilla, se transforma en el corazón social de la propiedad. Imagina tardes de encuentros familiares, asados memorables con amigos y momentos que se convierten en recuerdos. Además, el quincho cuenta con cocina, espacio de mesada con pileta y toilette. Disfruta del aire libre sin salir de casa!

Ubicado sobre Ramón Falcón, entre Curapaligüe y Malvinas Argentinas, ofrece excelente conectividad hacia las Avenidas Pedro Goyena, Alberdi y Rivadavia, con múltiples comercios, propuestas gastronómicas y medios de transporte. A pocos minutos del pulmón verde de la zona: el hermoso Parque Chacabuco.

Una propiedad ideal para quienes buscan amplitud, verde y calidad de vida en una de las mejores zonas de la ciudad.

La unidad ofrece ademas Baulera en subsuelo y es APTO PROFESIONAL según reglamento.
Coordina tu visita hoy! 

Venta sujeta a reubicación de la parte vendedora.
",,32.0,False,Jardín | Patio | Lavadero | Quincho | Habitación de Servicio,USD,260000.0,ARS,450000.0,1100.81,2775.7,3,2,3,236.19,93.67,Coronel Ramón Lorenzo Falcón 1600,Caballito,"Caballito, Capital Federal",-34.626577728144,-58.452646136611,active,420261112-156,https://www.remax.com.ar/listings/venta-3-amb-con-dependencia-jardin-y-quincho
649065,9a0d4652-768d-4277-bce5-39327cd35dc1,sale,departamento_estandar,MONOAMBIENTE EN VENTA RECOLETA RODRIGUEZ PEÑ,"MONOAMBIENTE EN VENTA RECOLETA RODRIGUEZ PEÑA BARRIO NORTE

Departamento monoambiente ubicado en la zona de Rodríguez Peña, en el corazón de Recoleta. Se trata de una unidad compacta de 17 m² construidos, situada en el quinto piso de un edificio de once niveles. El inmueble data del año 1980 y presenta distribución funcional con un ambiente principal que integra la habitación, más un baño completo. 

La propiedad se encuentra para refaccionar, ofreciendo una excelente oportunidad para renovar, modernizar y aprovechar al máximo cada metro cuadrado de acuerdo con las necesidades y el proyecto del comprador. Su ubicación estratégica sobre Rodríguez Peña ofrece excelente conectividad con transporte público, contando con acceso a las líneas de colectivos 10, 17, 37, 39, 59, 60, 75, 101, 102, 106, 108, 110, 111, 124, 150 y 152.

La zona se caracteriza por su infraestructura completa. Está próximo al Hospital J.A. Fernández, pertenece a la Comuna 2 de la Ciudad Autónoma de Buenos Aires, con cobertura de la Comisaría Comunal 2 y Comisaría Vecinal 2A. El código postal es 1021 y se encuentra dentro del Distrito Escolar I.

Recoleta es uno de los barrios más consolidados de la ciudad, con amplia oferta de servicios, comercios, gastronomía y espacios verdes. Esta propiedad representa una alternativa accesible para inversores o personas que buscan una base en una ubicación privilegiada de Barrio Norte.",,46.0,False,,USD,45900.0,ARS,150000.0,2695.24,2695.24,1,1,1,17.03,17.03,Rodríguez Peña 1500,Barrio Norte,"Barrio Norte, Capital Federal",-34.5917517,-58.390098,active,221199-41,https://www.remax.com.ar/listings/monoambiente-en-venta-recoleta-rodriguez-pen
608258,01e09534-fd9d-44a7-b165-6d3a2cc274f3,sale,departamento_estandar,VENTA DEPARTAMENTO DOS AMBIENTES SAAVEDRA BALCON,"IMPECABLE Y MUY LUMINOSO DOS AMBIENTES AL FRENTE EN LA ZONA MÁS BUSCADA DE SAAVEDRA

***PRIMERA ESCRITURA*** Listo para escriturar YA.

Dos ambientes amplios, llenos de sol, con una excelente distribución, cocina integrada y baño completo.

Disposición al frente con un balcón corrido de muy lindo tamaño y con vista a los árboles. 

En un edificio de solo 8 años de antigüedad, esta unidad se destaca por su luminosidad, por su estado impecable, por el sol que ingresa en cada uno de los ambientes según el horario, y por la zona, que día a día se perfila como un nuevo polo gastronómico manteniendo su impronta residencial y tranquila pero gran proyección y con cómodo acceso a los medios de transporte. 

Edificio construido en 2018, con plantas muy funcionales y a metros del Parque Saavedra con salida rápida y fácil de la ciudad.

Servicios individuales: aire acondicionado y calefón. 

Expensas bajas: $239000

*ACLARACION: Las fotos del living, dormitorio y balcón que están amobladas fueron generadas con Inteligencia Artificial para que se puedan imaginar cómo podría quedar. Son 4. El resto son fotos de la realidad actual. 

",,8.0,False,Dormitorio | Living | Balcón,USD,129000.0,ARS,178000.0,2577.42,2892.38,2,1,1,50.05,44.6,Ruiz Huidobro 3000,Saavedra,"Saavedra, Capital Federal",-34.5466584,-58.4783045,negotiation,181221-334,https://www.remax.com.ar/listings/venta-departamento-dos-ambientes-saavedra-balcon
653090,4ddfd754-cbde-4da2-9236-83f4cd0c5da6,sale,departamento_estandar,DEPARTAMENTO 3 AMBIENTES VENTA BARRIO OLIMPICO,"DEPARTAMENTO 3 AMBIENTES EN VENTA - VILLA LUGANO - CAPITAL FEDERAL

Departamento de 81 m² ubicado en el tercer piso sobre Avenida Escalada en Villa Lugano, construido en 2019 con excelente estado general. La propiedad ofrece una distribución funcional de 72 m² cubiertos y 9 m² semicubiertos, diseñados para brindar confort y amplitud.

El interior presenta un living comedor luminoso con cocina integrada y salida al balcón, permitiendo una distribución espaciosa y moderna. Por el hall de distribución se accede a dos dormitorios amplios, uno de ellos con baño en suite y vestidor, complementados por un segundo baño completo.

El departamento se encuentra en un barrio consolidado con importante desarrollo comercial, que incluye locales como gimnasios, heladerías, pizzerías y peluquerías, ofreciendo comodidad y servicios cercanos.

Sus características destacan por una excelente ventilación natural, luminosidad y distribución racional de los espacios. La propiedad representa una oportunidad de inversión en una zona en constante crecimiento de Villa Lugano.

Contacte para más información y coordinar una visita.",,7.0,False,,USD,123000.0,ARS,150000.0,1518.52,1708.33,3,2,2,81.0,72.0,Avenida Escalada 4500,Villa Lugano,"Villa Lugano, Capital Federal",-34.675294620512,-58.455846011639,active,421361047-102,https://www.remax.com.ar/listings/departamento-3-ambientes-venta-barrio-olimpico-1
648834,8eba95b6-aee7-43b6-bfcf-997aeac99e38,sale,departamento_estandar,VENTA DEPTO 3 AMB VILLA DEL PARQUE BALCON /BAULERA,"Excelente departamento de 3 ambientes, ubicado en el 4.º piso, contrafrente, en una zona tradicional y residencial de Villa del Parque.

La unidad cuenta con 60 m² totales y una distribución cómoda y funcional.

Al ingresar encontramos un amplio living comedor con salida al balcón super luminoso, que ofrece un agradable espacio exterior y, al tratarse de un contrafrente, permite disfrutar de un ambiente más tranquilo, alejado del movimiento de la avenida.

Dispone de dos dormitorios ambos con placares, cocina independiente y un práctico placard de grandes dimensiones en el pasillo de distribución, que brinda una excelente capacidad de guardado.

Además, la propiedad cuenta con baulera, un diferencial muy valorado y que suma funcionalidad a la unidad.

Ubicado sobre Av. Nazca 3300, en una zona consolidada que combina la tranquilidad de un barrio residencial con la comodidad de tener todo al alcance.

Características destacadas:

- 3 ambientes
- 60 m² totales
- 2 dormitorios con placard 
- Balcón
- 4.º piso
- Contrafrente
- Cocina independiente
- Gran placard en pasillo
- Baulera
- Excelente ubicación
- Doble Terraza de uso comun
- Parque en la planta baja del edificio.

En las inmediaciones se encuentra una amplia variedad de comercios, supermercados, bancos, colegios, restaurantes, cafés y servicios, además de importantes vías de acceso y múltiples opciones de transporte.

La cercanía a la Estación Villa del Parque del Ferrocarril San Martín permite una conexión ágil con distintos puntos de la Ciudad, mientras que las avenidas Nazca, San Martín, Álvarez Jonte y Francisco Beiró ofrecen excelentes alternativas de circulación.

Una propiedad cómoda, funcional y con excelentes espacios de guardado, ideal para quienes buscan vivir en Villa del Parque con la comodidad de tener todo cerca.",,56.0,False,Baulera | Permite Mascotas,USD,130000.0,ARS,150000.0,2158.39,2203.39,3,2,1,60.23,59.0,Avenida Nazca 3300,Villa del Parque,"Villa del Parque, Capital Federal",-34.5980636,-58.4923989,active,421531118-43,https://www.remax.com.ar/listings/venta-depto-3-amb-villa-del-parque-balcon-baulera
600672,48397377-46a0-422c-9b7f-2a7eaa55620c,sale,departamento_duplex,DEPTO DUPLEX VENTA CON TERRAZA BALVANERA POZO,"

UNO Balvanera | Una nueva forma de vivir, trabajar e invertir

FOTOGRAFIA: 

RENDERS 

OBRA JUNIO / JULIO 2026

UNIDAD MODELO 

Descubrí UNO Balvanera, un desarrollo de usos mixtos pensado para quienes buscan combinar diseño, funcionalidad y una ubicación estratégica en el corazón de la Ciudad de Buenos Aires. Ubicado sobre Moreno 2933, a solo 50 metros de la renovada Plaza Manzana 66, este proyecto se encuentra en un barrio con excelente conectividad, rodeado de universidades, centros de salud, edificios históricos, espacios verdes y una amplia red de transporte.

UF 801 planta 8 - sup cubierta 60,22 m2 - 12,78 m2 terraza - totales 73 m2

El edificio ofrece unidades desde 28 m², ideales tanto para vivienda como para uso profesional o inversión. Cada espacio fue diseñado con materiales de calidad y equipamiento moderno: carpinterías con doble vidrio laminado, pisos vinílicos, iluminación LED de bajo consumo, aire acondicionado individual, agua caliente central y cocinas y baños completamente equipados.

UNO Balvanera redefine el concepto de calidad de vida gracias a sus exclusivos amenities: piscina, solárium, jardines y espacios verdes, terraza con techo verde, huerta urbana, SUM, gimnasio, laboratorio de café, lavadero, bicicleteros, taller con herramientas, WiFi en áreas comunes y seguridad con monitoreo CCTV y control de accesos las 24 horas.

Además, el proyecto cuenta con 10 pisos, 2 subsuelos, 85 cocheras y 3 locales comerciales, convirtiéndose en una excelente oportunidad para quienes buscan una inversión con gran potencial de valorización o un espacio moderno para vivir y trabajar.

Invertí en un proyecto que combina ubicación, diseño, servicios y una visión innovadora del futuro urbano.

ANTICIPO 30% AL BOLETO Y HASTA 36 CUOTAS PESOS AJUSTADAS POR INDICE CAC

TRANSPORTES PUBLICOS CERCANOS

2, 84, 103, 115, 118, 188 ",,0.0,False,Electricidad | Agua | Desague Cloacal | Gimnasio | Pileta | Ascensor | Salón de usos múltiples - SUM | Dormitorio | Comedor | Baño | Cocina | Living | Terraza | Parrilla | Balcón | Pileta | Cocina/Comedor | Solarium | Apto Turístico,USD,192320.0,ARS,0.0,2634.52,3193.62,2,1,1,73.0,60.22,Moreno 2900,Balvanera,"Balvanera, Capital Federal",-34.6135557,-58.4072546,active,422001019-202,https://www.remax.com.ar/listings/depto-duplex-venta-con-terraza-balvanera-pozo
615938,5f6d58b9-ac17-4368-bb0e-cda90654015c,sale,ph,PH LOCAL DE 4 AMBIENTES EN PALERMO,"PH  LOCAL EN VENTA EN PALERMO, CAPITAL FEDERAL, 4  AMBIENTES, 2 DORMITORIOS, 2 BAÑOS
SIN EXPENSAS

Propiedad única ubicada sobre Avenida Córdoba en Palermo, distribuida en 4 ambientes estratégicamente diseñados para maximizar funcionalidad y confort. Este PH ha sido completamente reciclado con instalaciones eléctricas y de agua renovadas, transformando un anterior local comercial en una vivienda moderna y eficiente.

La propiedad cuenta con doble entrada y hall de recepción con vidrio doble DVH, configuración de alta gama que garantiza privacidad, aislamiento térmico y acústico superior. El acceso directo a la vivienda facilita la circulación y seguridad.

El sistema inteligente integrado permite regulación automática de iluminación y climatización mediante aire acondicionado frío-calor en los principales ambientes. La seguridad está cubierta con cámaras, alarma, timbre con video .La gestión inteligente de energía optimiza el consumo de electrodomésticos.

La planta baja presenta un amplio living luminoso integrado con comedor y cocina abierta. La cocina cuenta con anafe y horno eléctrico, lavavajilla empotrado en bajo mesada, grifería alemana Hansgrohe y pisos flotantes de 10 mm. El baño completo de esta planta dispone de grifería de primera calidad, pisos y revestimiento en porcelanato.

El primer piso alberga un segundo living o sala de estar con acceso directo al patio con cerramiento vidriado. Un escritorio o segundo dormitorio con ventanales amplios y luminosos completa este nivel, con vista al patio. Por pasarela se accede al dormitorio principal con baño en suite y aire acondicionado frío-calor.

El subsuelo ofrece un versátil living, playroom o zona de recreación, entretenimiento y estudio.

El hermoso patio incluye pequeña parrilla, ideal para disfrutar del espacio exterior. La propiedad permite mascotas y cuenta con servicios de electricidad, internet y desagüe cloacal.

Construcción de 1976 en estado excelente, completamente refaccionada y lista para habitar

Superficie Cubierta 79,7 m²
Superficie semicubierta 17,5m²
Patio 2,95 x 3,38

Llámanos y coordina una vista a este hermoso PH
",,50.0,False,Electricidad | Internet | Desague Cloacal | Alarma | Agua Corriente | Aire Acondicionado | Portón Automático | Recepción | Dormitorio | Comedor | Baño | Cocina | Living | Patio | Estudio | Disposición Frente | Toilet | Sótano | Permite Mascotas,USD,279000.0,ARS,0.0,2870.37,3500.63,4,2,2,97.2,79.7,Avenida Córdoba 5800,Palermo,"Palermo, Capital Federal",-34.5860341,-58.4428188,active,420671156-8,https://www.remax.com.ar/listings/ph-local-de-4-ambientes-en-palermo
510427,f29d5fa1-9c8d-4270-bf97-ae6c35832606,sale,ph,VENTA PH 2 AMB EN PARQUE AVELLANEDA CON TERRAZA,"PH 2 AMBIENTES UBICADO EN PARQUE AVELLANEDA CON TERRAZA PROPIA

- LA UNIDAD SE ENCUENTRA EN PRIMER PISO POR ESCALERA, CUENTA CON AMPLIA COCINA-COMEDOR CON BUENA ILUMINACION Y SALIDA QUE CONECTA HACIA LA TERRAZA.

- UNA HABITACION CON PLACARD INTEGRADO.

- BAÑO COMPLETO CON BAÑERA.

- AMPLIA TERRAZA.

- APTO CREDITO, PRIMERA ESCRITURA.

Transportes Cercanos
Colectivos:	4, 7, 46, 50, 56, 86, 97, 101, 103, 114, 141, 180
Barrio: Parque Avellaneda
Comuna: Comuna 9
Área Hospitalaria: HTAL. DR. P. PIÑERO
Comisaría Comunal: 9
Comisaría Vecinal: 9C
Distrito Escolar: Distrito Escolar XI
Código Postal: 1407
Código Postal Argentino: C1407JXQ
Latitud/Longitud: -34.644440, -58.471533

BENEFICIO PARA CLIENTES
Si te falta hasta un 30% del valor de esta propiedad, te ofrecemos solicitar un préstamo a través de Lendar, servicio exclusivo para clientes RE/MAX. Hace la simulación de tu cuota a través del simulador que se encuentra en la web Lendar.",,1.0,True,Dormitorio | Baño | Terraza | Balcón | Cocina/Comedor,USD,85000.0,ARS,50000.0,899.57,1941.08,2,1,1,94.49,43.79,Martinez Castro 1000,Parque Avellaneda,"Parque Avellaneda, Capital Federal",-34.644178521469,-58.471959115122,reserved,420261224-34,https://www.remax.com.ar/listings/venta-ph-2-amb-en-parque-avellaneda-con-terraza
627623,ce192a20-01ec-4a46-971f-fabb487db005,sale,departamento_monoambiente,Venta monoambiente Bartolomé Mitre 1700 CABA,"
Amplio y versátil monoambiente, con una superficie total de 122 m², que se caracteriza por sus generosas dimensiones y su excelente potencial.
La propiedad cuenta con un amplio ambiente principal, adaptable a diferentes usos , y dispone de dos baños, brindando mayor funcionalidad y comodidad.
Uno de sus principales atributos son sus dos patios internos, que aportan ventilación y permiten generar sectores diferenciados dentro de la unidad, otorgándole amplitud y posibilidades de distribución.
Cuenta además con aire acondicionado centralizado, facilitando la climatización integral del espacio.
El acceso es mediante escalera  de fácil acceso, que nos conduce al subsuelo, donde se encuentra la unidad funcional. 
Por sus características, superficie y distribución, se presenta como una propiedad con gran potencial para vivienda, uso profesional, comercial, estudio, oficina, atelier, showroom u otros destinos, sujeto a normativa vigente del reglamento de copropiedad.

TRANSPORTE
- Líneas de colectivo 37, 60, 105, 150 y 151, las líneas de subte A, B y D, y las líneas de tren Mitre y Sarmiento Colectivos 37/ 60/ 105/ 150/ 151.
Subtes Línea A, Línea B, Línea D, Trenes Línea Mitre / Línea Sarmiento.

COLEGIOS / UNIVERSIDADES
- Colegios e Institutos:  Instituto Santa Rosa A-27: Nivel inicial, primario y secundario en Bartolomé Mitre 1655.Colegio La Salle Buenos Aires: Nivel primario y secundario en Riobamba 650.Colegio Los Robles sede Centro: Nivel educativo en Av. Belgrano 1548.Colegio San José: Ubicado en Azcuénaga 158.

- Universidades e Institutos Superiores UNA - Crítica de Artes: Sede universitaria en Bartolomé Mitre 1869.: Sede en Tte. Gral. Juan Domingo Perón 1710. Universidad Kennedy: Sede central cercana en Bartolomé Mitre 1411 .ISPM (Instituto Superior Perito Moreno). La sede principal de la UADE (Campus Buenos Aires) está ubicada en Lima 757, a unas 10 o 15 cuadras. Universidad del Salvador (USAL). 


¡Consultanos para coordinar una visita y conocer todo el potencial de esta propiedad!",,39.0,False,Cocina | Patio | Estudio | Otro,USD,75000.0,ARS,620000.0,612.24,728.16,1,0,2,122.5,103.0,Bartolomé Mitre 1700,San Nicolás,"San Nicolás, Capital Federal",-34.6078916,-58.3915745,active,421531185-139,https://www.remax.com.ar/listings/venta-monoambiente-bartolome-mitre-1700-caba
557626,41efbbe3-29aa-4548-a03d-5d10b110be20,sale,casa,Venta Casa Lote Propio Cochera Terraza Villa Real,"CASA EN VENTA EN LOTE PROPIO – VILLA REAL – APTO CRÉDITO 
 
Excelente oportunidad en uno de los barrios más buscados de la ciudad. Ubicada en un pasaje súper tranquilo y silencioso, esta propiedad se desarrolla en cuatro plantas en desniveles, lo que le da una dinámica muy cómoda y funcional.

Al ingreso, la propiedad cuenta con cochera para dos autos, con acceso independiente de la vivienda.

PLANTA BAJA:
En la planta baja encontramos un espacio de guardado bajo escalera, una habitación, patio interno y una cocina (actualmente en desuso) con toilette. Este nivel ofrece la posibilidad de generar una unidad independiente o sectorizar un espacio tipo departamento.

SIGUIENTE NIVEL:
En el siguiente nivel se desarrolla una amplia y luminosa cocina comedor, con gran capacidad de guardado gracias a sus alacenas y bajo mesada, además de una práctica mesa desayunadora. En esta planta también se encuentra un segundo baño y un living de generosas dimensiones, ideal para disfrutar en familia.

ULTIMO NIVEL Y TERRAZA:
En el nivel superior se ubican dos habitaciones cómodas, ambas con placard empotrado, y un baño completo. En la última planta se encuentra el lavadero y el acceso a una gran terraza descubierta con parrilla, perfecta para reuniones y momentos al aire libre.

Todos los ambientes se destacan por su excelente luminosidad. La propiedad cuenta con gas, electricidad y todos los servicios en funcionamiento.

Ubicación estratégica, con cercanía a avenidas principales, múltiples líneas de colectivos, fácil acceso a Av. General Paz y gran variedad de comercios en la zona.

*** APTO CRÉDITO ***

Si querés conocerla, escribinos y coordinamos una visita. Contactanos junto al equipo de RE/MAX Energy, lo vamos a hacer posible.",,56.0,True,Electricidad | Agua | Gas | Internet | Dormitorio | Baño | Cocina | Living | Patio | Terraza | Lavadero | Placard | Toilet | Habitación de Servicio,USD,250000.0,ARS,,806.45,1243.78,4,3,2,310.0,201.0,Pasaje Ottawa 2900,Villa Real,"Villa Real, Capital Federal",-34.613319,-58.5265461,active,421131108-140,https://www.remax.com.ar/listings/venta-casa-lote-propio-cochera-terraza-villa-real
